metro,year,emb_0,emb_1,emb_2,emb_3,emb_4,emb_5,emb_6,emb_7,emb_8,emb_9,emb_10,emb_11,emb_12,emb_13,emb_14,emb_15,emb_16,emb_17,emb_18,emb_19,emb_20,emb_21,emb_22,emb_23,emb_24,emb_25,emb_26,emb_27,emb_28,emb_29,emb_30,emb_31
atlanta,2013,2.2838259,2.157385,0.51264566,-0.82822394,1.193389,1.6593539,2.185238,2.2697182,0.24313633,0.66210973,1.8719538,-2.4963572,-0.78190243,2.016476,1.1396874,0.14785998,-0.50733125,-2.286112,0.7588667,-1.9360249,1.2679744,-1.3499913,0.06702986,1.7424507,-0.28178304,-2.818577,0.5552574,1.1003314,1.9984922,0.86184967,-0.41051227,0.60132617
atlanta,2014,1.8417286,1.7076612,-0.117941864,-1.2570382,0.19871812,1.2471032,1.005498,1.6021335,-0.25256675,0.5380588,0.7620461,-1.9696188,0.24483939,1.234397,0.8952689,-0.6253396,-0.26148805,-0.5165174,-0.058136526,-0.9826447,1.2992092,-0.0784818,-0.12617388,1.0493103,0.14763081,-1.5341272,-0.3049784,1.5585321,0.81588805,0.8472848,-0.53451204,0.34629402
atlanta,2015,1.3461455,1.2945653,-0.08057246,-0.94718707,0.117506266,0.8449939,0.49048457,1.302279,-0.71608305,0.6797744,0.51349354,-1.5923228,0.4298246,0.36626017,0.77037084,-0.57763803,-0.4557439,-0.18385312,-0.057365987,-0.4497227,0.6901755,0.19888633,0.22237395,0.88475025,0.3947266,-0.7078297,-0.12020829,1.2208657,0.046735264,0.62673366,-0.6142024,0.38586584
atlanta,2016,0.7543488,0.78118247,0.4337693,-1.8522718,-0.18912584,0.5243256,1.1359141,1.9602076,-0.21997549,-0.31995195,0.72025675,-1.6657506,0.44804698,0.51769745,0.01619001,-0.9668647,0.060487054,1.3098587,-0.0049507655,0.4309675,1.4840286,0.6336624,0.31705427,-0.08913103,0.11844493,-1.1282327,-1.4928621,0.6819073,0.043425865,1.4118732,0.030357525,0.3298505
atlanta,2017,0.524857,0.39621082,0.7167876,-1.7405807,-0.10014735,0.22851196,1.0368385,1.9305191,-0.4580108,-0.27867466,0.7329399,-1.4872003,0.34322077,0.2867665,-0.17291439,-0.876938,-0.14199463,1.3036321,0.011885997,0.6492014,1.300169,0.5709877,0.6064861,-0.2112861,0.15826175,-1.0009739,-1.3795321,0.3810888,-0.13185805,1.2975322,0.04903329,0.37233284
atlanta,2018,0.36634552,0.20605126,0.72133255,-0.51996887,0.48252726,0.09165292,0.37004143,1.2438871,-1.3453144,0.5271447,0.7305979,-1.2005937,0.14966537,-0.3891098,-0.0037073474,-0.029891253,-0.9415709,-0.11072543,0.42620254,0.21255888,-0.40033942,0.11587154,0.8177508,0.7026177,0.36644834,-0.3943085,0.13264176,-0.10147748,-0.6561316,0.70347935,-0.2522978,0.5224363
atlanta,2019,0.23239546,0.06569929,0.9138621,-0.5295379,0.4231012,0.096951045,0.28710058,1.4569091,-1.6422782,0.5323923,0.7259202,-1.3186451,0.22011264,-0.6275117,0.012077512,-0.010815531,-1.0248497,-0.023011003,0.61924845,0.314156,-0.6453345,0.21481878,0.947265,0.7338465,0.48195636,-0.2597722,0.1369514,-0.1842685,-0.921994,0.730851,-0.23353168,0.56432015
atlanta,2021,0.5275948,0.5734137,0.74592406,-0.2932681,0.6349821,0.5122671,0.43419322,1.6565461,-1.5524793,0.9064809,0.9679787,-1.5391184,0.09499942,-0.6056962,0.3664808,0.05323735,-1.1009814,-0.6964477,0.8964166,-0.013754297,-0.8958506,0.03658831,0.87816,1.0151168,0.53086257,-0.2867425,0.5267739,-0.07681071,-0.55857223,0.54214627,-0.5290138,0.8221273
atlanta,2022,0.087012015,-0.07333306,1.2743869,-0.9611337,-0.092780575,0.25955993,0.6644817,2.0504267,-1.8018699,0.26251945,0.9152252,-1.5428833,0.41787893,-0.86680317,-0.08473286,-0.12995753,-0.75902367,0.6592733,0.89617527,0.7075692,-0.40793723,0.44105884,0.9658319,0.37248993,0.5627576,-0.21978532,-0.6321444,-0.43141282,-1.08037,1.0730362,-0.08997014,0.51497614
atlanta,2023,-0.047985382,-0.06251424,1.3467517,-0.622604,0.49091333,0.38448513,1.2214499,1.8584452,-1.3062725,0.42086083,1.4475526,-1.4524205,-0.38449717,-0.40997165,-0.20219032,0.24793267,-0.98685825,-0.22937694,1.113467,0.6089709,-0.7983714,-0.26113117,1.0138739,0.52681243,0.22381014,-0.69111615,-0.3826195,-1.0914394,-0.3134862,0.89881015,0.007446319,0.9671174
austin,2013,0.85895634,0.07484621,0.71240616,-0.38305473,0.53144276,0.38660476,1.4060345,1.4980466,-0.17470078,-0.34512094,0.44254103,-1.5637206,-0.6759095,1.3504875,1.0687253,1.1223574,-0.13771716,-2.0282013,0.8218913,-1.3984151,-0.1342786,-0.90722495,-0.04900457,1.7007415,-0.88902545,-1.2033968,1.6274234,0.56989574,1.1024914,-0.3627656,0.65320414,0.05195282
austin,2014,0.3117844,-0.24649376,-0.07568527,-1.1505148,-1.0352559,-0.017040707,0.60083115,1.553363,-0.33624542,-0.9907472,-0.4638759,-1.4040768,0.44575977,0.8997346,0.35605958,0.11828348,0.8091848,0.4040959,-0.3635303,-0.39163,0.95730466,0.38197172,-0.7041211,0.11978492,-1.0927118,-0.39437804,-0.006704185,1.0113192,-0.29174393,0.52938986,0.6417985,-0.7457543
austin,2015,0.3391204,-0.16766629,0.07073032,-1.1494582,-1.1982787,-0.2925711,0.12813675,2.0855918,-1.3201972,-1.0693821,-0.64484996,-1.4766643,0.677202,0.312666,0.37115896,0.17398056,0.75529987,0.71262723,-0.18948326,-0.31270045,0.55114305,0.6847313,-0.45315513,0.12293744,-0.71012,0.26644826,0.38610944,0.9249036,-1.0709289,0.494827,0.3161483,-0.9941621
austin,2016,-0.23158596,-0.7044613,0.55022633,-0.5708733,-0.94176763,-0.21984005,0.59312207,1.3909717,-0.55839,-0.89857876,-0.18377794,-1.0447694,0.17078678,0.36501217,0.10891092,0.53663194,0.42842805,0.23537055,0.19506368,-0.040780675,0.089252815,0.063158795,-0.13880605,0.10170624,-0.7706748,-0.15987551,0.18728346,0.11797906,-0.4865833,0.2707824,0.5640954,-0.3516272
austin,2017,-0.22765368,-0.6959816,0.5735063,-0.6524254,-1.0527372,-0.21334654,0.626648,1.5638572,-0.63533455,-0.9940396,-0.18889894,-1.1138343,0.25588864,0.37417278,0.069522575,0.48604718,0.48528695,0.4062098,0.21030048,0.014350418,0.1626121,0.12979686,-0.15303762,-0.033516735,-0.775326,-0.12775342,0.111625314,0.117739804,-0.6040034,0.37731034,0.5496294,-0.3847714
austin,2018,-0.12002007,-0.5339165,0.50489384,-0.8057277,-1.2209696,-0.19164467,0.5462902,1.9192815,-1.0244155,-1.0846668,-0.27059844,-1.2700673,0.458161,0.22779316,0.08134803,0.38934767,0.58894867,0.73450273,0.2179721,0.04812767,0.22556421,0.39298567,-0.22982132,-0.14607203,-0.60230994,0.08348951,0.07082665,0.24822062,-0.9549526,0.5231335,0.38364422,-0.5492644
austin,2019,-0.08919986,-0.43916783,0.52249086,-0.7953344,-1.1954231,-0.14938655,0.40086704,2.0807092,-1.3765824,-1.0223614,-0.26981845,-1.3308454,0.5482546,-0.0054420903,0.095227525,0.3922211,0.5586179,0.8349046,0.32751602,0.08876157,0.038104326,0.5350054,-0.18549523,-0.060580507,-0.39763483,0.27607024,0.11512244,0.2814009,-1.2105689,0.58517325,0.21701983,-0.57873446
austin,2021,1.1973602,1.0452203,-0.012260146,-2.88946,-2.711696,0.75177956,0.9569504,4.247997,-2.3369713,-1.7452447,-1.1436975,-3.322143,2.2024546,0.55545944,0.9295841,-0.81420016,1.10928,2.5719662,-0.030984525,-0.34577316,1.6357087,2.0551162,-1.0254753,-0.30202186,-0.39892957,0.9313095,-0.56938493,2.4545856,-2.3362508,1.7302004,-0.05294004,-1.6294875
austin,2022,0.23664731,-0.20470038,0.8739551,-2.496783,-2.3033662,0.30018,1.6402245,3.9594827,-1.5314579,-1.9820336,-0.22060718,-2.5152009,1.3126457,0.5114846,0.014041917,-0.081350476,1.264915,2.701638,0.4881798,0.54095703,1.3328426,1.3780943,-0.5503044,-1.1278925,-0.73480374,0.24298751,-1.3212066,0.7122277,-1.4103396,1.5617691,0.576559,-0.79976654
austin,2023,-0.18562701,-0.16422462,0.4774278,-0.7784823,-1.1010946,0.5035364,0.8197977,1.9780703,-0.7893651,-0.76023424,0.16215645,-1.3133291,0.36000276,-0.26317137,0.17510308,0.47119662,0.59880674,0.8429072,0.93282217,0.49169478,-0.0021600202,0.320852,-0.079071224,-0.001021713,-0.20524827,0.18986824,-0.5919989,-0.09417426,-0.6313031,0.49323282,0.2118454,-0.10277333
boston,2013,0.967172,1.6363469,0.49442717,0.2105343,0.64360774,1.8811398,1.9328902,2.1464183,0.17831741,0.574044,2.0491726,-2.1601272,-0.9365901,-0.06906252,1.0848916,0.6770241,-0.06594888,-1.7245739,2.071948,-0.47990143,-0.42701596,-1.1610566,0.46744636,1.4345284,0.21094614,-1.4123545,0.39231247,-0.397138,1.0841136,0.444037,-0.2874623,1.5003265
boston,2014,0.3859193,0.93160266,0.54010165,-0.60704577,-0.01028049,1.4641232,1.621481,1.7045208,0.021973029,0.14966637,1.5508146,-1.7963371,-0.279102,-0.54687953,0.5556225,0.18311778,0.24185443,-0.067574844,1.5525317,0.43495023,0.013999186,-0.33503544,0.35107023,0.66074914,0.31668395,-0.9005313,-1.211546,-0.43897998,0.3464324,0.8385714,-0.0030225143,1.184737
boston,2015,0.24277215,0.8392435,0.5541013,-0.5162056,-0.20976974,1.2822084,1.0859802,1.9617815,-0.9194411,0.42517155,1.1347712,-1.7742888,0.24598162,-0.95493865,0.62152284,0.11763367,-0.049959876,0.1504177,1.4661719,0.52143914,-0.6353504,0.039800934,0.515246,0.7643887,0.7455951,-0.16408052,-0.83625275,-0.15284204,-0.3801333,0.6466737,-0.33409736,0.94158024
boston,2016,-0.09985384,0.3016818,1.0250071,-0.42953858,-0.17896925,1.1408002,1.5029137,2.2515657,-0.89698243,0.2992227,1.4806448,-1.7863405,-0.23834834,-0.81754327,0.33741602,0.47751394,-0.2492722,-0.099452645,1.8061193,0.75105166,-0.9926505,-0.3511059,0.71407235,0.658742,0.38102633,-0.4450416,-0.8461043,-1.04432,-0.22082624,0.7431419,-0.011267155,1.1039538
boston,2017,-0.07791518,0.31760728,1.0300516,-0.45189738,-0.18891788,1.116137,1.3785272,2.269982,-1.0921663,0.369097,1.3954588,-1.771018,-0.10675691,-0.894809,0.34733084,0.4080722,-0.3138304,-0.012707654,1.7481364,0.74378943,-1.0183182,-0.22058007,0.7319225,0.65921646,0.49587262,-0.33319134,-0.826891,-0.9183117,-0.36886108,0.7598452,-0.1080814,1.0437036
boston,2018,-0.09666513,0.28866744,1.1668525,-0.8154483,-0.48963875,1.0804217,1.1834967,2.4870148,-1.4994061,0.2633742,1.157909,-1.8098745,0.31915152,-1.1185747,0.2547015,0.16572392,-0.32445487,0.6283238,1.6428161,0.9282741,-0.7756641,0.24754646,0.7590251,0.45195904,0.70808685,-0.04156439,-1.1841109,-0.673527,-0.8288985,0.9717084,-0.19086516,0.71227276
boston,2019,-0.17371179,0.2131756,1.2952049,-0.47507924,-0.16470382,1.0909724,0.9988088,2.7204635,-1.9170166,0.58157194,1.2350186,-1.9149984,0.19758998,-1.1273645,0.45550564,0.38486212,-0.7230792,0.018108483,1.9776399,0.6992998,-1.5586684,0.08093366,0.9827783,0.9051457,0.8773037,0.014878631,-0.45069793,-0.7537716,-0.9080242,0.7868373,-0.37342125,0.97882974
boston,2021,1.1595737,1.9809631,0.89117616,-0.2678389,0.71578336,2.39551,0.26296812,4.1384697,-3.12127,2.0231705,1.5689486,-3.8715959,0.6927494,-1.7364986,2.6675448,0.21572891,-1.1716009,-2.3407843,2.624367,-0.7830695,-2.3390934,-0.02845443,1.0964777,2.7739239,1.5595711,0.07565233,1.7889327,1.1964906,-0.8263986,0.025524285,-1.630121,1.7050257
boston,2022,-0.13054462,0.6090888,1.4532719,-0.76141477,-0.62382966,2.0063338,2.1480055,3.395355,-1.1780965,0.30210185,1.9831775,-2.6527746,-0.05633299,-1.3890165,0.6107571,0.5709666,-0.10118648,0.1952529,2.8554912,1.118247,-1.3902457,-0.28964958,0.88132095,0.84813243,0.7853106,-0.3464489,-1.5855732,-1.3503574,-0.43800348,1.0997651,-0.111925066,1.4934366
boston,2023,-0.10667882,0.6945947,1.425508,-0.3690552,-0.31949186,1.9989069,2.111375,3.4833164,-1.3336306,0.5692331,2.0887597,-2.700592,-0.25835827,-1.3206671,0.7716513,0.74998105,-0.3565386,-0.45676592,2.962955,0.8877478,-1.8436775,-0.54237586,1.0166578,1.1986742,0.7808212,-0.39442736,-0.9269487,-1.4070184,-0.34181872,0.8564659,-0.2302793,1.6525095
charlotte,2013,1.9821023,1.6087514,0.03462752,-0.60686094,0.5329068,1.9355404,2.2574317,2.1786764,0.8052418,-0.010225054,1.2510542,-2.7425685,-0.82743573,1.7585572,1.993916,0.66856134,0.51684606,-2.5267727,1.2337458,-1.9812033,0.95073354,-1.2678757,-0.54042375,2.1294663,-0.9101472,-2.4161117,0.70866054,1.3109657,2.1515927,0.27267146,0.22782269,0.53168184
charlotte,2014,0.793382,0.73369104,-0.40015978,-0.8407836,-0.35569024,1.1332631,1.1589565,1.2063498,0.6779113,-0.5812022,0.23465407,-1.681399,-0.08093904,0.9236791,1.0210745,0.10385728,0.90197587,-0.35994256,0.48112774,-0.5737119,1.0361742,-0.12632534,-0.6973096,0.83875704,-0.79794395,-1.3120427,-0.62696433,0.9901087,0.76538193,0.5801705,0.48685196,0.09214119
charlotte,2015,0.54096556,0.54960835,-0.45044094,-0.768451,-0.49012762,0.8441521,0.85868114,1.0844857,0.36613137,-0.5234186,-0.0010941179,-1.3329935,0.10497828,0.5967587,0.7673564,0.0518779,0.7982905,-0.1024559,0.32989514,-0.29844952,0.8312669,0.0993653,-0.6182029,0.59555495,-0.62644786,-0.7942075,-0.477982,0.7979392,0.36729848,0.43085486,0.343881,-0.043551136
charlotte,2016,0.14597778,0.070929006,0.008571826,-0.51853526,-0.46053654,0.5962791,0.89015067,1.0216337,0.40319955,-0.6204973,0.12391317,-1.1214726,-0.14155796,0.4361943,0.5309738,0.298089,0.60317266,-0.11868496,0.53044194,-0.046418253,0.5261703,-0.15093994,-0.2822908,0.45694774,-0.6662694,-0.7532737,-0.48567423,0.21666291,0.32469213,0.32386103,0.50333685,0.06755282
charlotte,2017,-0.026135387,-0.123139985,0.057132803,-0.47399408,-0.6204011,0.37871248,0.6603682,1.0564235,0.023920521,-0.56697285,0.0014357566,-0.9117627,0.00041768327,0.20730603,0.32238454,0.33958143,0.5078587,0.11204101,0.46989718,0.09598841,0.3134735,-0.020844378,-0.22077143,0.26012063,-0.5163264,-0.33351642,-0.2642526,0.091235444,-0.020055555,0.20588507,0.35607335,-0.082176425
charlotte,2018,-0.27469954,-0.39998934,0.54775053,-0.13034713,-0.31714737,0.22278896,0.74951094,0.9710585,-0.089256465,-0.44599372,0.21247089,-0.81778693,-0.28643507,0.16587955,0.29381955,0.6191102,0.110191375,-0.28176498,0.7791939,0.117331,-0.3005852,-0.3211175,0.16169184,0.49806505,-0.4025456,-0.3881659,0.11939095,-0.3166449,0.003656648,0.035532128,0.41069192,0.28285292
charlotte,2019,-0.26611656,-0.42817408,0.4247573,-0.2547743,-0.6369429,0.10474449,0.4818895,1.1350456,-0.36587727,-0.5074968,0.048151765,-0.8174529,0.026153438,0.0031614155,0.1439175,0.5185827,0.27173936,0.11356406,0.5575841,0.16643353,-0.20496076,-0.07968653,0.031672195,0.23126626,-0.36711007,-0.061786152,0.034116413,-0.16448528,-0.3164609,0.13268411,0.2598992,-0.015418329
charlotte,2021,0.6746792,0.7755498,-0.13937372,-0.73834324,-0.30129796,0.9420596,-0.33478662,1.9557015,-1.6665322,0.24954003,-0.053890638,-1.8147287,0.7778988,-0.58680075,1.5334891,0.07027534,0.23767227,-0.50423586,0.5329418,-0.5446902,-0.37770417,0.37105033,-0.036425054,1.443949,0.2889631,0.36827987,0.7602116,1.5007434,-0.5492967,-0.21635474,-0.44232744,-0.13615552
charlotte,2022,-0.18429613,-0.44900876,0.8362868,-1.5042019,-1.3162627,0.42444956,1.5565822,2.5939572,-0.252383,-1.3249823,0.36276308,-1.7350127,0.19850065,0.3343685,-0.005228808,0.22228277,0.87542766,1.2777553,0.78672826,0.7887418,0.7954391,0.31811014,-0.09655185,-0.60881364,-0.84116495,-0.44599938,-1.349955,-0.22867072,-0.25317013,0.8794434,0.7576484,0.0038605211
charlotte,2023,-0.25399387,-0.17140672,0.42455155,-0.3515246,-0.78835243,0.44383436,0.3613538,1.6702046,-1.0469307,-0.4068367,0.06577081,-1.1233895,0.23847283,-0.471263,0.3070801,0.5113348,0.3029697,0.37059063,0.85987544,0.31236005,-0.43189102,0.21083707,0.0891543,0.39725304,-0.008507408,0.2661777,-0.08306658,0.018336393,-0.80871487,0.25966346,0.05433944,-0.15065725
chicago,2013,3.272394,3.6063132,0.98935825,-1.3716445,1.8228734,2.4261792,3.0961475,3.3048353,0.16987519,1.4607577,3.162988,-3.4346895,-0.8438124,2.2907336,1.2172692,-0.7284399,-1.2084428,-2.3272734,0.9673935,-2.057221,1.9630874,-1.5488055,0.7191025,1.8620641,0.46824008,-3.9215868,-0.06049231,1.2631487,2.5521355,1.8197381,-1.102241,1.3433
chicago,2014,2.1948652,2.5127833,0.89662004,-1.535958,1.286833,1.5639204,2.145071,2.4058385,-0.20716913,1.2381381,2.305473,-2.4768589,-0.43266106,1.2041138,0.49984154,-1.1046844,-1.307281,-0.5754134,0.42050016,-0.7623268,1.6689988,-0.54223907,1.001731,1.0814764,0.8392744,-2.672405,-0.9231556,0.88760865,1.3583007,1.7504905,-0.93439347,1.2172728
chicago,2015,1.7302927,1.9175618,0.96373284,-1.267269,1.2901615,1.1108336,1.8243873,2.1789048,-0.74664676,1.3143603,2.118412,-2.233974,-0.2970605,0.63883317,0.28476867,-0.90742195,-1.5731335,-0.5777315,0.44732997,-0.38453043,0.96098703,-0.390867,1.1762587,1.0775077,0.8285713,-2.1218662,-0.5647351,0.3898111,0.75145364,1.6382776,-0.83928734,1.2367529
chicago,2016,1.5763723,1.8211567,1.19015,-1.1413124,1.5786678,1.1087837,2.303669,2.2184567,-0.47673023,1.18656,2.452803,-2.1420379,-0.7216424,0.8743508,0.029813768,-0.65152216,-1.5622681,-0.88505787,0.6447885,-0.36959484,0.93381596,-0.7830865,1.2972487,1.0215948,0.6247035,-2.4922335,-0.57141775,-0.11337576,1.1711643,1.7369157,-0.6676835,1.3038266
chicago,2017,1.431831,1.4129943,1.3371426,-0.8914454,1.5664003,0.7140339,1.7274528,2.24892,-1.4723086,1.4145607,2.202266,-2.1788807,-0.31570995,0.2694831,-0.0014700126,-0.384505,-2.0674803,-1.2074354,0.8636062,-0.3630945,-0.13158005,-0.50206715,1.413587,1.2850852,0.70553,-1.6629257,0.4118646,-0.36250263,0.30522406,1.4698925,-0.7640893,1.2554452
chicago,2018,1.0873228,0.916336,1.4187028,-0.9953526,1.3129343,0.40154597,1.306171,2.2560873,-2.051953,1.3498646,1.8497645,-2.1604767,0.03616634,-0.27005124,-0.10355049,-0.5311085,-2.1974177,-0.6937336,0.81916153,0.09045738,-0.49151367,-0.047981806,1.5858754,1.2291086,0.8650455,-1.175039,0.2720089,-0.51507545,-0.4574883,1.5472792,-0.70288223,1.1844555
chicago,2019,0.97334486,0.8442665,1.7129443,-0.91588485,1.5031059,0.49286002,1.6632473,2.4632506,-1.9720144,1.3263065,2.2260802,-2.1968985,-0.3503151,-0.10159487,-0.2898013,-0.22850904,-2.2870526,-1.1018184,1.1422116,0.014787141,-0.7473846,-0.36174282,1.5942181,1.2144961,0.6683787,-1.3496723,0.42760274,-0.94764686,-0.13832602,1.4885349,-0.61203325,1.3056629
chicago,2021,2.7527204,2.8389246,1.5742114,-0.35001105,2.391093,1.8471421,1.9194221,4.0399904,-2.1142242,2.363496,2.926561,-3.4892716,-0.3776629,0.57181287,1.3934941,0.1704505,-2.5959463,-3.8070283,2.0660515,-1.9706471,-1.1705234,-1.2372051,1.4785994,2.6357427,0.7093372,-1.8255236,2.8770325,0.09085653,0.758231,0.6650703,-1.5159328,1.881819
chicago,2022,0.77832526,0.8601019,1.6846952,-1.9401063,0.7366768,0.813548,2.342762,2.7424402,-0.7182674,0.549158,2.34751,-2.2355862,-0.27037787,-0.064071186,-0.3002551,-1.1097738,-0.9728348,0.7883827,0.7010454,0.99664414,1.069185,-0.008076362,1.5176513,0.048515737,0.70365965,-2.0980613,-2.2652202,-0.6806743,0.57061905,2.041416,-0.15764275,1.4136577
chicago,2023,1.1141386,1.200719,1.4013877,-0.93174934,1.2907262,0.829882,1.7297964,2.4012375,-1.7267274,1.4448459,2.260823,-2.2873292,-0.19031961,-0.33946693,0.043921873,-0.50525093,-1.9613382,-0.73919976,1.0824077,0.1480207,-0.44467372,-0.27864805,1.5093223,1.1403759,0.8949673,-1.3957775,-0.19072644,-0.6785007,-0.026299983,1.6060547,-0.7316236,1.4622319
cleveland,2013,1.6452867,0.95558184,0.2774586,-0.63119245,0.5452604,1.2541937,1.8751769,1.9579805,0.38622612,-0.17091778,0.8376827,-2.2956662,-0.7735499,1.7949704,1.6931102,0.8561388,0.30198875,-2.419151,0.8998916,-1.880487,0.68219763,-1.1457479,-0.3939523,2.0370996,-1.0216054,-2.0346012,1.1039783,1.1552157,1.8448112,0.010206711,0.46557888,0.17356293
cleveland,2014,1.2535394,0.6021567,-0.12062461,-0.66504455,0.165505,0.8973821,1.0102494,1.3553591,0.05413623,-0.1672782,0.23351811,-1.7043109,-0.33070827,1.1305283,1.415102,0.52114826,0.4048419,-1.5171736,0.38595048,-1.2879722,0.6195935,-0.50520104,-0.45231602,1.609865,-0.71203244,-1.2524264,0.68244123,1.1927284,1.1643667,-0.16903351,0.32554245,-0.036214072
cleveland,2015,0.6723912,0.117432155,0.4495261,-0.24329664,0.3325529,0.49646652,1.2254856,1.2885357,-0.0399376,-0.294162,0.415149,-1.3735464,-0.6060834,0.97247636,0.97705394,0.96372235,0.025248326,-1.6084315,0.85931593,-1.0319943,-0.13852403,-0.74177676,-0.06467074,1.4552913,-0.6882105,-0.99880093,1.2135582,0.41719556,0.93424284,-0.29183325,0.4969882,0.19297414
cleveland,2016,0.7567094,0.25724596,0.4850395,-0.28398603,0.37448168,0.6669581,1.4770272,1.3941866,0.1906868,-0.31427875,0.59321123,-1.551713,-0.72595924,1.1856552,1.0555291,0.9772965,0.04616248,-1.7398955,0.9414941,-1.1427714,0.031997003,-0.89072806,-0.10059342,1.4896352,-0.82754755,-1.3096888,1.084641,0.46206468,1.1532876,-0.10203792,0.557463,0.22806056
cleveland,2017,0.8969732,0.33139023,-0.046007067,-0.47068352,0.149251,0.6375655,0.8633512,1.1399567,-0.040190563,-0.19712257,0.14350311,-1.369649,-0.34867,0.8489615,1.1796746,0.6117079,0.29311836,-1.3048075,0.4547788,-0.99781895,0.30860725,-0.44410732,-0.28599024,1.3975325,-0.58739483,-0.91704375,0.7969385,0.8514026,0.891207,-0.27640527,0.31107718,0.013312082
cleveland,2018,0.3347689,-0.08137505,0.27288952,-0.21965148,0.071868196,0.3401468,0.89664334,0.9430709,-0.032779746,-0.34151715,0.16431653,-1.0520985,-0.42542446,0.67505014,0.7493321,0.77269983,0.13088919,-1.0263473,0.6776582,-0.6252152,-0.11245362,-0.46311787,-0.072842896,1.1548383,-0.5491509,-0.7255212,0.77268314,0.36536816,0.59030867,-0.22143349,0.48896727,0.1376312
cleveland,2019,-0.0031268243,-0.307441,0.28507188,-0.19368276,-0.16457616,0.14253917,0.58277524,0.79910475,-0.24646524,-0.34352425,-0.039153084,-0.8589394,-0.24511768,0.28694773,0.51732653,0.6829715,0.15346634,-0.62925655,0.511636,-0.30304557,-0.23839101,-0.2438325,-0.016560882,0.8862733,-0.4106338,-0.34695363,0.6191798,0.19735894,0.15356001,-0.25134626,0.41807774,0.04035404
cleveland,2021,2.0928319,1.1472415,0.8375599,-0.671855,1.4528016,1.2856313,0.503656,3.84678,-2.398996,0.8913408,0.86099476,-3.220389,-0.3760926,0.38424706,2.5247257,1.2527928,-0.8173238,-4.002174,1.7088892,-2.490427,-1.489533,-0.8991961,0.41142473,3.6148725,-0.200201,-0.41857588,4.0618887,1.3021466,1.1121017,-1.6586834,-0.5012737,0.5519853
cleveland,2022,-0.03351096,-0.0819038,0.23262185,-0.23246302,-0.36316878,0.65436685,1.0211095,1.0403703,0.38150883,-0.5481281,0.2581128,-1.0907161,-0.35714412,0.22742847,0.71150255,0.58235765,0.540404,-0.4412075,0.98580575,-0.018778522,0.08116316,-0.38091788,-0.113763735,0.72012186,-0.51208144,-0.61991125,-0.15214342,-0.034684055,0.3640638,0.048360255,0.51341814,0.32578188
cleveland,2023,-0.34440345,-0.48726982,0.7627781,-0.043804597,-0.28661698,0.41200918,1.1502726,1.2213054,-0.010996267,-0.5235339,0.39069656,-1.0367235,-0.4698149,0.27677113,0.47888872,0.84065104,0.071657054,-0.6218748,1.1875408,0.09889305,-0.5336115,-0.5483596,0.25795555,0.76412374,-0.51208043,-0.55630696,0.2817477,-0.49645483,0.14876142,0.0011632852,0.58647865,0.4912553
columbus,2013,1.4462999,0.7205928,0.3567744,-0.566328,0.52524734,1.0264246,1.7540631,1.8340029,0.26748317,-0.23054212,0.71032727,-2.1176915,-0.73368144,1.6931416,1.5898454,0.9254271,0.23199287,-2.3370857,0.8667545,-1.7682693,0.4930045,-1.0822437,-0.32992458,1.9580622,-1.0228541,-1.829773,1.2477684,1.0490142,1.674606,-0.08595383,0.5414574,0.12901609
columbus,2014,0.40445185,-0.088152446,-0.067841135,-0.8167887,-0.52419645,0.36680782,0.85706604,1.0650212,0.28466535,-0.6853241,-0.17593929,-1.3505177,-0.005959198,0.9891108,0.6760666,0.26527402,0.62662745,-0.24407245,-0.014128763,-0.46831715,0.81817055,-0.08003964,-0.50523794,0.6327151,-1.0346476,-0.9499742,-0.20297334,0.9134923,0.43124273,0.42932767,0.7437859,-0.3036891
columbus,2015,0.03193208,-0.46637687,0.47062373,-0.40146035,-0.15066746,0.03722781,0.79227036,0.854211,-0.0574693,-0.54280573,-0.060331866,-0.98083436,-0.34790903,0.695873,0.51245564,0.68039393,0.11788393,-0.70409304,0.34809852,-0.43581605,0.029656522,-0.3493614,-0.040327184,0.87546086,-0.72722805,-0.6652207,0.578653,0.3296223,0.28318352,-0.097521156,0.6969971,-0.056849513
columbus,2016,0.06948494,-0.4216528,0.43407485,-0.3594289,-0.10502472,0.04762628,0.7474825,0.84225583,-0.11584335,-0.4908073,-0.0533776,-0.95197654,-0.328924,0.6495024,0.53244376,0.7053652,0.104760714,-0.7437703,0.38532665,-0.46878523,-0.051918365,-0.34256425,-0.033376485,0.932994,-0.6600044,-0.60577035,0.67150617,0.32273358,0.27977824,-0.17142923,0.6418603,-0.04232206
columbus,2017,0.18440393,-0.30412954,0.052781098,-0.51308805,-0.47203904,-0.01656209,0.24890292,0.9269379,-0.5609519,-0.44414967,-0.33357215,-0.9467833,0.09409319,0.25486428,0.50014573,0.42580572,0.37710568,-0.26081175,-0.003045436,-0.3617738,0.13793366,0.04759749,-0.24954596,0.66611093,-0.53481567,-0.1257317,0.44366637,0.5908323,-0.13290688,-0.111132786,0.36809516,-0.40481672
columbus,2018,-0.03146395,-0.4505773,0.6910575,-0.1436799,0.014337771,0.0426315,0.8709135,1.0439422,-0.30194342,-0.43936887,0.14481008,-0.98031986,-0.45021194,0.5251164,0.41713014,0.9196762,-0.122484334,-1.0007927,0.7460207,-0.4768443,-0.57529485,-0.47330573,0.16444516,1.0514493,-0.57103336,-0.50714266,1.0588537,-0.031466328,0.20347026,-0.32571128,0.58537877,0.20156176
columbus,2019,-0.1893094,-0.5828364,0.4584691,-0.29776725,-0.46224457,-0.13072312,0.4750573,0.96992534,-0.4817297,-0.5282356,-0.14872478,-0.87339115,-0.0820785,0.25549692,0.28285655,0.6555196,0.18061918,-0.27106333,0.30412546,-0.1893372,-0.24990457,-0.1292927,-0.029439747,0.5719683,-0.5025367,-0.19686294,0.52084506,0.08580245,-0.21210366,-0.08376652,0.42444074,-0.107493
columbus,2021,0.7704282,0.48640004,-0.13700056,-0.59200585,0.042813927,0.5828855,-0.4920653,1.6740227,-1.502188,0.28574,-0.056772776,-1.6253719,0.47312868,-0.41848704,1.5359372,0.30709097,0.2714189,-1.0916542,0.29775965,-0.80993116,-0.42082494,0.08242673,-0.09412056,1.7121296,0.043961443,0.23536715,1.1789234,1.3844177,0.038620867,-0.6896037,-0.2983344,-0.17255054
columbus,2022,-0.4346294,-0.610759,0.8185743,-0.1077259,-0.3924377,0.2181052,0.9767698,1.222722,-0.20381314,-0.5430645,0.2647744,-0.98264766,-0.35723293,0.24004158,0.33693817,0.81002605,-0.004151754,-0.47106138,0.9823786,0.10294765,-0.58615077,-0.42546788,0.2634886,0.6536903,-0.5191274,-0.41591173,0.3472179,-0.49898154,-0.059413113,0.0002607219,0.5503279,0.32840058
columbus,2023,-0.42443514,-0.5714279,0.7598829,-0.084199324,-0.39701784,0.18506616,0.80999404,1.2272906,-0.38418126,-0.46887287,0.19966635,-0.98006034,-0.29759884,0.137775,0.324483,0.8207574,-0.056403898,-0.47531775,0.9243839,0.04634213,-0.69266105,-0.350194,0.25030512,0.6933182,-0.4302879,-0.2818635,0.4885418,-0.42726922,-0.1587826,-0.08363743,0.44880822,0.24140973
dallas,2013,1.6582105,1.6547743,0.8313752,-0.4812963,1.4081935,0.9016609,1.6961887,1.8464175,-0.2765916,0.7308657,1.818912,-1.7788484,-0.73068523,1.3896817,0.27753207,0.23900929,-1.1146647,-1.8461511,0.72359776,-1.2146237,0.5738307,-1.1518431,0.6249069,1.2449877,0.0111752525,-2.1244285,0.8615084,0.25074804,1.3213357,0.7864143,-0.49373573,0.7103482
dallas,2014,0.85880864,0.7517069,0.62951106,-1.2945484,0.44034314,0.26933977,0.8302375,1.404738,-0.45696515,0.33809102,0.90998584,-1.2981725,0.049660586,0.5626878,-0.11087187,-0.7782047,-0.7048029,0.4942738,-0.14970681,0.119040444,1.1690357,0.19203354,0.75714886,0.4058987,0.3789699,-1.2994852,-0.7917597,0.5833373,0.18424705,1.1528894,-0.25947842,0.48481318
dallas,2015,0.6243913,0.33501747,0.7460403,-1.1184952,0.46817648,-0.06495545,0.28461793,1.3688198,-1.353081,0.4709795,0.63727593,-1.3958746,0.4468509,-0.18681794,-0.089739144,-0.6235539,-1.0507678,0.44483456,-0.03073809,0.32219476,0.34465072,0.49165627,0.9522371,0.56721556,0.47143614,-0.6237712,-0.234494,0.43299466,-0.799743,1.1252693,-0.3076549,0.41781554
dallas,2016,0.2797445,-0.037256345,1.2907617,-1.2711394,0.6642718,-0.11245487,1.058357,1.681153,-0.93628407,0.1356202,1.2055113,-1.312337,-0.19353202,0.2534686,-0.5332674,-0.36470732,-0.97656167,0.30038908,0.17043938,0.5509491,0.4756781,-0.0027003959,1.0762655,0.2678612,0.14007801,-1.30667,-0.67285126,-0.38983,-0.01695577,1.1309296,0.055812757,0.6323217
dallas,2017,0.3697388,-0.0025724433,1.1875975,-1.2730951,0.60772824,-0.18158996,0.65098375,1.6508443,-1.3856909,0.27966136,0.9419919,-1.4154208,0.1992429,-0.09385269,-0.4074857,-0.5076921,-1.1208897,0.45455956,0.10039741,0.5489542,0.28361088,0.33358794,1.1336716,0.4201466,0.371373,-0.92806876,-0.4383349,-0.11973355,-0.5969332,1.1989422,-0.10473402,0.555389
dallas,2018,0.480636,0.13866958,1.0868683,-1.1534218,0.60153073,-0.12729004,0.38149425,1.6159375,-1.7716281,0.49428153,0.82615864,-1.5501958,0.47831059,-0.43587267,-0.19842678,-0.5620549,-1.2847908,0.44287172,0.18975163,0.49105424,0.016026251,0.5254865,1.1820279,0.6424774,0.58772933,-0.5998981,-0.20363069,0.0882032,-1.0371875,1.2763196,-0.26770988,0.55324054
dallas,2019,0.32735163,-0.042174123,1.3282876,-1.1479378,0.64144033,-0.14110789,0.5660599,1.7752836,-1.9079154,0.46638888,0.97999483,-1.5858493,0.3368044,-0.52037585,-0.31849685,-0.41370508,-1.3531604,0.33484033,0.35553,0.60082793,-0.20991522,0.42211825,1.2734774,0.62426,0.55963963,-0.6658966,-0.24765265,-0.29622477,-1.010416,1.2503275,-0.17533708,0.66718626
dallas,2021,1.3385533,1.4107176,0.5370729,-1.7721207,0.09717958,0.638339,0.50497997,2.0632179,-1.6169006,0.7896905,0.68429345,-2.2254758,1.0511215,-0.3769824,0.5799294,-1.4887034,-1.1255323,1.0129278,0.017663803,0.31537685,0.94979507,1.0669289,0.9595674,0.6695718,1.0273589,-0.58087003,-0.9191402,1.2854334,-1.1631193,1.6471547,-0.66611034,0.58081126
dallas,2022,0.54271686,0.21219859,1.4967443,-2.444657,0.0025451407,0.21790239,1.5066221,2.9088173,-1.4959615,-0.07118115,1.1988696,-2.152693,0.58406687,-0.329014,-0.33245206,-1.2997653,-0.6749866,1.8222412,0.32743874,1.3320686,1.2017567,0.93383455,1.4086384,-0.3131953,0.6355171,-1.0040998,-1.9018753,-0.038169257,-0.75026,1.9646147,0.020766161,0.652242
dallas,2023,0.6441149,0.48080322,1.2541236,-1.5620421,0.5140569,0.26970333,1.01247,2.1841311,-1.7609754,0.67017096,1.2801303,-1.9463496,0.5241778,-0.65873325,-0.05896783,-0.9836892,-1.2462201,0.8337305,0.47178096,0.87484217,0.27273726,0.65895766,1.4121417,0.4652935,0.90869546,-0.8828726,-1.0880159,-0.11374173,-0.84031093,1.7062193,-0.32240215,0.93886656
denver,2013,1.4959368,1.0072974,0.30535877,-0.46280926,0.66092473,1.184035,1.7938347,1.7934138,0.33510512,0.021166328,0.9747545,-2.0041134,-0.8044367,1.521608,1.3577068,0.76818895,0.054037802,-2.173411,0.95672494,-1.6022097,0.5298161,-1.1173207,-0.1288504,1.729188,-0.73040617,-1.8696747,1.018636,0.76356894,1.6391735,0.09430608,0.20918351,0.34925395
denver,2014,0.41486034,0.17409521,-0.19610047,-0.85237056,-0.49655712,0.37187225,0.5780053,1.0803345,0.00047537684,-0.4927382,-0.08324807,-1.0974691,0.1839432,0.5952605,0.32931906,0.012523383,0.5190397,0.21939385,-0.016599927,-0.14767547,0.81899613,0.17771615,-0.36587194,0.24852172,-0.6111734,-0.5804846,-0.3276739,0.69131684,0.042003013,0.4981455,0.3149661,-0.24825041
denver,2015,-0.009459419,-0.26026818,0.30988234,-0.4531551,-0.58864844,-0.12635307,0.12074646,1.2873778,-0.9482322,-0.4885639,-0.14282563,-0.87996113,0.30116224,-0.07447209,0.10992886,0.2719022,0.2560944,0.337635,0.17002746,0.00050871447,-0.024437487,0.3027909,-0.004961878,0.23620825,-0.25137663,0.12261143,0.23949122,0.2696801,-0.792416,0.3125785,0.1064432,-0.34188047
denver,2016,-0.5238266,-1.0710598,1.2726552,-0.8021396,-0.7461349,-0.25670588,1.104953,1.7173486,-0.4092465,-0.98606706,0.3025048,-1.234926,-0.12035026,0.4632523,-0.24439202,0.42930588,0.111350775,0.3079768,0.35219747,0.4196069,0.08499391,-0.2611452,0.37948802,-0.15868866,-0.8454432,-0.59146225,-0.25779483,-0.47936225,-0.28728026,0.55158836,0.745568,0.14079158
denver,2017,-0.38804933,-0.93673617,1.113466,-0.5786543,-0.72183985,-0.44126436,0.6246681,1.7453378,-1.0707281,-0.85494524,0.07996295,-1.1517797,0.13074568,0.16112792,-0.1833089,0.5087775,0.039684437,0.3225107,0.35910454,0.17968218,-0.26665702,0.031107955,0.2873348,0.022820264,-0.5057255,-0.21124193,0.26247653,-0.31872445,-0.8968,0.47208747,0.40769926,-0.07686484
denver,2018,-0.21577217,-0.55986726,0.7387808,-0.38039917,-0.47237515,-0.28587744,0.23081577,1.4616824,-1.1337044,-0.5028093,0.009079255,-0.9714706,0.18235101,-0.09012095,-0.03010757,0.4347072,-0.040962853,0.21954781,0.3872108,0.05917077,-0.36225086,0.18409216,0.2028369,0.2369067,-0.22667277,-0.030407824,0.3732166,-0.08528272,-0.9497429,0.3412981,0.13605437,-0.104984455
denver,2019,-0.22337107,-0.5731712,0.8706028,-0.52150506,-0.5043965,-0.2645256,0.09417397,1.8674536,-1.6005248,-0.49963027,0.009533595,-1.196699,0.2726918,-0.2790288,-0.014683334,0.44707188,-0.13087362,0.34893873,0.560953,0.086355284,-0.56388545,0.34518814,0.3170501,0.3704311,-0.1158174,0.10362151,0.41223893,-0.056455843,-1.2977012,0.50287545,0.05506678,-0.16472796
denver,2021,1.1328864,1.2049673,-0.33640516,-0.76058936,-0.031736627,1.17229,-0.23813456,1.9137939,-1.5580314,0.6313269,0.087607056,-2.058497,0.8970926,-0.5529467,1.839766,-0.20862749,0.09205159,-0.86527133,0.38197473,-0.72494894,-0.21065277,0.3310714,-0.012299135,1.6376319,0.41446525,0.16386777,0.74573714,1.728004,-0.2734724,-0.23471831,-0.74511796,0.20293589
denver,2022,-0.1920389,-0.28826073,0.81959647,-0.9191508,-1.1466259,0.3868134,0.87381595,2.3312132,-1.2509675,-0.7665454,0.24895184,-1.4717045,0.47203648,-0.38516945,0.05788976,0.41466305,0.46081433,1.0453684,0.9094192,0.6024582,-0.03800427,0.4483628,0.1459612,-0.0968802,-0.124232136,0.23028848,-0.657906,-0.14916387,-0.9686183,0.7008425,0.21482834,-0.12152835
denver,2023,-0.26263174,-0.048732974,0.56581485,-0.09619127,-0.29191,0.6234851,0.3378995,1.7420135,-1.1840861,0.096777365,0.42277983,-1.2121146,-0.016202584,-0.61692023,0.4237717,0.64059067,-0.20952728,-0.27457213,1.2995291,0.23699376,-1.1041017,-0.0625278,0.4499313,0.8788417,0.32030874,0.1273889,0.33584386,-0.2841588,-0.592441,0.046581578,-0.16066352,0.29870316
detroit,2013,3.1589806,2.8519297,0.12670931,-1.2771032,0.89391756,2.774925,3.038453,3.0031023,1.0099753,0.43740642,2.0192084,-3.8119466,-0.83519787,2.7820108,2.309342,0.08301021,0.30550063,-2.9948416,1.072569,-2.833025,2.024601,-1.6814035,-0.7135501,2.4826858,-0.77803814,-3.8480709,0.20376334,2.1299343,2.8757935,1.0427464,-0.2024275,0.7222246
detroit,2014,2.2283604,2.0313826,0.009699695,-1.0606126,0.57124156,1.9646785,2.0983639,2.1625464,0.6857574,0.2697037,1.4032822,-2.7745876,-0.5586673,1.9803482,1.6077167,0.003497243,0.25005913,-1.8952957,0.68944097,-1.8826745,1.5718354,-1.0672517,-0.5066347,1.7585771,-0.56116605,-2.788194,-0.06742683,1.6230332,1.9760847,0.8659785,-0.13028416,0.5168895
detroit,2015,0.92331475,0.8425737,0.11767822,-0.5797818,0.39938402,0.90639454,1.144675,1.100892,0.42594117,-0.009382304,0.82579225,-1.4303638,-0.53989595,1.0035545,0.6337764,0.20721029,0.07785829,-0.8276737,0.46000916,-0.6946778,0.8165654,-0.6168646,0.0008557439,0.9636911,-0.44733232,-1.5988307,-0.22175318,0.6171059,0.999403,0.59702957,0.14619976,0.2967665
detroit,2016,0.37206662,0.2629805,0.62277186,-1.1481287,0.033020467,0.5942214,1.307306,1.5517592,0.73612136,-0.6871774,0.7896363,-1.4634424,-0.49343514,1.0563071,0.2457836,-0.12731099,0.42239895,0.11657193,0.28752124,0.0028772391,1.297813,-0.34541324,0.14162737,0.1371189,-0.7363102,-1.8502526,-1.1948841,0.364595,0.912755,1.025965,0.6861503,0.22520307
detroit,2017,0.0932691,-0.103295,0.94651836,-0.62467706,0.38900757,0.1487261,1.0917008,1.0927305,0.16072802,-0.39566067,0.7465548,-1.040034,-0.6712638,0.9192064,-0.061241873,0.35654402,-0.3594543,-0.460498,0.3911471,-0.11530164,0.3859161,-0.6584402,0.4940698,0.40473023,-0.574311,-1.3593457,-0.12164688,-0.081815474,0.52918804,0.6074556,0.5289793,0.31130728
detroit,2018,0.4140099,0.13817117,0.5308907,-0.30822,0.55397356,0.052780114,0.5630964,0.8534907,-0.55716676,0.090341434,0.4997013,-0.809639,-0.28814107,0.49321628,-0.028991185,0.44241413,-0.55539,-0.664151,0.3322001,-0.36621827,-0.14464849,-0.33040994,0.3754046,0.7120786,-0.16684029,-0.632016,0.66442126,0.085461855,0.1130221,0.19952624,-0.00078559667,0.24197769
detroit,2019,0.2990828,-0.0037672073,1.0014445,-0.32324386,0.6176964,0.09116144,1.1000767,1.0557861,-0.33952224,-0.09428652,0.77918226,-0.96654344,-0.64105797,0.83009434,-0.15110503,0.6618954,-0.7484014,-0.9979637,0.6250942,-0.4034486,-0.26907825,-0.69570714,0.5392805,0.7540069,-0.38641998,-0.96734923,0.7169428,-0.2870515,0.4304909,0.30119875,0.28714177,0.3906354
detroit,2021,2.4588013,1.4945184,1.1472548,-0.54197353,2.0320163,1.1367762,1.1502731,3.627098,-1.9496564,1.1174763,1.4081515,-2.8734167,-0.5752506,1.024119,1.8198214,1.0399499,-1.3799258,-3.9681132,1.5910378,-2.53375,-1.082413,-1.1586859,0.72982466,3.1246176,-0.15060973,-1.1286805,3.7920141,0.8473907,1.2565117,-0.9791336,-0.66396326,0.9065487
detroit,2022,-0.07244984,-0.22112638,0.60501206,-0.5382479,-0.09496404,0.018155776,0.5521176,0.9673048,-0.33044267,-0.23177652,0.47011706,-0.7810551,-0.1162936,0.0869913,-0.19004524,0.15527499,-0.08854287,0.23547131,0.2917129,0.2995327,0.22124243,-0.09654733,0.33311144,0.11458431,-0.18064928,-0.55599785,-0.375789,-0.2166608,-0.09490898,0.42356625,0.20989344,0.2781327
detroit,2023,-0.10419145,-0.29151142,0.65711594,-0.5002446,-0.11452788,-0.08027011,0.41093558,1.0821767,-0.70691395,-0.16535765,0.37091157,-0.80527353,0.0023081042,-0.10685197,-0.20614745,0.17700973,-0.16730416,0.23806363,0.2577661,0.30494335,0.005237356,0.029012464,0.37475732,0.15955746,-0.117955625,-0.32968473,-0.17560789,-0.21464679,-0.43590912,0.39553967,0.11900649,0.18988028
houston,2013,1.3960289,1.7973387,0.7002978,-0.11827797,1.0966929,1.4211559,1.8603561,2.0098124,-0.15568723,0.8204564,2.1084406,-1.9343712,-0.76476914,0.5990889,0.6746623,0.3823277,-0.66531396,-1.7292368,1.363351,-0.8315663,0.07265886,-1.1644225,0.60598373,1.269047,0.25092807,-1.7768407,0.56770784,-0.13999325,1.2046603,0.75644493,-0.49699193,1.1668968
houston,2014,0.53841823,0.7787001,0.8147761,-0.91170204,0.4701227,0.8929161,1.547615,1.5442138,-0.08981003,0.28384843,1.5850368,-1.4880685,-0.46376622,0.10375016,0.06612366,-0.17053619,-0.34741938,0.10264711,0.7832747,0.33449662,0.5703378,-0.32482278,0.6811185,0.31096393,0.23009521,-1.4172966,-1.2666507,-0.34301758,0.618839,1.1573505,-0.059152648,0.9676412
houston,2015,0.84878856,1.0596521,0.43963298,-0.6312122,0.29241294,0.8292973,0.34533826,1.5807906,-1.4452214,0.95481956,0.7927616,-1.7529218,0.5544802,-0.82441723,0.72235405,-0.5060749,-0.8226923,-0.12050155,0.642452,0.12546211,-0.26339394,0.41627723,0.78092134,0.9299476,0.87341285,-0.23970899,-0.26757655,0.59513193,-0.6937422,0.7721458,-0.6931848,0.87239647
houston,2016,0.56606406,0.9063799,1.4775866,-0.63520336,0.97365534,1.1649508,2.530888,2.2941902,0.21316288,0.22413248,2.4930165,-1.9095504,-1.4815956,0.8015493,0.094540745,0.4655049,-0.668335,-1.2206825,1.5539916,-0.098750815,0.23733762,-1.4258991,0.9861549,0.70693034,-0.22747177,-2.27577,-0.49592844,-1.2204643,1.4144628,1.2363796,0.2402716,1.2317865
houston,2017,0.82761186,1.1300253,0.8306157,-0.3632896,0.87853277,0.98504764,1.578676,1.6787784,-0.5035492,0.726275,1.8414181,-1.5811105,-0.6220561,0.22711945,0.20917097,0.2285926,-0.7899671,-0.9712878,1.0589932,-0.23271342,-0.083083756,-0.731314,0.70754635,0.9064297,0.2862419,-1.3469598,-0.037105206,-0.43724877,0.6867116,0.8722029,-0.34075004,1.0524812
houston,2018,0.57811886,0.6855274,0.6057002,-0.78173876,0.26566815,0.5870696,0.72397834,1.4835997,-1.1976075,0.68246996,0.995043,-1.5480334,0.36502767,-0.6559079,0.28284973,-0.47630486,-0.77506703,0.31658557,0.6109578,0.45831084,-0.08137437,0.28028744,0.84857094,0.62634075,0.7183188,-0.4593154,-0.68030405,0.04648316,-0.5667485,1.0866417,-0.41839415,0.8500079
houston,2019,0.1416585,0.23411751,1.6298158,-0.67178535,0.84872943,0.61610585,1.9897051,2.010358,-0.688058,0.30108714,2.0791066,-1.5913892,-1.0320263,0.26559228,-0.3581046,0.46854094,-1.0688452,-0.81288016,1.2927411,0.33302793,-0.46982288,-0.9068571,1.0345614,0.53199935,-0.08111756,-1.3878391,-0.34745088,-1.4041929,0.56675845,1.0194937,0.19271743,1.1209987
houston,2021,1.9389426,2.1345515,0.24861616,-0.64933205,0.77563155,1.5108423,0.40561014,2.2179708,-1.5330627,1.6320807,1.1566474,-2.5624375,0.7203651,-0.53809845,1.6651902,-0.74027884,-1.0157287,-1.2337171,0.69109076,-0.74690676,-0.08167497,0.12552013,0.7655908,1.6504662,0.95408845,-0.62232745,0.53078216,1.473289,-0.19607514,0.54105693,-1.3333676,1.2035917
houston,2022,0.3124807,0.47321418,1.248671,-1.6890329,0.10433848,0.80627716,1.7667956,2.3163023,-0.51674056,0.04941756,1.6791954,-1.7815987,-0.034713745,-0.3951722,-0.15332395,-0.6638025,-0.23500255,1.0949969,0.8994689,1.0563978,0.71818626,0.20960638,0.98225546,-0.15346462,0.46655,-1.2172923,-2.1172354,-0.60756725,0.15692458,1.4940768,0.09213053,1.0180835
houston,2023,0.6877373,0.9387245,0.82207465,-1.615411,-0.109473646,0.7928193,1.0113688,2.3250947,-1.5049406,0.3632546,1.0634606,-2.0306761,0.8497799,-0.84238315,0.27892396,-0.9814849,-0.61125356,1.3912146,0.7947382,0.86428213,0.43113908,0.91355175,0.9511734,0.26600784,0.9712055,-0.41361684,-1.4289,0.33923277,-1.0573878,1.605465,-0.34495315,0.7221812
indianapolis,2013,1.5048884,1.3586608,-0.02062758,-0.22887735,0.36031145,1.8689516,2.1759539,2.0183299,0.89490724,-0.13294923,1.2195271,-2.4726133,-0.8732296,1.1593398,1.9728079,0.8485911,0.7367723,-2.3161166,1.5988762,-1.5398102,0.45649695,-1.2218944,-0.45679405,1.97803,-0.79517585,-1.9179435,0.7410707,0.8584019,1.9304107,0.054243725,0.24865782,0.7821516
indianapolis,2014,0.38341808,0.48927417,-0.15357569,-0.5460525,-0.44323605,1.2154253,1.4421828,1.3106714,0.91697013,-0.8133282,0.41436172,-1.6791512,-0.29744422,0.60475105,1.0495846,0.44104078,1.105156,-0.5057999,1.0403879,-0.31174213,0.69968206,-0.3946025,-0.5862038,0.86510116,-0.8760376,-1.2393804,-0.68935275,0.40438905,0.7513536,0.44369963,0.6592373,0.35834974
indianapolis,2015,-0.31821036,-0.48462275,1.6092149,-0.33670637,-0.086105004,0.81245404,2.4334354,1.9514483,1.0439702,-1.1238481,1.3026533,-1.8902543,-1.194088,1.1750492,0.72764355,0.98663795,0.22288331,-1.1849486,1.694283,-0.15139006,0.02626931,-1.5030314,0.46322498,0.75245947,-1.4352111,-1.9077168,-0.23588404,-0.63597256,1.0008135,0.76400423,1.440434,0.8235156
indianapolis,2016,-0.24277355,-0.49147865,0.4692958,-0.46292102,-0.76154166,0.35231292,0.9820186,1.2457073,0.23163776,-0.84069777,0.070482396,-1.0843574,-0.14174655,0.40942,0.4116072,0.5173281,0.5341635,-0.03200156,0.6548461,0.12630008,0.22993106,-0.2506074,-0.13230951,0.27277827,-0.82591546,-0.5338929,-0.33340055,-0.045193426,0.094057955,0.24771415,0.7206034,0.034585413
indianapolis,2017,-0.3625216,-0.46841642,0.5947943,-0.022744399,-0.3983177,0.16837859,0.55331475,1.2071292,-0.5924759,-0.37745655,0.06512984,-0.97629046,-0.22473207,0.0036919042,0.4094191,0.86228085,-0.042257316,-0.54916567,0.83935744,-0.11091031,-0.78661674,-0.23185012,0.1535335,0.84751034,-0.30378616,-0.10250819,0.76813954,-0.19516736,-0.22194052,-0.28808093,0.3097641,0.09787415
indianapolis,2018,-0.36332354,-0.5235041,0.5024498,-0.15395136,-0.7166561,0.122599386,0.41582888,1.3392494,-0.7125618,-0.5345663,-0.078068934,-0.9762311,-0.0075089633,-0.082054995,0.29195955,0.7056341,0.18930173,-0.06540167,0.6838431,0.028770003,-0.5551437,-0.05919034,0.0009924248,0.49081904,-0.31490785,0.06108454,0.42170987,-0.10994779,-0.5067657,-0.038158167,0.21360749,-0.1047649
indianapolis,2019,-0.4781589,-0.576783,0.7357258,-0.040119004,-0.5191639,0.22443223,0.67459387,1.4273663,-0.6832501,-0.42606384,0.14563315,-1.0783031,-0.21084876,-0.031134203,0.3460851,0.88335896,-0.08225555,-0.46665126,0.9811313,0.030049335,-0.91640115,-0.26718077,0.21925683,0.7579527,-0.3402136,-0.093800575,0.65297574,-0.4068275,-0.3579306,-0.1666335,0.3175526,0.13044237
indianapolis,2021,0.09320852,0.17245969,0.20549965,-0.29066893,-0.2859301,0.6104485,-0.3403998,1.8615494,-1.474185,0.07711545,0.0041845217,-1.5064814,0.20250042,-0.61312515,1.1572274,0.59342754,0.12146204,-0.7434117,0.89763904,-0.4543965,-0.93727326,0.036904417,0.073474586,1.4534175,0.22973135,0.33252618,1.1242257,0.71629035,-0.41851342,-0.5877223,-0.22405705,-0.10511252
indianapolis,2022,-0.55257946,-0.6023484,0.7215242,-0.2763322,-1.042303,0.42021137,0.8418422,1.7968327,-0.61331046,-0.67986035,0.20127608,-1.1933659,0.003471896,-0.1285038,0.23071556,0.7979133,0.3142203,0.14600438,1.1354109,0.41524792,-0.6313181,-0.19171336,0.12566444,0.2924415,-0.3929833,0.054076493,-0.08865577,-0.5600215,-0.45738024,0.20952933,0.34936297,0.0363939
indianapolis,2023,-0.4743348,-0.36315194,0.5678131,-0.0076038577,-0.61701596,0.5795171,0.5967863,1.6294575,-0.7607399,-0.26875764,0.24577083,-1.1303681,-0.1596888,-0.28479293,0.44073918,0.8735777,0.032623976,-0.37691817,1.281441,0.20069076,-1.02868,-0.25455794,0.22941056,0.80874807,-0.12089455,0.036329046,0.42240012,-0.4622072,-0.37329602,-0.13039178,0.16148621,0.16130082
jacksonville,2013,2.063208,0.80454946,0.44988328,-1.2185472,0.51591104,1.1486294,1.9757996,2.2981353,0.2075576,-0.41509256,0.52643204,-2.8321245,-0.6395937,2.681361,2.115218,0.9391012,0.43289238,-2.8857386,0.40374014,-2.6522522,1.1403961,-1.2139556,-0.79784334,2.6569664,-1.5660542,-2.5053241,1.3791573,2.0479243,2.1549768,-0.06569284,0.9566312,-0.4089841
jacksonville,2014,1.4182657,0.3038948,0.098335825,-1.3164804,-0.041200504,0.7479191,1.2068248,1.6149834,0.1801186,-0.5642568,-0.059694596,-2.2098227,-0.1913261,2.1929178,1.609544,0.48702052,0.57354355,-1.6069723,-0.2237322,-1.8569258,1.2306927,-0.49161807,-0.93566823,1.941086,-1.4640083,-1.9307764,0.45890632,2.0162096,1.4645071,0.13410357,1.0138175,-0.5937784
jacksonville,2015,0.9400673,-0.16763753,-0.07630957,-1.2586359,-0.3112285,0.20880592,0.5832397,1.2871528,-0.26945087,-0.6474315,-0.50604373,-1.7288623,0.12860465,1.4759308,1.204324,0.42280042,0.64910287,-0.82600504,-0.5668858,-1.2371982,0.9307721,-0.06767429,-0.8432549,1.3715918,-1.2957826,-1.0215476,0.5149418,1.8144215,0.6130253,-0.01119975,0.9092706,-0.76370317
jacksonville,2016,0.40167016,-0.58719426,0.24407443,-1.1132475,-0.57484376,-0.13818623,0.8089554,1.2792329,-0.0065883845,-0.9677247,-0.46767712,-1.6055372,0.06598884,1.3637971,0.72112936,0.41313636,0.67505693,-0.42650715,-0.51506746,-0.80514777,0.85108334,-0.11326187,-0.61522853,0.82921445,-1.4525307,-1.0131708,0.28591704,1.3559388,0.3566913,0.30363193,1.1312389,-0.65530115
jacksonville,2017,0.2786717,-0.70169514,0.27402538,-1.0337536,-0.65780103,-0.44690368,0.5337482,1.2981286,-0.37759072,-0.99059176,-0.566148,-1.4140391,0.1657566,1.0231596,0.5645332,0.43224755,0.64517784,-0.24868608,-0.53291297,-0.6925486,0.61320364,0.05791744,-0.51772046,0.6808072,-1.2761588,-0.6106833,0.5108237,1.106903,-0.058471896,0.1469028,0.9891854,-0.7174675
jacksonville,2018,-0.06777931,-0.9965471,0.668465,-0.7697362,-0.5212119,-0.6619885,0.6338089,1.1823496,-0.4587317,-1.0037904,-0.43828505,-1.1903455,-0.06011156,0.8478208,0.3221546,0.6653235,0.37979436,-0.42962092,-0.25606155,-0.5520773,0.13898844,-0.14867413,-0.18254074,0.6482295,-1.131634,-0.5251285,0.7563978,0.5443879,-0.1634183,-0.002721388,0.9859856,-0.45373353
jacksonville,2019,-0.009813571,-0.9207218,0.57583624,-0.7221223,-0.5816977,-0.7467861,0.29547516,1.2955859,-0.90560645,-0.8978053,-0.4356267,-1.1275115,0.07868217,0.5220012,0.3182226,0.7116803,0.4057796,-0.31782243,-0.16473424,-0.5834446,-0.12264646,-0.016266398,-0.20108235,0.7075293,-0.93698734,-0.1865712,0.9440484,0.48274687,-0.4012438,-0.08310216,0.7559951,-0.5587541
jacksonville,2021,0.8929138,0.26485553,-0.19450313,-1.5175478,-0.85342467,0.01631815,-0.41039217,2.432104,-1.9037447,-0.7056055,-0.71679515,-2.038589,0.9199103,0.1933437,1.3425174,0.04664299,0.76895255,-0.033145163,-0.3426187,-0.8502025,0.42841542,0.6393986,-0.57768965,1.1070766,-0.6818432,0.38523242,0.9212166,1.8408821,-0.83032596,0.026544806,0.22755796,-1.1061417
jacksonville,2022,-0.11200253,-0.66830975,0.48348877,-1.2621708,-1.7056655,-0.297067,0.87676805,2.3804796,-0.8786082,-1.5890396,-0.45998704,-1.6408837,0.6423117,0.7315497,0.16174555,0.39298832,0.9503241,1.0456969,0.016064446,-0.057881635,0.70315516,0.5170339,-0.5690068,-0.42418844,-1.1038967,-0.05211942,-0.013576303,0.51320755,-0.94295996,0.75830007,0.75448954,-0.8502237
jacksonville,2023,-0.18981287,-0.5963536,0.4331713,-0.45029485,-0.91982013,-0.20502698,0.32085764,1.4975019,-0.9717176,-0.85053694,-0.3268489,-1.1243544,0.17767757,0.105139546,0.32799128,0.68018854,0.47418708,0.062757924,0.26754522,-0.18483187,-0.27089325,0.115159295,-0.21450502,0.45098728,-0.57142204,0.12607512,0.566949,0.24668932,-0.67551136,0.05892163,0.42406172,-0.5564036
kansas_city,2013,1.4347943,0.662874,0.432912,-0.6104372,0.5714977,0.9288297,1.710623,1.8112812,0.17345025,-0.22115391,0.68107677,-2.0735998,-0.7173839,1.7370025,1.5013508,0.92365456,0.12991142,-2.3203804,0.79398453,-1.7848253,0.47674227,-1.0710638,-0.28119746,1.9469814,-1.0121353,-1.8160746,1.301642,1.0456928,1.6117079,-0.08918737,0.5502394,0.07620136
kansas_city,2014,0.78665346,0.20200473,-0.04110577,-0.7741429,-0.11701042,0.6258959,0.8800642,1.0391837,0.23708282,-0.4141346,0.054453403,-1.4774661,-0.22423123,1.214286,1.0146871,0.39591926,0.4104688,-0.8684737,0.119709164,-0.9156476,0.74234766,-0.30528814,-0.49742058,1.204462,-0.9188403,-1.2947443,0.072431535,1.1169921,0.8934634,0.21143349,0.6359868,-0.18672355
kansas_city,2015,0.49897933,-0.11580732,-0.090954624,-0.66961086,-0.27454978,0.23030514,0.44280332,0.83726066,-0.17916518,-0.3933705,-0.2969908,-1.0952448,0.009290345,0.66764003,0.7289832,0.33486825,0.40431046,-0.44721964,-0.09619933,-0.53561014,0.5335842,-0.02177202,-0.35191777,0.8614735,-0.6993545,-0.6115138,0.25334978,0.9376839,0.28525382,0.01453441,0.49362332,-0.3307605
kansas_city,2016,-0.11994658,-0.6366804,1.0076855,-0.60513484,-0.080100104,0.09185874,1.3005672,1.1546981,0.3530323,-0.8223803,0.33309618,-1.2941334,-0.6106789,1.1553609,0.36964288,0.6405026,-0.033572443,-0.75511277,0.50315374,-0.3594467,0.26271865,-0.7116898,0.17245398,0.6919667,-1.1227105,-1.321312,0.1682646,0.1968065,0.5409314,0.37873998,1.0929136,0.13246773
kansas_city,2017,0.18939263,-0.3825139,0.40303484,-0.4416883,0.046820804,-0.18372616,0.22060165,1.0779318,-0.82178783,-0.29393402,-0.09872518,-1.0087214,-0.08444378,0.25147367,0.55552894,0.71940434,0.038747177,-0.7835438,0.28389698,-0.5979649,-0.4544531,-0.19081762,0.063795626,1.1155705,-0.3888846,-0.15661989,1.1695884,0.40627217,-0.06236824,-0.409282,0.33169684,-0.12543865
kansas_city,2018,-0.062268756,-0.5262903,0.7207201,-0.21236385,0.106440306,-0.1844506,0.4910887,1.161344,-0.70368767,-0.38409072,0.064309634,-0.9869554,-0.3065186,0.31785184,0.37169737,0.9172751,-0.19411358,-0.9602833,0.64434063,-0.5557784,-0.83829796,-0.35890368,0.24078499,1.1506357,-0.42269722,-0.25101462,1.3819442,-0.024476744,-0.08413886,-0.42238593,0.43144318,0.080808334
kansas_city,2019,-0.23852755,-0.6448075,0.75023454,-0.2140963,-0.13956615,-0.23642099,0.5100031,1.1023647,-0.65731955,-0.4757886,-0.00024573706,-0.9343003,-0.24933365,0.28512967,0.28384975,0.83631194,-0.124591716,-0.6742893,0.5404454,-0.36233175,-0.7170592,-0.26475394,0.20352772,0.8905771,-0.449566,-0.23706654,1.0410883,-0.11054867,-0.27366886,-0.25648087,0.45495766,0.058717113
kansas_city,2021,0.44415995,-0.12295026,0.7119936,-0.16274351,0.4475003,0.26909205,0.7470489,1.6248969,-0.8510034,-0.116393566,0.31291804,-1.4054519,-0.4966367,0.4308617,0.7685946,1.0888687,-0.40542346,-1.6885546,1.0413934,-0.93908864,-1.023768,-0.6167999,0.2760473,1.6221607,-0.3806632,-0.35545766,1.9601842,0.089988306,0.37654093,-0.72896636,0.2771602,0.27613696
kansas_city,2022,-0.2440102,-0.63497007,0.6471496,-0.4368104,-0.7728241,-0.2873539,0.13993281,1.7067297,-1.2772028,-0.7888792,-0.21195929,-1.1497289,0.23779018,-0.055354513,0.15730962,0.59370875,0.243949,0.221867,0.40977377,-0.07230826,-0.44933575,0.21180412,0.013992906,0.37135386,-0.38610244,0.14547038,0.58664525,0.1024464,-1.0414135,0.25150105,0.24274017,-0.41093743
kansas_city,2023,-0.5119212,-0.86372244,1.3229424,-0.18522565,-0.1987356,0.022901617,1.3475153,1.4177,-0.28051546,-0.68272614,0.41554072,-1.1026967,-0.56751406,0.58128464,0.1453256,0.9798659,-0.35380393,-0.84638536,1.0578854,-0.05143403,-0.8209492,-0.6479147,0.50762045,0.7767052,-0.7551241,-0.64347893,0.7274255,-0.7664987,-0.032425985,0.047151443,0.80272835,0.431704
las_vegas,2013,3.3909428,2.3833125,0.08300527,-1.736203,0.6597892,2.6304986,3.073749,3.3145127,0.99932814,-0.081034005,1.3381772,-4.288342,-0.7795435,3.5531123,2.955523,0.44970965,0.79348445,-3.5340264,0.7001692,-3.5847573,2.3036165,-1.6551888,-1.3444864,3.1935666,-1.6246119,-4.0168266,0.6448168,2.9120421,3.241693,0.6135241,0.52955395,0.023646813
las_vegas,2014,2.063669,1.3351661,0.034637623,-1.8869425,0.01746194,1.8049169,2.4961302,2.5045738,1.3513557,-0.74316114,0.68435293,-3.256816,-0.580497,3.1506722,1.849117,0.07010016,1.0260112,-1.5161794,0.10131246,-2.077635,2.370639,-0.83491457,-1.1789144,1.8000374,-1.8177569,-3.4866354,-0.833932,2.2757008,2.343872,1.2106141,1.0967193,-0.24655326
las_vegas,2015,1.5877633,0.9364573,-0.4271208,-1.7325935,-0.38864064,1.1723948,1.3048956,1.8093626,0.4150309,-0.6119857,-0.100962706,-2.4196835,0.14319059,2.1307633,1.5597832,-0.10139713,0.9489759,-0.65426266,-0.3763584,-1.4909632,1.8554066,0.03174164,-1.2487004,1.3283165,-1.2962029,-1.9566674,-0.47274563,2.2837157,1.1984406,0.6598542,0.78410935,-0.59879345
las_vegas,2016,1.1235508,0.3004316,-0.111079656,-1.0054028,-0.06286506,0.6239189,0.7628433,1.2314053,-0.04024467,-0.3418029,-0.11009946,-1.6418122,-0.09300715,1.4386045,1.2604675,0.3567543,0.4283502,-1.1041985,-0.14843705,-1.2837763,0.8795144,-0.23517552,-0.65452194,1.4966152,-0.9378456,-1.2931345,0.36858207,1.5121552,0.98511434,-0.011307154,0.5972604,-0.391216
las_vegas,2017,0.5701172,-0.10936432,0.027337901,-1.0291998,-0.45172924,0.31338683,0.88501734,1.1953202,0.21969272,-0.7036249,-0.20142768,-1.5212704,-0.016351119,1.3018883,0.725237,0.23367824,0.57988423,-0.32370976,-0.241146,-0.67032504,0.9966079,-0.120313086,-0.54994273,0.7422474,-1.1576374,-1.168159,-0.14510944,1.2237349,0.57543457,0.49322435,0.8367907,-0.43727615
las_vegas,2018,0.48461747,-0.17215368,-0.11457715,-1.2390869,-0.88259333,0.031984426,0.5952368,1.4917523,-0.2550285,-0.9047209,-0.4840429,-1.4625005,0.3912449,1.0422734,0.4316213,0.050589412,0.77493274,0.27681598,-0.5079369,-0.5075814,1.0893147,0.34306306,-0.7046262,0.284092,-1.1246271,-0.5821079,-0.026386548,1.2162477,-0.12382796,0.5307549,0.68209857,-0.74331367
las_vegas,2019,0.18611836,-0.45399162,0.19207236,-1.0645759,-0.7864137,-0.049902737,0.78489774,1.4002299,-0.084398404,-0.9447527,-0.3091009,-1.3579566,0.21481888,0.9825767,0.28820735,0.14656663,0.63963395,0.23081878,-0.33043385,-0.265862,0.8952278,0.14251709,-0.41377482,0.16534398,-1.1558905,-0.70440114,-0.09642935,0.849743,-0.080616586,0.5998989,0.80558056,-0.48946258
las_vegas,2021,3.4097152,2.0738492,0.42572987,-1.036788,1.7072605,1.744144,1.234086,4.023797,-1.8798509,1.0984567,0.9968454,-3.6470814,-0.3219852,1.3323408,3.2035258,0.90275276,-0.43922722,-4.6490736,1.1651167,-3.321156,-0.27339786,-1.2829714,0.11064404,4.0366607,-0.34134024,-1.2891428,4.0513735,2.220975,2.104518,-1.5347952,-0.7243554,0.45177707
las_vegas,2022,1.1362165,0.81461716,-0.49632013,-2.8826287,-1.872603,1.1041563,1.8258219,3.2846928,0.028615877,-1.6910685,-0.49454856,-2.8678546,1.2127115,1.6368454,0.68930346,-0.7676625,1.7548839,1.9252259,-0.2976017,-0.205043,2.4941492,1.3265845,-1.515198,-0.4721492,-1.365384,-0.79928976,-1.5929916,1.9554626,-0.27340594,1.569177,0.74747777,-0.93089896
las_vegas,2023,0.49351567,0.40484956,-0.29795274,-0.95372796,-0.5932275,0.77759725,1.1111279,1.336431,0.6080439,-0.80533373,0.044166587,-1.5125501,0.079941794,0.88817513,0.6861011,0.034675777,0.94393253,0.08078502,0.26705486,-0.2567399,1.0586191,0.04436452,-0.65251625,0.37838376,-0.94858897,-1.044985,-0.7420222,0.7699457,0.46033227,0.6663743,0.6073473,-0.13859276
miami,2013,2.3060029,1.6497071,0.8330714,-1.230551,1.4529535,1.1050792,1.9318197,2.2586167,-0.19169386,0.49392468,1.4152938,-2.4018447,-0.7833395,2.4628654,0.76912844,0.11486164,-0.93060696,-2.3539932,0.22340676,-2.0990617,1.3589321,-1.3239284,0.28334355,1.8928335,-0.51207036,-2.79948,0.89193743,1.2638611,1.8079,0.73792505,-0.18430129,0.15113412
miami,2014,1.5374129,0.977683,0.45546937,-1.6872696,0.5084193,0.5400445,0.9351087,1.787842,-0.1921437,0.13111949,0.6013917,-1.8167591,-0.13671364,2.0223465,0.23567876,-0.6799855,-0.5968715,-0.406508,-0.5898219,-0.8726976,1.7356372,-0.27625558,0.24298567,0.93578494,-0.33946353,-2.1234202,-0.3412964,1.4747361,0.9361993,1.1704497,0.020169914,-0.1571136
miami,2015,1.4266425,0.67973524,0.40899244,-1.3534706,0.5418368,0.15422013,0.27938884,1.4166198,-0.90462124,0.40457535,0.3951999,-1.4486756,0.23604263,1.1764047,0.15713468,-0.47011158,-0.87586606,-0.42089596,-0.56855196,-0.75872064,1.0692898,-0.06447858,0.45674208,1.0736153,-0.12206846,-1.1117277,0.45008066,1.2628237,0.18286896,0.68516755,-0.2573518,-0.11954384
miami,2016,0.97214097,0.4138248,0.648696,-1.0926065,0.7696263,-0.079329215,0.46283513,1.1626391,-0.7020716,0.18507323,0.50611776,-1.1395359,-0.16235626,1.1267298,-0.25015217,-0.21183881,-0.9572246,-0.4309515,-0.3742258,-0.49565804,0.8859771,-0.20751455,0.605783,0.81889766,-0.16131657,-1.231874,0.3921856,0.70837057,0.1908817,0.70224565,-0.11742762,-0.036531556
miami,2017,0.65340686,0.08933812,0.7435011,-1.2955378,0.39264786,-0.39642766,0.20545243,1.2886815,-0.91125494,0.024444412,0.39327076,-1.0909243,0.21838804,0.64058834,-0.43477052,-0.55281854,-0.81445134,0.37758622,-0.5536869,-0.018013116,0.8985114,0.3225873,0.7288408,0.45006156,-0.055198073,-0.8865175,0.022945408,0.6832547,-0.34046283,0.9138868,-0.035320982,-0.04596486
miami,2018,0.47417086,-0.14327157,0.9009481,-0.8644148,0.79446673,-0.5983718,0.036866195,1.213356,-1.3895848,0.16884218,0.44663218,-1.0942042,0.16139367,0.17436862,-0.42550036,-0.060927123,-1.1337,-0.23674905,-0.1319519,-0.07739788,-0.050196536,0.13269721,0.882424,0.7812565,-0.1104981,-0.60017884,0.76884717,0.10066072,-0.79679614,0.73960215,-0.093524456,0.16543064
miami,2019,0.0042020287,-0.49668276,1.4648845,-0.9127996,0.7150854,-0.67229533,0.63392735,1.4062185,-1.2948029,-0.089947775,0.820232,-1.1207538,-0.09527785,0.38203144,-0.7669667,0.09451708,-1.2482654,-0.27949575,0.10980521,0.12283529,-0.21318132,-0.096477024,0.9673692,0.47865063,-0.20935595,-0.8916478,0.64041454,-0.4485554,-0.6498736,0.8473413,0.22377114,0.34427038
miami,2021,2.0173485,1.1234154,0.64334637,-0.9376342,1.4732107,0.5837236,-0.6574654,2.8969193,-2.7335308,1.4972676,0.68397194,-2.6129484,0.9212777,-0.3850674,1.7361654,-0.23857632,-1.417531,-2.179901,0.57187915,-1.4974157,-0.83910716,-0.015398614,1.0963347,2.4582946,0.31145918,-0.13779476,2.5192103,1.6499738,-0.5976529,-0.11344369,-1.1572905,0.6048143
miami,2022,0.28353435,-0.5075552,1.5411004,-2.2880692,-0.7837368,-0.34735402,1.2471619,3.1625178,-1.7164055,-0.97109205,0.50482005,-2.0382714,0.70383453,0.12065599,-0.5252418,-0.8660419,-0.10033939,2.058048,-0.010303382,0.97363305,1.2354249,1.0881366,0.9103801,-0.7532653,-0.1328779,-0.5116811,-1.2308292,0.116904445,-1.2433634,1.7652899,0.37018204,0.011115323
miami,2023,0.044177882,-0.58854187,1.5736885,-1.1998299,-0.0039182976,-0.421109,0.49848896,2.1382787,-2.1179833,-0.16700643,0.6333173,-1.6235045,0.4244398,-0.5104322,-0.4094882,-0.18367013,-0.91064346,0.7266651,0.40674433,0.562708,-0.19114995,0.608666,1.0715925,0.29373866,0.2287162,-0.30052266,-0.11875504,-0.33571038,-1.4404249,1.1735029,0.094098955,0.2926843
minneapolis,2013,0.7107836,0.40171844,0.7257052,-0.059178974,0.7103779,0.5524205,1.3282554,1.3750963,-0.24347508,0.077473134,0.90731204,-1.2635905,-0.70856667,0.82229006,0.40741044,0.8934734,-0.56616914,-1.5489877,1.0873342,-0.85318315,-0.4586357,-0.8618619,0.34656006,1.1959109,-0.3031978,-1.0161102,1.1915393,-0.18580568,0.7721777,-0.02424794,0.08259322,0.5570609
minneapolis,2014,0.09578542,-0.029120088,0.21767461,-0.22398897,0.03890363,0.027607791,0.07984885,0.7407678,-0.65275455,0.05088835,0.15586312,-0.6446729,0.018484458,-0.10490567,0.11524528,0.25833943,-0.12638253,-0.10192868,0.19360304,0.017114181,-0.106097825,0.032987814,0.23866725,0.48947862,-0.016721837,-0.16309881,0.25828037,0.14227587,-0.33296272,0.13888372,-0.07593128,0.07160922
minneapolis,2015,-0.09560395,-0.21606323,0.6169228,-0.12245159,0.15652274,0.08379402,0.51059705,1.0422592,-0.7032654,-0.008765813,0.40745392,-0.8455906,-0.23528935,0.0049424544,0.08027001,0.5676153,-0.39859807,-0.5199459,0.6946397,-0.041611385,-0.6670888,-0.23028603,0.4042053,0.64090055,-0.14439686,-0.26715478,0.6218463,-0.3417756,-0.3203392,0.068245426,0.110383034,0.33058578
minneapolis,2016,-0.2539537,-0.43402466,0.91329557,-0.31986195,-0.01679983,0.028187037,0.84284204,1.0784872,-0.38365662,-0.2962905,0.56462765,-0.8694298,-0.3563943,0.20670715,-0.12689918,0.49760884,-0.29561168,-0.24045734,0.6208331,0.22416963,-0.30710515,-0.3940602,0.47277147,0.3143221,-0.33878112,-0.5739368,0.08533856,-0.57152194,-0.074122876,0.29738334,0.38651025,0.38502458
minneapolis,2017,-0.32033473,-0.54348487,0.9776918,-0.28657788,0.015388392,-0.089569576,0.70773435,1.2051427,-0.7213804,-0.20820618,0.4767535,-0.91528,-0.24425586,0.064775266,-0.13999623,0.51649225,-0.44839573,-0.31011927,0.6090346,0.20713909,-0.587744,-0.2725365,0.53968465,0.3927754,-0.29884166,-0.39529347,0.37537786,-0.61532795,-0.42449632,0.2819242,0.28684962,0.33699492
minneapolis,2018,-0.24114199,-0.4209723,0.9000044,-0.18854778,0.107914925,-0.09287374,0.257156,1.4929849,-1.3334597,-0.029761698,0.35849077,-1.0119615,-0.044273667,-0.21038866,0.040199667,0.5733799,-0.5613427,-0.3720702,0.7808924,-0.005585052,-0.9738953,0.017315738,0.5480337,0.6921413,-0.029846638,-0.13287693,0.835085,-0.403803,-0.8749477,0.24574299,0.028071418,0.24169117
minneapolis,2019,-0.22303122,-0.35816994,0.90224326,-0.106093094,0.20579655,0.070711665,0.6467919,1.3668449,-0.9480735,0.01720741,0.56055,-1.0218308,-0.27204788,-0.0460151,0.0249744,0.67627,-0.6179834,-0.68196493,0.9371417,0.008388873,-1.0406597,-0.2883237,0.57444453,0.7180259,-0.16965812,-0.28279305,0.8106943,-0.63671017,-0.4947009,0.14329843,0.13548404,0.4245829
minneapolis,2021,0.42753035,0.18896493,0.8935754,-0.11028288,0.8654552,0.4636137,0.3268667,2.2664375,-1.6856189,0.5638418,0.79486376,-1.6639898,-0.3186456,-0.27903408,0.6978512,0.8251293,-0.9950882,-1.8240867,1.4014134,-0.7686433,-1.6078373,-0.4051596,0.73886955,1.6972387,0.0363911,-0.06394705,2.1582031,-0.24929813,-0.24381366,-0.43022993,-0.35587397,0.5737893
minneapolis,2022,-0.53773856,-0.739951,1.3191518,-0.42269987,-0.40390497,0.06432121,0.85148335,1.9829974,-1.2163002,-0.341932,0.5938688,-1.270407,-0.13042077,-0.17293137,-0.12229994,0.64482355,-0.4150139,0.035358023,0.98447084,0.43626294,-0.8593673,-0.14656755,0.6191615,0.3350449,-0.19803676,-0.2909854,0.10914639,-0.92255056,-0.7603748,0.4633145,0.2713875,0.3572856
minneapolis,2023,-0.39978674,-0.44757578,1.105417,-0.05474375,0.08430962,0.2196908,0.82164127,1.7202373,-1.1090896,0.012530271,0.6960206,-1.2125249,-0.3258552,-0.18458155,0.0973501,0.8078098,-0.66519743,-0.7252962,1.2741624,0.157132,-1.3549216,-0.34360358,0.68929994,0.79523396,-0.13491431,-0.27691746,0.74692476,-0.90644825,-0.57782745,0.18481116,0.19015113,0.53161794
nashville,2013,1.1886588,0.60115796,0.32871145,-0.34461352,0.4170668,1.0064335,1.7099981,1.7357901,0.30782437,-0.27224946,0.69961745,-1.9473522,-0.77163076,1.3785914,1.5349323,1.0071449,0.2897337,-2.2035077,1.059023,-1.518165,0.23282889,-1.0420396,-0.29111394,1.834676,-0.93013465,-1.5597653,1.2586346,0.76806724,1.5555735,-0.19812103,0.5174483,0.26076663
nashville,2014,0.6420174,0.31600872,-0.46779352,-0.6602086,-0.38654554,0.5978158,0.46696496,0.9932929,-0.19295606,-0.3559454,-0.32583424,-1.2186143,0.15098038,0.45592797,1.0912831,0.2859065,0.6611972,-0.5575293,0.10553409,-0.58250415,0.5104656,0.10379301,-0.59583294,1.0179391,-0.5078763,-0.44426978,0.2585464,1.0562214,0.39317113,-0.22559182,0.30677262,-0.2771094
nashville,2015,0.36427456,0.23580736,-0.40570572,-1.0033541,-1.1187227,0.40539318,0.479709,1.563626,-0.5273628,-0.75998735,-0.49915856,-1.3277061,0.53761446,0.39716864,0.56269884,0.13856095,0.8164086,0.47931764,0.042564142,-0.29286605,0.70167875,0.4985427,-0.7672688,0.2048004,-0.63385105,0.07500392,-0.007627506,0.9994341,-0.40271318,0.35341713,0.21590456,-0.7415606
nashville,2016,-0.249869,-0.5076839,0.3141654,-0.582948,-1.0506775,0.26113588,0.89592165,1.449746,-0.06378533,-0.9525101,-0.081443384,-1.1371193,0.10950358,0.3501513,0.33163312,0.53114736,0.7016845,0.25732577,0.52388644,0.13968916,0.2721336,-0.03181743,-0.3231345,0.058191508,-0.8704972,-0.23921026,-0.22872028,0.059714235,-0.1989345,0.28852436,0.6112946,-0.22278303
nashville,2017,-0.33386314,-0.74860054,0.67852014,-0.80584997,-1.4439371,-0.0013085529,0.96208864,2.0532136,-0.61912197,-1.2787634,-0.114576645,-1.3779769,0.37392956,0.36536345,0.13527726,0.5370741,0.71948457,0.7251163,0.47723556,0.20874234,0.2772561,0.15886948,-0.26721916,-0.2520615,-0.9044152,-0.07102038,-0.20588699,0.006259866,-0.6318794,0.51474607,0.64969367,-0.36109796
nashville,2018,-0.52095616,-1.0344775,1.0172887,-0.5330634,-1.1261556,-0.11829183,1.0131385,1.7968876,-0.57363695,-1.0669192,0.064439975,-1.2242827,0.09668332,0.33580863,0.018664295,0.73950803,0.38090676,0.28982815,0.63500345,0.23371069,-0.22044906,-0.16149044,0.09045544,-0.013076186,-0.84104025,-0.16085577,0.05403545,-0.35102344,-0.50871724,0.36934963,0.6526601,-0.061911065
nashville,2019,-0.4810109,-0.9967223,1.0031054,-0.5562361,-1.1600873,-0.1734378,0.91629016,1.8667085,-0.7423469,-1.0902444,0.017749242,-1.2491577,0.16638325,0.27884948,-0.0008602571,0.71045995,0.39208913,0.3734663,0.58205867,0.22375032,-0.22118413,-0.07211619,0.07786852,-0.040899128,-0.78555524,-0.10331085,0.07765962,-0.30023992,-0.65521514,0.40017414,0.6116451,-0.1500807
nashville,2021,0.6792189,0.65950525,0.15852967,-1.2693176,-0.74578214,0.79818547,-0.6826137,3.0419176,-2.6259153,-0.19174153,-0.31887725,-2.4314404,1.0909134,-0.7170929,1.7364243,0.08078787,0.3828361,-0.12181687,0.71298224,-0.6301588,-0.53377414,0.75648034,-0.021102041,1.5559592,0.18469867,0.72196394,1.0270119,1.8411115,-1.3750558,0.08848181,-0.35269105,-0.5786179
nashville,2022,-0.30039132,-0.41261104,0.62571645,-0.83349365,-1.5169356,0.42303908,0.8603044,2.497664,-1.2976236,-1.1063284,-0.041322567,-1.5646296,0.4924661,-0.291608,0.18075624,0.6769273,0.7634455,1.0312953,0.9852562,0.4774446,-0.15114588,0.44469315,-0.1620869,-0.061543107,-0.38093328,0.42786276,-0.40201095,-0.07658044,-1.0486131,0.57844895,0.28339887,-0.392051
nashville,2023,-0.5409415,-0.39431864,0.62515086,-0.22064476,-0.9337347,0.6504385,0.35231495,2.1416097,-1.3528805,-0.4364166,0.049049888,-1.3831233,0.052231252,-0.5419566,0.44284508,0.8639076,0.15555921,0.045105163,1.3843801,0.23450466,-1.1014614,0.057434313,0.20936888,0.7575032,0.04048813,0.3378973,0.34261993,-0.26527876,-0.9528495,0.05639028,0.012952939,-0.13774295
new_orleans,2013,1.1196295,0.9039489,0.008843787,-0.15603207,0.14194733,1.6289885,2.0378962,1.9410644,0.7107815,-0.39237323,0.8974681,-2.3221157,-0.88251364,0.9286618,1.9638294,1.1649016,0.86509335,-2.2741652,1.6595427,-1.3271931,0.1287089,-1.1148703,-0.53699374,2.0276616,-0.91744983,-1.4940329,0.9758876,0.71108085,1.7846732,-0.2986183,0.5065423,0.56808597
new_orleans,2014,0.7591579,0.6157766,-0.12740102,-0.39563823,-0.23814411,1.5159684,1.9247239,1.5792857,1.1814759,-0.8609109,0.5876558,-2.1924567,-0.63414484,0.99102485,1.6895912,0.8452883,1.2664481,-1.4189254,1.428889,-0.91396576,0.6386706,-0.78700703,-0.68729424,1.5777564,-1.2014267,-1.6335046,-0.1291394,0.80650216,1.4077451,0.22716416,0.88200086,0.44999668
new_orleans,2015,0.7044512,0.46853903,0.23015705,-0.18428393,0.013710901,1.3516225,1.990807,1.6788421,0.9727975,-0.69004595,0.8044068,-2.114375,-0.87093055,1.0535191,1.6525612,1.0833447,0.89093125,-1.8359921,1.5656726,-1.0571743,0.2398678,-1.0668645,-0.4409643,1.7530396,-1.1569381,-1.6084678,0.4733535,0.595786,1.541471,0.02449299,0.8752704,0.5254112
new_orleans,2016,0.42734286,0.18300697,0.3549444,-0.12422407,-0.06242214,1.0503213,1.7909791,1.5429695,0.68233573,-0.65730983,0.6375165,-1.8246298,-0.8082793,0.8775457,1.442718,1.1120315,0.7062438,-1.674786,1.4611485,-0.87002814,-0.0030179694,-0.9750667,-0.31192455,1.5951352,-1.0210913,-1.300698,0.64658946,0.4066576,1.2577116,-0.12365644,0.8827602,0.45592052
new_orleans,2017,0.406479,0.4421879,-0.3442623,-0.5355753,-0.6651223,0.92213684,-0.07959457,1.7412634,-1.1438407,-0.13531068,-0.28405586,-1.6968725,0.36681384,-0.3518481,1.6237297,0.5891696,0.70758903,-0.89315283,0.60155517,-0.65937215,-0.43121302,0.07042482,-0.47697034,1.6799533,-0.029455975,0.31807193,0.97828156,1.212088,0.084327675,-0.8880688,-0.038609594,-0.42518297
new_orleans,2018,0.09349676,0.01919479,0.5362792,0.23067391,-0.07503371,1.007462,1.6481438,1.7289524,0.20851772,-0.49131173,0.66949797,-1.6579168,-0.85515285,0.3817176,1.2119242,1.3376095,0.39610383,-1.7186579,1.8803253,-0.5854327,-0.7905516,-0.95830935,-0.019431546,1.6449566,-0.64455473,-0.8186239,1.1426319,-0.12062725,0.8768702,-0.4896476,0.63903624,0.72730225
new_orleans,2019,-0.07559014,-0.05497446,0.16724771,0.12853882,-0.34622896,0.78900665,0.94420433,1.4290094,-0.108602434,-0.3796146,0.21984546,-1.3583192,-0.45385957,0.0102192685,1.1298345,1.0634861,0.46240354,-1.1088921,1.3856926,-0.2849913,-0.76048577,-0.54790443,-0.1054486,1.4993272,-0.30105072,-0.3141452,0.8827121,0.11831953,0.49066496,-0.57239914,0.4008813,0.3591221
new_orleans,2021,2.1353168,1.6010716,0.75659245,-0.026151996,1.0905367,2.3188982,2.3295465,4.0390186,-0.80477107,0.4238396,1.4256295,-3.7473824,-1.3844982,0.9487308,2.9972231,1.8734329,-0.08593074,-4.8074336,2.7457423,-2.6926284,-1.3212218,-1.8604774,-0.037602305,3.6929164,-0.50913525,-1.3798616,3.8099794,0.6936377,2.135879,-1.7184595,-0.084851265,1.0323244
new_orleans,2022,-0.6309813,-0.63911915,1.3967333,-0.1767348,-0.6610572,0.9399064,2.3114483,2.0591297,0.87808573,-1.1888211,0.93356866,-1.7677308,-0.80918735,0.62272805,0.92155766,1.133755,0.5405626,-0.8897493,1.9624918,0.2326649,-0.24715841,-1.2041297,0.32913315,0.75385374,-1.233644,-1.2124813,-0.29446656,-0.9016756,0.57854486,0.45880887,1.2864697,0.6874954
new_orleans,2023,-0.17293541,-0.1134116,0.38931715,0.22653873,-0.30339405,0.76403385,0.9318239,1.6745696,-0.43084472,-0.32194343,0.25504103,-1.482662,-0.4892673,-0.07602947,1.0960813,1.2398623,0.21540639,-1.3048526,1.6046515,-0.30916023,-1.1454113,-0.575858,0.07401226,1.6271877,-0.23956585,-0.19917738,1.234146,-0.009589501,0.34153557,-0.70422137,0.3925828,0.3705478
oklahoma_city,2013,0.6395635,-0.50307214,1.0805194,-0.701083,0.5480311,-0.15468165,1.3237827,1.5475426,-0.435929,-0.68245125,0.1466191,-1.6119488,-0.61546534,1.5538315,0.93110067,1.2806194,-0.21796471,-2.121867,0.50815356,-1.4836657,-0.28065264,-0.9189852,-0.010458022,1.8421474,-1.2017751,-1.1274931,2.0777793,0.70053697,0.9288752,-0.56265193,1.071344,-0.2360266
oklahoma_city,2014,0.630155,-0.5337464,0.22169146,-1.1147554,-0.24227403,-0.57762337,-0.13817492,1.5023139,-1.3094573,-0.58822954,-0.5194441,-1.4689993,0.31462437,0.46562934,0.95611227,0.6127546,0.50797826,-0.7673704,-0.44080788,-1.0197561,0.05006408,0.095391445,-0.34308484,1.3260233,-0.9665477,-0.08735481,1.2572587,1.2442247,-0.11543457,-0.4079369,0.6463011,-0.77943736
oklahoma_city,2015,0.17316219,-0.78642493,0.3465079,-0.7928105,-0.5447973,-0.5230257,0.43192363,1.1340097,-0.5778335,-0.82674503,-0.5291781,-1.2197024,0.039244622,0.71107984,0.5904037,0.6688651,0.51440555,-0.47398594,-0.29205242,-0.6958785,0.17947929,-0.072382815,-0.36913633,0.83699477,-1.07238,-0.37310648,0.7896858,0.8093182,-0.058911666,-0.15022054,0.87371737,-0.6276301
oklahoma_city,2016,-0.008275846,-0.8108098,1.1290005,-0.5613574,0.07912029,-0.21272454,1.2887101,1.2339551,-0.048703313,-0.90439755,0.053314,-1.3109097,-0.61870784,1.2995385,0.58836615,1.0278773,-0.12590185,-1.383125,0.4556979,-0.8324693,-0.14868471,-0.7279681,0.10387224,1.268151,-1.211966,-1.0725281,1.2248735,0.3565992,0.5154983,-0.18009834,1.23732,-0.10020506
oklahoma_city,2017,0.14267012,-0.75842166,0.5143077,-0.64186347,-0.2305242,-0.49455208,0.4782687,1.1160778,-0.7225237,-0.72583455,-0.3518784,-1.1213893,-0.095925264,0.6644616,0.5673224,0.89302623,0.3165083,-0.8389121,0.009894054,-0.7757373,-0.26434267,-0.2541571,-0.18009362,1.1229826,-0.85557556,-0.34206563,1.2061545,0.54041594,0.032683067,-0.40734485,0.7782758,-0.37436062
oklahoma_city,2018,-0.17920499,-1.0409741,0.7421622,-0.6305175,-0.6364886,-0.7252055,0.5149089,1.3062232,-0.7941729,-1.0019431,-0.37467217,-1.130979,-0.01687289,0.60332334,0.25051048,0.83827424,0.36377013,-0.36880365,-0.02275579,-0.5034754,-0.24763477,-0.13003382,-0.14855534,0.66043836,-0.96918136,-0.24112734,0.95074666,0.2858061,-0.36842978,-0.09862499,0.83254474,-0.43376002
oklahoma_city,2019,-0.31419045,-1.0927764,1.0875976,-0.5052889,-0.30295166,-0.63024324,0.83995235,1.2801116,-0.60827315,-0.9792695,-0.18684287,-1.1290956,-0.31386995,0.771912,0.2188692,1.0086429,0.014100343,-0.8242233,0.2835109,-0.5246172,-0.5399293,-0.39311796,0.09791759,0.89498246,-0.97430915,-0.48206854,1.1915362,-0.01817631,-0.21132436,-0.22867271,0.96784025,-0.12690325
oklahoma_city,2021,-0.08797305,-0.8922747,1.7235506,-0.46544957,0.26656264,-0.16690522,1.9174764,1.6126187,0.062197417,-1.0206292,0.46895003,-1.526023,-0.96284497,1.6210793,0.47624546,1.2998142,-0.48409587,-1.8656776,0.918331,-0.9141791,-0.4374265,-1.1543496,0.38124835,1.372719,-1.4186571,-1.4108949,1.5067561,-0.07173585,0.75868756,-0.03196745,1.428097,0.1867476
oklahoma_city,2022,-0.6968516,-1.7446829,2.079205,-0.98254013,-0.39674604,-0.6563747,1.8029518,1.8862956,0.06598376,-1.6492662,0.15731926,-1.6776464,-0.6219773,1.5822216,0.019732067,0.96238947,-0.07305621,-0.78438705,0.1926656,-0.23933305,0.114321284,-0.87795717,0.4574901,0.44411415,-1.8204883,-1.4768844,0.5710544,-0.10066595,0.1429142,0.4919671,1.7216752,0.07738704
oklahoma_city,2023,0.03711269,-0.99997765,0.59724313,-1.2918043,-1.140519,-0.96688926,0.4792415,1.9577487,-0.9766762,-1.4965369,-0.6464352,-1.5626854,0.43817103,0.96238506,0.19585586,0.45542958,0.7801825,0.37897807,-0.5996166,-0.5232558,0.6083067,0.34678182,-0.43713054,0.16716494,-1.3715125,-0.27101713,0.69154793,0.88962364,-0.78875196,0.43596748,1.0412991,-1.01239
orlando,2013,2.1342573,0.91318387,0.6009254,-1.3100033,0.7362305,1.0916383,1.9433198,2.2876537,0.06542282,-0.2521429,0.66035634,-2.7475686,-0.67392147,2.7429717,1.7862116,0.7804903,0.103218846,-2.8099616,0.27502918,-2.6184351,1.2270296,-1.2582104,-0.5667405,2.536382,-1.370408,-2.604068,1.3274341,1.9461223,2.0684314,0.089458644,0.75136477,-0.37666878
orlando,2014,1.2277199,0.21729606,0.095771514,-1.7444587,-0.20324214,0.4526376,1.1140935,1.7206346,0.18356903,-0.7000503,-0.17130302,-2.0864947,-0.0069366544,2.2664418,0.98039806,0.008590549,0.5523846,-0.57120204,-0.71903527,-1.3107502,1.6392268,-0.19253376,-0.7703651,1.1499274,-1.4034063,-1.9078412,-0.19827384,2.0397615,1.051819,0.71257615,0.9734492,-0.72379917
orlando,2015,0.9952842,-0.064426,-0.080252,-1.5522187,-0.4590168,-0.024127536,0.40721095,1.5162835,-0.46416968,-0.7047492,-0.5359114,-1.7759237,0.39027202,1.4309431,0.720238,0.007278383,0.54759353,-0.1623313,-0.8965422,-0.929142,1.2546902,0.21239263,-0.7019633,0.90738994,-1.2128813,-0.9271421,0.19671693,1.8459285,0.18472248,0.41787794,0.76173,-0.8381165
orlando,2016,0.2340204,-0.85034484,1.0193479,-2.2287366,-0.8968926,-0.30698484,1.7053642,2.6037812,0.31474245,-1.7352008,-0.09510908,-2.3176174,0.13707091,2.1793435,0.14753346,-0.2743571,0.95420325,0.67554694,-0.90913165,-0.14297578,2.0471175,0.0498574,-0.2903828,-0.34126976,-2.0287611,-1.9566436,-0.9740929,1.3316047,0.38861784,1.5621635,1.6727598,-0.66487867
orlando,2017,0.42889455,-0.6297936,0.42029384,-1.3693321,-0.61250687,-0.75077623,0.28309637,1.5729482,-0.7623242,-0.96042573,-0.47513133,-1.521754,0.3699683,1.0472405,0.14380094,0.07651693,0.35656744,0.18099678,-0.85374093,-0.55424726,0.8422768,0.24447381,-0.24073878,0.46344417,-1.176116,-0.5927838,0.46055546,1.1709983,-0.43154973,0.4855784,0.8246047,-0.75606024
orlando,2018,-0.012193466,-1.0050824,0.90025145,-1.0938603,-0.34079665,-0.9294018,0.56016237,1.3101153,-0.6186748,-0.989584,-0.28992102,-1.2538712,0.053427592,1.0015068,-0.12786765,0.33386555,0.08130738,-0.10052778,-0.6181846,-0.37842697,0.44545674,-0.05381704,0.11673698,0.3464519,-1.1062857,-0.7660172,0.5658917,0.5710508,-0.4176996,0.42913815,0.91488427,-0.41161063
orlando,2019,-0.06438998,-1.0906899,0.97436076,-0.94152075,-0.26816076,-1.111685,0.35879713,1.3466021,-0.93117326,-0.9836183,-0.2538471,-1.1033722,0.10319795,0.75791,-0.19064692,0.41341808,0.054014787,-0.13435169,-0.4247518,-0.40343702,0.12937078,0.02499529,0.17343405,0.41288796,-0.97416544,-0.54441357,0.8533388,0.34383446,-0.635283,0.334308,0.7810856,-0.3304914
orlando,2021,1.851873,0.6707563,0.17736748,-1.2634996,1.0047654,0.28074366,-0.97625846,2.624568,-2.435352,0.6630845,0.12685438,-2.4279327,0.61171967,-0.16447675,2.0065563,0.29063514,-0.31877342,-2.215536,0.22026648,-1.7405181,-0.5909696,-0.051706485,0.24617745,2.7319226,-0.18349634,0.103630275,2.5938973,1.9177808,0.17296427,-0.979268,-0.55671215,-0.18220125
orlando,2022,0.10368144,-1.0483435,1.4148934,-3.0479324,-1.9517293,-0.4536484,1.9518197,4.1059294,-0.801916,-2.520935,-0.24899577,-2.7999325,0.73685956,1.620792,-0.27949944,-0.51089966,1.20968,2.3572452,-0.57479674,0.52290183,2.2070775,1.0482305,-0.29764035,-1.3758347,-1.8030764,-1.0118072,-1.4189912,0.8115734,-0.8504474,1.8988421,1.5210373,-0.8088734
orlando,2023,-0.13850072,-0.8658535,0.93386483,-1.0093265,-0.9016277,-0.6704981,0.5698705,1.7532694,-0.9328426,-1.1355549,-0.14097959,-1.2399951,0.3103112,0.5650301,-0.27520373,0.16430771,0.26450413,0.6063362,-0.21392673,0.026139159,0.46993196,0.28646263,0.05639553,-0.26231003,-0.8264527,-0.35440427,0.13293323,0.2540172,-0.8709677,0.6722578,0.6398292,-0.42014655
philadelphia,2013,2.0933692,2.3521252,0.47579226,-0.45455146,1.1892208,1.8236334,2.232586,2.2175078,0.38333726,0.7814516,2.252064,-2.4333365,-0.7984275,1.4251864,1.1645818,0.14723456,-0.38360453,-2.161784,1.1673362,-1.570703,0.9694299,-1.3924654,0.22519353,1.562998,-0.02438204,-2.6487424,0.48200998,0.71973777,1.891329,0.9089021,-0.546941,1.0639715
philadelphia,2014,1.3847076,1.6545458,0.24374846,-0.63128185,0.64980805,1.2769871,1.26812,1.4662375,-0.042289898,0.6872613,1.4215167,-1.745707,-0.25392526,0.46550673,0.7253264,-0.22028789,-0.38746697,-0.7238408,0.653826,-0.5781408,0.7468534,-0.4603285,0.37986714,0.99173826,0.35482383,-1.5171592,-0.302713,0.6706087,0.8254621,0.85320723,-0.52483433,0.87397337
philadelphia,2015,0.8546023,1.1607771,0.52192456,-0.55084133,0.6848193,0.9914152,1.3539834,1.3537887,-0.0749075,0.5038481,1.5189396,-1.4294311,-0.48265064,0.32785746,0.3069851,-0.014851287,-0.4278229,-0.48901835,0.7677379,-0.1953589,0.4869529,-0.48920122,0.54370916,0.7353508,0.25438717,-1.4565535,-0.52936083,0.0048468187,0.7260736,0.9182429,-0.26720268,0.89987
philadelphia,2016,0.5580326,0.7663669,0.7977842,-0.71203566,0.63715184,0.7800422,1.4417927,1.4265635,-0.14574684,0.32661438,1.5372216,-1.367156,-0.58587193,0.3294739,0.056036696,-0.005718276,-0.49752063,-0.28056467,0.72288454,0.102287054,0.43814734,-0.5001963,0.6548331,0.4911158,0.13361752,-1.4477267,-0.76485866,-0.32190412,0.667465,1.0090855,-0.075840294,0.8778315
philadelphia,2017,0.7548327,0.9147032,1.0113342,-0.192876,1.0082141,0.77132493,1.570363,1.7294543,-0.5337455,0.5556024,1.7656035,-1.462462,-0.86538076,0.4712584,0.016292648,0.58931005,-0.9161973,-1.4261032,1.1867355,-0.42286137,-0.3608184,-0.92610747,0.7199472,0.99361765,0.023871131,-1.3156288,0.5831131,-0.7009436,0.7514365,0.6138314,-0.17980024,0.8820695
philadelphia,2018,0.5269702,0.60888076,0.7955273,-0.31234717,0.7540089,0.51892143,1.0102265,1.4791404,-0.9636767,0.6844419,1.3409191,-1.3268728,-0.36879224,-0.04794851,0.06015014,0.28800005,-0.97244227,-0.8089901,0.8945559,-0.083888784,-0.5784969,-0.3785705,0.7194668,0.84214205,0.2310578,-0.748118,0.34479025,-0.4824667,0.09219477,0.60981596,-0.29919094,0.80439043
philadelphia,2019,0.2834604,0.31868306,1.0692606,-0.5126717,0.70802236,0.43032575,1.2456744,1.4946849,-0.8485597,0.44030488,1.4751107,-1.2979165,-0.540152,0.0665377,-0.16959617,0.30992237,-0.9272417,-0.60350657,0.87519765,0.15762848,-0.41315293,-0.47875848,0.78767025,0.6285298,0.08706718,-0.91961247,-0.058826696,-0.738633,0.17717946,0.77389425,-0.06538096,0.83789283
philadelphia,2021,1.9317038,1.9635366,0.8865182,-0.11052823,1.5242286,1.3904572,1.4951758,2.7464728,-1.117386,1.2732394,1.9093837,-2.3936427,-0.48632115,0.62189114,1.1534913,0.40700817,-1.3041879,-2.7582262,1.446964,-1.5084558,-0.5819536,-1.0599661,0.69787717,1.893213,0.36822787,-1.4544837,1.9803303,0.24858159,0.8926467,0.14911146,-0.87824064,1.2115915
philadelphia,2022,0.20768197,0.22260568,0.9866534,-1.1718967,0.095141366,0.43239802,1.1807415,1.7726445,-0.6943136,0.11974174,1.1736637,-1.3796937,0.030768394,-0.3258707,-0.1458034,-0.406705,-0.34698394,0.70395136,0.6063995,0.77889574,0.39737332,0.15423694,0.82033074,0.06312576,0.34143832,-0.88028914,-1.3319027,-0.43005323,-0.10607825,1.0962306,0.022036716,0.75032216
philadelphia,2023,0.08748499,0.09460745,1.3001665,-0.6475806,0.6370517,0.38867486,1.4164212,1.6815251,-0.9022628,0.3485723,1.591442,-1.3585498,-0.5985815,-0.03468389,-0.28904796,0.28114647,-0.9101807,-0.40337685,0.9584408,0.42368114,-0.45037025,-0.49059913,0.9038968,0.4556795,0.06889003,-0.9606303,-0.36855757,-1.0118054,0.14041704,0.88879144,0.0497789,0.91359836
phoenix,2013,1.9081401,1.1491739,0.6880744,-0.96687627,1.0638955,0.9853565,1.7824883,1.9885076,-0.078356534,0.18725973,1.0600295,-2.1863334,-0.7336706,2.1676648,1.0221839,0.5145,-0.48258495,-2.3218172,0.4207226,-2.0026357,0.9407172,-1.2092254,0.020430595,1.8896961,-0.7437093,-2.312474,1.0867677,1.1627599,1.6666411,0.35517466,0.14231169,0.07356123
phoenix,2014,0.95203143,0.42103305,0.6160577,-1.3011727,0.45088196,0.5197262,1.3048508,1.4934654,0.35895765,-0.31472212,0.6393269,-1.6340897,-0.5535746,1.9565667,0.334147,-0.039389774,-0.16579926,-0.69038993,-0.19496122,-0.8379562,1.3451477,-0.6540025,0.11460325,0.90217954,-0.8500537,-2.1694813,-0.35956895,1.0656474,1.1593375,1.005925,0.5797439,-0.13107707
phoenix,2015,0.6908917,0.06509014,0.5684638,-1.366301,0.16339986,0.054586552,0.7809945,1.3906646,-0.0051381737,-0.4218567,0.29245287,-1.3804524,-0.15195006,1.5325942,-0.0042942073,-0.20313272,-0.13933656,-0.068054825,-0.49518913,-0.42629552,1.2597497,-0.20871896,0.16004957,0.5091874,-0.73599255,-1.6209154,-0.34014386,1.0520221,0.57347983,0.93460006,0.5615462,-0.2510443
phoenix,2016,0.45992905,-0.2099157,0.7395879,-1.421853,0.026176907,-0.2504927,0.66111153,1.4606363,-0.1984678,-0.5898757,0.20293993,-1.3275486,-0.026412427,1.3087356,-0.2551869,-0.2592535,-0.151901,0.24092236,-0.6412595,-0.15168796,1.2486686,-0.037561305,0.29446226,0.2349833,-0.7623179,-1.3922064,-0.33447006,0.91296685,0.23109084,0.987803,0.64402676,-0.31892905
phoenix,2017,0.5152642,-0.18216914,0.5575324,-1.2331016,-0.03128095,-0.47582287,0.24262396,1.2909929,-0.6573281,-0.38033557,0.030313596,-1.1725115,0.20040293,0.8515531,-0.26840377,-0.2923421,-0.2937236,0.26705107,-0.7228966,-0.17413789,0.9207057,0.16770838,0.31297874,0.32102662,-0.57907736,-0.8393779,0.07519019,0.8525034,-0.29615647,0.7349112,0.3657109,-0.34721345
phoenix,2018,0.39121264,-0.26743695,0.6781272,-1.2436647,-0.0790866,-0.5437002,0.34020132,1.3542088,-0.68117,-0.4474132,0.08182696,-1.1762897,0.21364824,0.7665437,-0.3502393,-0.3464316,-0.29610366,0.42412376,-0.68808746,-0.012413468,0.93199885,0.24469393,0.4009421,0.16782768,-0.5308689,-0.82352906,-0.038756806,0.7030535,-0.3924104,0.8295661,0.377561,-0.284755
phoenix,2019,0.38490024,-0.2345129,0.69336087,-1.2535453,-0.076062754,-0.5147835,0.36554876,1.3750635,-0.6993141,-0.42298797,0.11376163,-1.1721991,0.2294075,0.7093549,-0.36802557,-0.39472494,-0.3198771,0.50323576,-0.66020423,0.054497305,0.95650995,0.29694784,0.43909574,0.123799235,-0.46225953,-0.8066869,-0.113729626,0.6638545,-0.41396776,0.86651456,0.33119363,-0.25534236
phoenix,2021,1.424955,0.7802667,0.1915924,-2.3075035,-1.0537591,0.13559675,-0.033254087,2.856063,-2.0224528,-0.56191784,-0.47770813,-2.423553,1.5982372,0.39760545,0.68830794,-1.2391258,-0.02004353,1.4626203,-0.6314721,-0.41053274,1.4131625,1.4153721,-0.015687048,0.37323123,-0.2262536,0.18861225,-0.13175708,2.0652225,-1.7740979,1.4768783,-0.14574033,-0.790713
phoenix,2022,0.21354619,-0.41430554,0.9885661,-1.2201744,-0.2922107,-0.5153547,0.36777353,1.742712,-1.227862,-0.556927,0.20228526,-1.2674276,0.4336577,0.12239071,-0.42897597,-0.38304076,-0.2826155,0.9418913,-0.1980095,0.35644218,0.6255821,0.6242984,0.5873941,-0.12984633,-0.22930959,-0.37038466,-0.27067932,0.29514894,-0.97976017,0.9825522,0.2315853,-0.058879014
phoenix,2023,-0.08121424,-0.5510805,1.107352,-0.8861222,0.08878408,-0.4977711,0.48622158,1.385225,-1.1158574,-0.29188275,0.42060813,-1.0912597,0.08692667,0.07410445,-0.49319163,-0.04084018,-0.5708332,0.35719442,-0.020970177,0.34542233,0.15023063,0.17053065,0.68340373,0.14369878,-0.17475036,-0.6176865,-0.022216123,-0.1980949,-0.7161206,0.7146992,0.2105324,0.2397298
pittsburgh,2013,1.6265674,0.85974044,0.4265849,-0.7170358,0.6427417,1.0639226,1.7866547,1.9125957,0.19397406,-0.123853296,0.79523176,-2.1927881,-0.73716444,1.8881363,1.5022249,0.82884216,0.08022266,-2.3717172,0.73983175,-1.9089279,0.6655973,-1.1342796,-0.28148767,1.9936533,-0.9740515,-2.017755,1.1947427,1.1380035,1.7182763,0.027283955,0.4567153,0.073991634
pittsburgh,2014,1.2340094,0.4760085,0.16439661,-0.67297804,0.41572815,0.624366,1.0311422,1.3842919,-0.19682354,-0.115000665,0.26117676,-1.6007681,-0.39502698,1.2612529,1.2203602,0.6441485,0.07411363,-1.6783289,0.3568402,-1.3945014,0.44784003,-0.61588913,-0.23845932,1.6332498,-0.67196524,-1.2217317,1.0834948,1.0534955,1.0721303,-0.24600504,0.31499255,-0.09258141
pittsburgh,2015,1.0627283,0.36675617,-0.09967532,-0.6438595,0.20141707,0.50080144,0.5726318,1.0929923,-0.34199014,-0.0696865,-0.00038670763,-1.2892935,-0.14817268,0.84150857,1.0902412,0.4274056,0.16811797,-1.1894802,0.11020902,-1.0396888,0.42115283,-0.26221168,-0.27940932,1.3803008,-0.49856645,-0.7953785,0.7904267,1.047949,0.75741863,-0.31621617,0.19566941,-0.14330982
pittsburgh,2016,0.9512901,0.40218404,0.5029136,-0.39749032,0.5024565,0.69484425,1.503511,1.4588535,0.13959424,-0.21197575,0.65515655,-1.6253518,-0.715748,1.338958,1.0391009,0.8986764,-0.058602013,-1.8189892,0.83686244,-1.2829524,0.18167011,-0.927998,-0.05920866,1.5287361,-0.80029035,-1.4654899,1.0926108,0.56768465,1.2135493,-0.02521928,0.47686177,0.1913475
pittsburgh,2017,0.9744702,0.42658135,-0.09010104,-0.55573237,0.22838728,0.44934863,0.027328804,1.3179723,-0.9904898,0.18011403,-0.044479042,-1.339247,0.15404911,0.15389252,1.1866239,0.3995577,0.10752642,-1.162429,0.14133611,-0.90074795,-0.086330734,-0.12763616,-0.068737045,1.4958608,-0.20073497,-0.14220506,1.1132847,1.0985835,0.38856372,-0.55609655,-0.12489179,-0.14046948
pittsburgh,2018,0.29661572,-0.03475114,0.22391757,-0.14640999,0.08482468,0.2969363,0.55119354,0.98510015,-0.42391676,-0.16236545,0.0912724,-0.9857627,-0.2836692,0.25603905,0.657941,0.7046045,0.021515287,-0.9139535,0.6501539,-0.4981267,-0.4286006,-0.3336822,0.06356779,1.1082481,-0.24422461,-0.30820453,0.92006737,0.26151237,0.2634717,-0.39677718,0.21297538,0.15004948
pittsburgh,2019,0.1910007,-0.119254865,0.5253188,0.008942191,0.17999159,0.33272797,0.9495353,1.0662074,-0.19287033,-0.24838975,0.36277065,-1.0030543,-0.54171956,0.48709226,0.5267862,0.9080777,-0.11497749,-1.1217431,0.99555254,-0.5080957,-0.5651083,-0.54203737,0.14878076,1.1188779,-0.38892877,-0.58737105,0.98430496,-0.040456362,0.4511966,-0.2877238,0.37683767,0.3973213
pittsburgh,2021,2.0059342,1.0900371,1.1144769,-0.22244217,1.5404643,1.3618003,1.6481395,3.486349,-1.3147238,0.52752477,1.258518,-2.894971,-1.122854,1.0664512,1.92514,1.6167183,-0.84044755,-4.1025844,2.070665,-2.4260209,-1.3192551,-1.4692035,0.4395057,3.1578722,-0.46150166,-1.121016,3.742885,0.39329356,1.602915,-1.3748792,-0.13762176,0.82158107
pittsburgh,2022,-0.011502141,-0.19640794,0.60164136,0.0022922903,0.0046959966,0.48249954,1.176559,1.1126724,0.12146266,-0.4183526,0.51180124,-1.0634319,-0.600405,0.44638473,0.5774102,0.8678223,0.09098109,-0.9217124,1.1738598,-0.26782277,-0.43681973,-0.66028744,0.1731178,0.94029397,-0.5065562,-0.73784256,0.49898747,-0.22165817,0.45032787,-0.07170102,0.5398122,0.5682408
pittsburgh,2023,-0.2348397,-0.2771383,0.34143603,-0.054076653,-0.3510164,0.2644467,0.40375692,1.0178443,-0.4465192,-0.26729918,0.06982912,-0.8338946,-0.14680752,-0.083239526,0.3859548,0.65411735,0.071519285,-0.32137728,0.7406231,-0.008656304,-0.5314257,-0.17302743,0.09924221,0.686267,-0.1605075,-0.07552045,0.43286595,-0.10951703,-0.16809222,-0.18275218,0.15708086,0.11634878
raleigh,2013,1.3378214,0.33894882,0.4945721,-0.680099,0.4446752,0.7368737,1.6486514,1.8168325,0.07826871,-0.47055578,0.41191778,-2.1310797,-0.6383254,1.8414239,1.6888795,1.0892851,0.2856291,-2.451825,0.7218193,-1.8978453,0.38557917,-1.0068812,-0.44865355,2.139246,-1.2730703,-1.7103391,1.5490462,1.2700394,1.5951581,-0.28911975,0.8713555,-0.12179562
raleigh,2014,0.69252443,-0.07689243,-0.38832355,-1.2526455,-0.9149074,0.14726177,0.4815377,1.5095327,-0.40523243,-0.92778623,-0.74704385,-1.6094797,0.44160312,1.0315937,0.93525696,0.243512,1.0209736,-0.101427585,-0.51633537,-0.83906555,1.0030384,0.34885105,-1.0778847,0.7159984,-1.2024636,-0.40049848,0.27426103,1.579161,0.03904687,0.10849433,0.71522367,-0.9685345
raleigh,2015,0.7305555,0.18094808,-0.50954515,-1.354067,-1.0357497,0.22961959,0.26738143,1.7316258,-0.7996218,-0.8543411,-0.747387,-1.6573908,0.6543479,0.7313722,0.97578806,0.10196474,1.0145825,0.09780908,-0.4467599,-0.7628407,0.94557047,0.5136306,-1.0915874,0.62298334,-0.96870464,-0.019673526,0.333452,1.612366,-0.23043028,0.06327653,0.4445494,-1.0677602
raleigh,2016,0.301452,-0.3542417,0.05079686,-1.86643,-1.7028916,0.22269595,1.400558,2.6017728,-0.055463567,-1.8195368,-0.5143602,-2.1247797,0.67344964,1.4095083,0.40172505,0.038358778,1.4881259,1.1298345,-0.23948005,-0.15127216,1.5779865,0.6733679,-1.1040921,-0.4327324,-1.7607839,-0.6161919,-0.7267222,1.1593082,-0.3085273,1.0590518,1.1375284,-0.92771024
raleigh,2017,-0.080204405,-0.55157965,0.13481343,-0.7552204,-1.1228926,0.024503551,0.81124336,1.4585114,-0.22730626,-1.0273815,-0.3655571,-1.2947794,0.23198833,0.6391548,0.4827946,0.52261066,0.82752717,0.13179533,0.08671811,-0.2349859,0.4492465,0.11381228,-0.6116477,0.23006785,-1.1033251,-0.27123278,0.12461008,0.57552135,-0.18458235,0.2647643,0.7579244,-0.55821675
raleigh,2018,-0.09400635,-0.4925015,0.2143125,-0.5905225,-1.0802964,-0.12529898,0.43089426,1.5153716,-0.84638065,-0.9436029,-0.41528064,-1.1924305,0.2740516,0.24216902,0.3991349,0.6314975,0.66811097,0.14309636,0.16945112,-0.22875266,-0.003213562,0.17825776,-0.44345585,0.35559395,-0.70871353,0.10713197,0.45521402,0.41252694,-0.53647864,0.095818296,0.49981835,-0.68833226
raleigh,2019,-0.32618678,-0.7321948,0.5511336,-0.32820654,-0.7980841,-0.076057486,0.6892804,1.2433844,-0.4081744,-0.7747292,-0.16049193,-1.031866,-0.06497692,0.31443012,0.3536262,0.78777313,0.35302195,-0.23490615,0.44398507,-0.14514644,-0.2629166,-0.16678616,-0.17160682,0.53656197,-0.72661406,-0.18593538,0.47432062,0.044258967,-0.18898389,-0.059264127,0.5898953,-0.20641667
raleigh,2021,0.45510334,0.34005028,-0.13518935,-1.0899885,-1.0550334,0.4236248,-0.103483364,2.2420943,-1.673868,-0.6290511,-0.53784734,-1.754823,0.7444922,-0.14746377,1.1153495,0.24184224,0.7899094,0.1502105,0.21781014,-0.4742849,0.061113372,0.5668786,-0.5010302,0.8446119,-0.28489932,0.5420764,0.5995664,1.354993,-0.87349236,0.062289264,0.016236186,-0.8844429
raleigh,2022,-0.19047755,-0.8858138,1.0585635,-2.06479,-1.9946712,0.16710904,2.0145805,3.4618144,-0.24110664,-2.2614567,-0.027405567,-2.4181523,0.53499097,1.076805,0.1249243,0.2138451,1.4018373,1.6273481,0.40019894,0.5977967,1.3843423,0.5272822,-0.55312777,-0.9647481,-1.744423,-0.67265344,-1.3592606,0.312195,-0.4727211,1.2693698,1.3902199,-0.45365104
raleigh,2023,-0.29843503,-0.49858856,0.3674363,-0.4387345,-1.2855692,0.14074779,0.5417798,1.8142478,-0.94565785,-0.99361855,-0.26077357,-1.2498074,0.31792825,-0.020421632,0.31286505,0.71269417,0.66798973,0.40271547,0.5815623,0.09562287,-0.23150611,0.16863167,-0.3107022,0.16286147,-0.56834024,0.24878877,0.20305604,0.08610516,-0.77631736,0.24768166,0.34925726,-0.52735573
sacramento,2013,2.658891,1.9292085,0.04739108,-1.1727443,0.5710675,2.252623,2.593681,2.684504,0.85571754,-0.096503854,1.2321105,-3.5021288,-0.7942073,2.6412342,2.4820008,0.6023185,0.6724361,-3.0544837,0.95274293,-2.7903576,1.6170614,-1.4625405,-0.96902084,2.7167113,-1.2935625,-3.1733348,0.708594,2.1536982,2.6616416,0.39307064,0.4138863,0.21899234
sacramento,2014,1.6723413,1.1487132,-0.34271726,-1.1243488,-0.06652132,1.5015206,1.4957049,1.7643663,0.50211847,-0.32038283,0.3721381,-2.420015,-0.21122356,1.7699298,1.7347232,0.2431121,0.7527032,-1.4444413,0.3055698,-1.6573751,1.3415997,-0.478725,-0.9803244,1.7196081,-0.99969053,-1.9988089,0.0384576,1.7939805,1.5117682,0.33218032,0.4313199,-0.029259998
sacramento,2015,0.9481963,0.5855953,-0.48144388,-0.9507756,-0.37325847,0.895387,0.8058086,1.16537,0.17774661,-0.4432275,-0.13850324,-1.6109324,0.09999329,1.0013663,1.2053283,0.12899004,0.73473525,-0.52747655,0.073010266,-0.81536245,0.9611518,0.07439847,-0.8003373,1.0650425,-0.75397277,-1.0293179,-0.13101809,1.3822383,0.6858776,0.18698068,0.44493067,-0.21697874
sacramento,2016,0.31365228,-0.1513933,0.4442682,-1.1262891,-0.49753648,0.5766397,1.5823369,1.6224618,0.9559287,-1.1299669,0.2930074,-1.8073719,-0.2929305,1.3869169,0.64707166,0.14840816,0.894346,-0.15034409,0.25514036,-0.25475305,1.2379692,-0.39053476,-0.33845392,0.28391185,-1.4912,-1.76702,-0.98047405,0.7017597,0.8754366,0.9358714,1.213717,-0.03369342
sacramento,2017,0.3216381,-0.17971134,0.12305351,-0.38331985,-0.07549785,0.18569845,0.51220894,0.8054625,-0.25362152,-0.30946454,-0.13333254,-0.9381428,-0.18131676,0.49735677,0.6802502,0.5834187,0.19000474,-0.7398322,0.2822538,-0.5415775,0.025254324,-0.21177861,-0.12951802,1.0329361,-0.49022955,-0.47554404,0.6653945,0.54843605,0.31827384,-0.28931338,0.41904742,-0.10066088
sacramento,2018,0.011146886,-0.40380993,0.22924727,-0.37832838,-0.50130075,-0.1158316,0.21461049,1.0454082,-0.7460262,-0.4322634,-0.23963761,-0.9220214,0.075607345,0.07373888,0.39052954,0.52046305,0.29483896,-0.20410725,0.15465373,-0.26266494,-0.18886614,0.017162226,-0.12487312,0.61302966,-0.40874016,0.03741175,0.5679341,0.3481572,-0.3313992,-0.114501044,0.2772684,-0.3291534
sacramento,2019,-0.06963187,-0.33718807,0.3146692,-0.1865259,-0.25260383,0.02270203,0.15246183,1.0896369,-0.7870715,-0.26588327,-0.11327899,-0.94548094,-0.07321534,-0.07112841,0.5094421,0.6637423,0.08909872,-0.50480705,0.49909878,-0.312876,-0.59375334,-0.098303355,0.075983055,0.9418015,-0.17509776,0.05505678,0.8951189,0.2053706,-0.25750977,-0.38342553,0.15041843,-0.079206385
sacramento,2021,1.7252737,1.253264,-0.146844,-0.58141184,0.48450714,1.3125322,0.52323073,2.321609,-1.1698208,0.5667193,0.36380902,-2.3730783,0.020087868,0.26243392,2.237929,0.4911985,0.14876047,-2.35053,0.7553965,-1.5825775,-0.21407479,-0.5151808,-0.13942996,2.4348698,-0.00024155527,-0.4952309,1.8735247,1.5778447,0.941761,-0.9263431,-0.49467605,0.27965644
sacramento,2022,-0.37485632,-0.5444912,0.7322114,-0.47825378,-0.78308976,0.41848218,1.173379,1.4434721,0.2891026,-0.90933394,0.31411016,-1.1610113,-0.22995107,0.3531533,0.31548977,0.5455586,0.49977815,0.038480658,0.8796636,0.32709298,0.18838745,-0.3579267,0.03020329,0.14841259,-0.8064107,-0.60626054,-0.5247559,-0.32990807,0.1287412,0.3363576,0.7533237,0.19799519
sacramento,2023,-0.08182744,-0.17845842,0.3061879,0.006172534,-0.17163382,0.45150703,0.79936665,0.96902686,-0.053655937,-0.32636794,0.22705059,-0.93171716,-0.3743648,0.13637751,0.6052765,0.7223029,0.20875669,-0.632392,0.973793,-0.087928906,-0.41791165,-0.37810034,0.060113236,0.8708409,-0.31422782,-0.4148601,0.3741053,-0.0972326,0.22794104,-0.180602,0.34996372,0.41436347
salt_lake_city,2013,0.034233026,-0.1820032,0.61328965,0.16215405,-0.03334473,0.66845953,1.297879,1.5935962,-0.20036076,-0.43651265,0.39015758,-1.4534183,-0.7071209,0.36319298,0.9557381,1.3007711,0.08220591,-1.6056973,1.578922,-0.5664724,-0.98499167,-0.748556,0.065949336,1.6115508,-0.5477072,-0.55190367,1.3897016,-0.09062626,0.586241,-0.6059511,0.5902643,0.5069072
salt_lake_city,2014,-0.38685012,-0.51548004,0.38483036,-0.19647624,-0.94511104,0.34767762,0.67573434,1.380199,-0.3429641,-0.7295307,-0.08084064,-1.0756444,-0.027018726,0.015222378,0.5523603,0.8000599,0.50016063,-0.18065655,0.8425441,0.044109274,-0.39186588,-0.13226998,-0.23361757,0.6456445,-0.5257212,-0.0076733828,0.30721536,-0.044512533,-0.16407502,-0.1550953,0.45081478,-0.15326554
salt_lake_city,2015,-0.44210184,-0.53084,0.43337783,-0.1878416,-1.025627,0.3574326,0.65333563,1.4949499,-0.46460372,-0.7593918,-0.074914075,-1.1153922,0.0024724752,-0.038505178,0.50735414,0.8258563,0.47670963,-0.090375096,0.89546216,0.08010614,-0.48752815,-0.10316167,-0.20369667,0.59038424,-0.49708408,0.08006738,0.3076249,-0.09782263,-0.28899097,-0.116222724,0.4084297,-0.17510952
salt_lake_city,2016,-0.41018528,-0.35269138,0.3072885,-0.2281328,-1.1597937,0.46187145,0.39766437,1.7279518,-0.84079087,-0.75485784,-0.19977282,-1.2119493,0.14031215,-0.21918237,0.5579191,0.8060639,0.5623671,0.06590699,0.8935365,0.061494026,-0.58503556,0.056968648,-0.24756753,0.6421128,-0.33754689,0.32515535,0.35610074,0.07999162,-0.5272209,-0.11409341,0.27902043,-0.42940477
salt_lake_city,2017,-0.43070313,-0.36994544,0.30279195,-0.3492829,-1.3487867,0.5445861,0.5483423,1.9368675,-0.92229795,-0.90390897,-0.20386684,-1.3268229,0.23402424,-0.22114882,0.46750295,0.8407451,0.69151855,0.319966,0.9824555,0.197467,-0.5039259,0.11795056,-0.29800203,0.43238026,-0.43138778,0.3951577,0.12897815,0.004020311,-0.6936033,0.09837289,0.28754866,-0.47832885
salt_lake_city,2018,-0.48775,-0.21752083,0.33438247,-0.21536548,-1.2476461,0.7407275,0.2700589,2.1674013,-1.2560158,-0.6883761,-0.18178774,-1.4442432,0.17240067,-0.48727837,0.6806159,0.90706944,0.5399075,0.06516598,1.2537298,0.10286501,-0.9367616,0.13818564,-0.14253566,0.84966475,-0.09384713,0.5031023,0.4386596,0.105132796,-0.811033,-0.16425367,0.13278086,-0.484709
salt_lake_city,2019,-0.5913313,-0.39599228,0.52179414,-0.43684185,-1.5600698,0.84686816,0.6254912,2.5467556,-1.4602058,-0.93804663,-0.15331699,-1.6827184,0.27333486,-0.52067465,0.5067121,0.9861046,0.64922583,0.5065855,1.447699,0.40230912,-0.85097885,0.23936746,-0.11513069,0.5197581,-0.25064746,0.5957983,-0.012490828,-0.09692966,-1.1663885,0.22190778,0.19670887,-0.47853035
salt_lake_city,2021,-0.38047302,0.10054908,0.34412232,-0.782548,-1.7980307,1.261796,0.6575827,2.9826837,-1.8551846,-0.97414047,-0.33330706,-2.1432376,0.7138033,-0.71071243,0.857489,0.757553,0.74913627,0.86739355,1.6186768,0.29595602,-0.79839814,0.54555994,-0.30026793,0.6084642,0.11866761,0.86103433,-0.08189227,0.49445337,-1.5382218,0.38927478,-0.05817458,-0.65131325
salt_lake_city,2022,-0.8050776,-0.6124428,0.91967005,-0.540489,-1.6592546,1.1548008,1.374929,2.7784705,-0.87568897,-0.9606477,0.454496,-1.8067539,0.055608615,-0.43351066,0.42956445,1.1751881,0.64875066,0.4102761,2.0538144,0.8940132,-0.92053205,-0.14254662,0.123823285,0.48152846,-0.40423673,0.28413537,-0.60305953,-0.90940714,-0.6208166,0.35258183,0.5262229,0.025809776
salt_lake_city,2023,-0.70301473,-0.3654884,0.6791876,-0.3277412,-1.3658085,1.2280751,0.9191261,2.5399933,-1.0349907,-0.64754987,0.32048246,-1.6649256,0.027546078,-0.6091843,0.5850893,1.1401892,0.5008012,0.096846566,2.053684,0.6951865,-1.1460052,-0.08522297,0.13725266,0.85069746,-0.093937546,0.33671343,-0.2133582,-0.68026567,-0.6466213,0.06672911,0.28915268,-0.0005637901
san_antonio,2013,1.3978409,0.2098068,0.85402626,-0.9605526,0.74038076,0.39766768,1.5234568,1.8126214,-0.29519504,-0.38261172,0.38309103,-2.0334053,-0.6203542,2.1426628,1.2519422,0.9850141,-0.20953247,-2.4260237,0.34910166,-2.0134444,0.46930888,-1.0313559,-0.19753394,2.1191196,-1.2180898,-1.8252909,1.7059507,1.3221459,1.4354441,-0.18504225,0.83204544,-0.31364885
san_antonio,2014,0.7247944,-0.35103256,0.10677632,-1.3721797,-0.45415205,-0.2902943,0.38200653,1.4189523,-0.5124981,-0.7798536,-0.5468839,-1.610815,0.3002267,1.2526196,0.6126532,0.17212997,0.5072777,-0.22286628,-0.8199632,-0.85163695,0.95011175,0.13500974,-0.5572299,0.87508017,-1.2123713,-0.79196054,0.40723136,1.5490661,0.05172565,0.2881106,0.83055794,-0.78172797
san_antonio,2015,0.45830643,-0.564742,0.23615327,-1.1063461,-0.54549867,-0.7205098,0.024766296,1.4240847,-0.9647809,-0.78485024,-0.51786685,-1.2880406,0.38317078,0.6925031,0.4024518,0.26059306,0.44767967,-0.03337278,-0.6484355,-0.6850582,0.5154937,0.2859465,-0.34063518,0.670842,-1.0221937,-0.27387527,0.7300807,1.0896714,-0.4374012,0.13404758,0.65352243,-0.7799105
san_antonio,2016,-0.24285264,-1.1222498,1.349385,-1.0167794,-0.17144354,-0.42981797,1.3192756,1.4045262,0.08142306,-1.1232247,0.095424704,-1.4553492,-0.47168016,1.469491,0.063291,0.6418698,-0.019580342,-0.5906015,-0.08124552,-0.391786,0.46854678,-0.61242384,0.2312352,0.47870892,-1.4318789,-1.4539561,0.3307567,0.43161628,0.28347823,0.5279583,1.3211429,-0.09261348
san_antonio,2017,-0.25879788,-1.1335965,1.596154,-0.885146,0.08453365,-0.6281534,1.3156161,1.3568265,-0.15350135,-1.0767362,0.14331079,-1.3112739,-0.59404624,1.4960252,-0.08015138,0.861902,-0.37851384,-0.9832365,0.058920626,-0.5807861,0.036606543,-0.7266749,0.3733699,0.7212897,-1.3218622,-1.3096614,0.92306906,0.19175106,0.18870011,0.2887805,1.293119,-0.070691966
san_antonio,2018,0.24211732,-0.87548393,0.6357381,-0.9591085,-0.24432392,-1.0157015,0.0693161,1.3319716,-1.0885469,-0.80742145,-0.3987721,-1.1508409,0.21987803,0.61323285,0.17890081,0.4467189,0.18926635,-0.301524,-0.46596465,-0.66073805,0.096554436,0.11042788,-0.03367366,0.75632757,-0.95944977,-0.34439105,1.0278714,0.6726223,-0.53260034,0.10270423,0.69474846,-0.530838
san_antonio,2019,0.04143337,-0.9273482,0.8090156,-0.7739882,-0.0406703,-0.9443901,0.20096561,1.2226515,-1.0326422,-0.7343074,-0.2365611,-1.002939,0.025067016,0.59940135,0.088959605,0.63255966,0.019544363,-0.4662937,-0.198984,-0.6109365,-0.26917532,-0.07402157,0.11348169,0.8280894,-0.7752999,-0.33447254,1.1934775,0.32113478,-0.49104512,0.010919061,0.6181956,-0.2769529
san_antonio,2021,1.2284724,0.2419869,-0.026945658,-0.941163,0.30404937,0.19462425,0.03878385,1.3709209,-1.0082371,0.039887566,-0.2083229,-1.369758,0.15970938,0.63402456,1.1018579,0.4475287,0.09556013,-1.230194,-0.247161,-1.161419,0.2741608,-0.13779664,-0.1757284,1.6123748,-0.5415663,-0.37735423,1.215646,1.3310317,0.526708,-0.5585325,0.12006834,-0.43717793
san_antonio,2022,0.5447677,-0.15924108,0.050185613,-1.6802381,-1.5064507,-0.26082358,0.54053,2.3708189,-1.0920742,-1.3564492,-0.6866131,-1.7981554,0.9128929,0.8697201,0.18729049,-0.12856191,0.8705981,1.2280351,-0.48833862,-0.33945304,1.2249187,0.9272043,-0.6699389,-0.24117815,-0.9791204,-0.028432652,-0.041833196,1.1592356,-1.0835712,0.90716505,0.5168192,-1.0667393
san_antonio,2023,0.08268569,-0.44428983,0.28105107,-0.7895715,-0.7270438,-0.3309696,0.36510134,1.2752721,-0.6480722,-0.7679549,-0.28413746,-1.0121255,0.30586702,0.49070013,0.08558776,0.21273175,0.4015991,0.3005561,-0.20355345,-0.2128659,0.4438617,0.25396904,-0.21707815,0.10286228,-0.70401907,-0.20373079,0.2382364,0.5054989,-0.51046544,0.35890707,0.44635248,-0.50986344
st_louis,2013,1.8772231,1.1975859,0.32825089,-0.78304327,0.6887078,1.3677193,1.9447157,2.0576086,0.3429249,-0.004375454,0.99598366,-2.3969615,-0.7859087,1.9908596,1.5923471,0.70897174,0.12616926,-2.4435136,0.79065317,-2.0244422,0.9027584,-1.2196226,-0.3269888,2.0511053,-0.91838735,-2.278746,0.9850183,1.2329215,1.9125699,0.18241975,0.30892578,0.16654192
st_louis,2014,1.1965474,0.682558,0.17584753,-0.79984957,0.29788,1.0132405,1.4207318,1.3986628,0.43142557,-0.2183558,0.6178536,-1.8637445,-0.57071424,1.6142551,1.0806643,0.4671834,0.1979228,-1.4378814,0.4301349,-1.2952797,0.9191505,-0.77633077,-0.3272803,1.4722733,-0.90232456,-1.9138119,0.18729934,1.0983491,1.3461106,0.44010326,0.47239885,0.03265695
st_louis,2015,0.45386055,-0.018063009,0.5881694,-0.60226357,0.3049165,0.37529418,1.2475433,1.045514,0.28387398,-0.43390024,0.46741462,-1.3366512,-0.6151501,1.3197154,0.53139675,0.58722115,-0.15113139,-1.0538646,0.42711473,-0.74447644,0.3924268,-0.73769474,0.085288554,1.0204098,-0.8821868,-1.452163,0.36277023,0.51001936,0.82603943,0.40001258,0.69471234,0.09842757
st_louis,2016,0.2744893,-0.26026013,1.0054905,-0.48820102,0.43112695,0.11745899,1.3525221,1.1402158,0.051775366,-0.46773762,0.5202689,-1.2329981,-0.7539111,1.3126224,0.3128979,0.8074604,-0.4671359,-1.270913,0.588622,-0.74109507,0.0010738894,-0.8533143,0.3047694,1.0097563,-0.8732945,-1.3140509,0.81821847,0.17890884,0.7276267,0.21936987,0.7670188,0.16431649
st_louis,2017,0.29992428,-0.4489,1.2801558,-0.2959241,0.63178694,-0.14810619,1.2359502,1.3943665,-0.49766034,-0.40668422,0.49210206,-1.207919,-0.69750124,1.1098506,0.18828037,1.1317682,-0.72494286,-1.6534182,0.84819704,-0.9632232,-0.7991648,-0.88231206,0.4359932,1.3585682,-0.67618954,-0.8614416,1.834182,-0.1808396,0.5325429,-0.29954442,0.5833669,0.26946685
st_louis,2018,0.10791688,-0.547917,0.96137166,-0.37663397,0.44887197,-0.3661275,0.67201716,1.2188323,-0.7195379,-0.35065818,0.24104951,-1.0003804,-0.3674813,0.6592287,0.15973294,0.9191879,-0.47189558,-1.112786,0.5542692,-0.695732,-0.8025186,-0.4915476,0.3934678,1.1606622,-0.52694035,-0.47581655,1.5974159,-0.05296784,0.0066888556,-0.25033998,0.4596967,0.16270186
st_louis,2019,-0.10351248,-0.6969287,0.9772274,-0.41516113,0.20566694,-0.45187032,0.6377669,1.0695168,-0.6278689,-0.45487761,0.13223402,-0.8823894,-0.32749295,0.60594934,0.02413102,0.77153647,-0.38634294,-0.78349644,0.3635099,-0.45778012,-0.59082544,-0.36761513,0.38491526,0.8594869,-0.56125206,-0.46957526,1.1907012,-0.13546336,-0.20391476,-0.070984915,0.52246255,0.12347064
st_louis,2021,1.2028388,0.39335132,0.5767237,-0.71596426,1.0904186,0.3054701,-0.21291965,2.3540134,-1.8941822,0.488483,0.4213836,-1.9351271,-0.076641396,0.05914981,1.3292345,0.8168949,-0.60219455,-2.2279885,0.7706418,-1.4725852,-1.0466074,-0.34302327,0.3763155,2.276383,-0.22274977,-0.048459947,2.6325264,0.89702386,0.27523923,-0.9818081,-0.3202633,0.13061154
st_louis,2022,-0.42400447,-0.8172203,0.9287949,-0.2579982,-0.35197198,-0.25609392,0.645054,1.2324255,-0.67605805,-0.5455716,0.085892685,-0.9321028,-0.17642663,0.24283212,0.013457289,0.7023282,-0.17259604,-0.259943,0.53273284,-0.024952073,-0.61751723,-0.20760947,0.30748618,0.43284848,-0.48195618,-0.27880424,0.600311,-0.39164466,-0.545295,0.12763748,0.40290958,0.12528454
st_louis,2023,-0.20054276,-0.45688516,0.61022806,-0.13645594,-0.085485674,-0.08832189,0.35147193,1.04396,-0.75353324,-0.2499504,0.07527806,-0.8479353,-0.13338365,0.031348176,0.2251988,0.64337283,-0.20159966,-0.45837444,0.5587274,-0.18519558,-0.65715015,-0.123076074,0.2617213,0.7218482,-0.21384415,-0.1339382,0.81362635,-0.13661039,-0.4464978,-0.119905785,0.19026643,0.11882669
tampa,2013,2.1218066,0.93025374,0.69820297,-1.3257396,0.85883296,1.0081279,1.894799,2.2474523,-0.04014285,-0.17057008,0.719929,-2.6516914,-0.68055034,2.7264595,1.5720296,0.7035425,-0.09747822,-2.7407339,0.21323013,-2.549506,1.2148839,-1.2608504,-0.41938058,2.4379647,-1.2576861,-2.5958045,1.3232359,1.8509465,1.9760828,0.15899546,0.6447387,-0.345843
tampa,2014,1.3888601,0.34119827,0.4946222,-1.4820359,0.33145422,0.5532015,1.2398779,1.6140683,0.06331137,-0.38819343,0.20800485,-2.0164194,-0.3371626,2.3137856,0.9971521,0.2239303,0.035607897,-1.3598782,-0.3992011,-1.6046615,1.3564498,-0.6102367,-0.38519034,1.6290455,-1.2027277,-2.108991,0.28692243,1.7741116,1.3309994,0.49757978,0.84119123,-0.5419343
tampa,2015,1.0699981,-0.062391363,0.23069522,-1.4164469,0.06302257,0.020146593,0.38881597,1.2792883,-0.5330653,-0.35813928,-0.243081,-1.5743747,0.13967945,1.481706,0.6393509,0.16906413,0.055596538,-0.6601812,-0.702105,-1.0883398,0.9678763,-0.12208114,-0.32388607,1.2625976,-0.9824881,-1.0668774,0.4669733,1.6729571,0.44134954,0.25950274,0.6322182,-0.6296306
tampa,2016,0.46630064,-0.5243751,0.6763912,-1.3073689,-0.090310015,-0.32975727,0.67938346,1.278817,-0.2338631,-0.7381211,-0.15016209,-1.4148259,-0.0281834,1.4616318,0.1368834,0.17768832,0.05248171,-0.2953887,-0.679261,-0.6570965,0.908989,-0.19778153,-0.05177115,0.6799495,-1.0954359,-1.2353201,0.22812697,1.1498255,0.2511351,0.5473162,0.90283936,-0.52711576
tampa,2017,0.23795356,-0.6859611,0.9194384,-1.0287286,0.2791661,-0.53147125,0.71920806,1.0563419,-0.4324329,-0.6770098,-0.047260642,-1.1528043,-0.26378846,1.3040136,0.0016159508,0.5535214,-0.29630467,-0.6920151,-0.34504807,-0.67509663,0.3279819,-0.45189437,0.2310091,0.84995425,-0.92503214,-1.0525796,0.8132538,0.6641332,0.1176677,0.25507388,0.81279,-0.29444444
tampa,2018,0.27819246,-0.73072374,0.72495013,-0.99079466,0.11490987,-0.86333394,0.27664587,1.1436645,-0.8671776,-0.6263509,-0.20776042,-1.0554535,0.05032696,0.8749713,-0.020184046,0.4232758,-0.15979299,-0.4491895,-0.44752622,-0.63125104,0.12460915,-0.09505389,0.17021036,0.795837,-0.82682025,-0.6235793,0.98160094,0.5558098,-0.30670977,0.1774808,0.6026612,-0.2869387
tampa,2019,0.0133488085,-0.9355686,0.88690376,-0.9004909,-0.059624724,-1.0349628,0.31464952,1.2071869,-0.8821155,-0.78904366,-0.17002816,-1.0141467,0.0900466,0.7318394,-0.20620206,0.37422824,-0.07880164,-0.21698977,-0.4083295,-0.42185113,0.081675544,-0.01488734,0.23079139,0.5219907,-0.84352064,-0.57484424,0.8746291,0.32553053,-0.557056,0.31141666,0.66101545,-0.23478864
tampa,2021,1.1663687,0.2939544,0.043115444,-1.6784275,-0.49979144,-0.14611256,-0.618282,2.408459,-2.0622542,-0.46970055,-0.5622116,-2.0893114,1.0970317,0.22648233,1.1772668,-0.39943394,0.26075092,0.14482163,-0.49608088,-0.7830881,0.54412746,0.7934771,-0.12163788,1.1448085,-0.53424525,0.2769214,0.8389593,1.8981508,-1.1675639,0.44104663,0.0677893,-0.82299715
tampa,2022,0.044124134,-0.80110854,1.0140562,-1.7609522,-1.2821245,-0.6390013,0.9491243,2.5964308,-1.0409678,-1.522055,-0.21810225,-1.7772285,0.56314194,0.7879398,-0.29604504,-0.18133074,0.51661426,1.4122465,-0.40211338,0.26058155,1.1545197,0.6724658,0.018292278,-0.7266354,-0.991995,-0.45540738,-0.41564143,0.4782845,-1.0650023,1.1542178,0.8105007,-0.6051745
tampa,2023,-0.050493322,-0.6899385,0.7783927,-0.6945107,-0.48745435,-0.6583235,0.17756703,1.4689993,-1.1104491,-0.7347644,-0.08592479,-1.0305934,0.2881415,0.20209485,-0.18524621,0.19410405,0.037238818,0.37452856,-0.046525255,-0.03949436,0.06612866,0.29037037,0.21188724,0.09099038,-0.50080085,-0.18389106,0.4076439,0.18778461,-0.96576667,0.52918696,0.3482505,-0.249667
