metro,year,z_img_0,z_img_1,z_img_2,z_img_3,z_img_4,z_img_5,z_img_6,z_img_7,z_img_8,z_img_9,z_img_10,z_img_11,z_img_12,z_img_13,z_img_14,z_img_15
atlanta,2013,0.11787695437669754,-0.20388394594192505,-0.19044311344623566,0.17357705533504486,0.014387309551239014,-0.0962759330868721,-0.023798532783985138,0.3804052770137787,0.018568459898233414,-0.24492403864860535,0.1648692488670349,0.10846909135580063,0.25207120180130005,-0.23956656455993652,-0.07816369831562042,-0.16193430125713348
atlanta,2014,0.06737241894006729,-0.010443242266774178,0.011295147240161896,-0.004567086696624756,-0.07624959200620651,0.06560472398996353,-0.009347571060061455,0.16158729791641235,0.04336211830377579,0.013207826763391495,0.10360255837440491,-0.05083192139863968,0.026866812258958817,-0.20225197076797485,-0.01827245205640793,-0.0764734148979187
atlanta,2015,0.052284613251686096,-0.09664475917816162,0.0003067031502723694,0.028691157698631287,-0.14416968822479248,0.06621862202882767,0.021516326814889908,0.1919860541820526,0.09496968984603882,0.017274033278226852,0.11253948509693146,-0.060191936790943146,0.05145711079239845,-0.2957848906517029,-0.09068591892719269,-0.188156858086586
atlanta,2016,0.10551340132951736,-0.23300763964653015,-0.19946053624153137,0.18543770909309387,0.0034582167863845825,-0.10923749953508377,-0.016807880252599716,0.37400102615356445,0.025555241852998734,-0.25434982776641846,0.15504750609397888,0.12237834185361862,0.269883394241333,-0.2537507116794586,-0.09951309859752655,-0.18467135727405548
atlanta,2017,0.1937299221754074,-0.1712474524974823,-0.10785597562789917,0.10265661776065826,-0.048653602600097656,-0.024622909724712372,-0.029399555176496506,0.4346214532852173,0.05488323047757149,-0.15955018997192383,0.21398891508579254,0.03172227740287781,0.19266097247600555,-0.37170183658599854,-0.15995238721370697,-0.19029799103736877
atlanta,2018,-0.0150276068598032,-0.011575758457183838,0.026646830141544342,-0.010079890489578247,-0.12251047044992447,0.1106320470571518,0.01675933599472046,0.04574812948703766,0.055129509419202805,0.09139418601989746,0.06517349183559418,-0.07764223963022232,-0.02954385057091713,-0.16789090633392334,0.005433611571788788,-0.087888702750206
atlanta,2019,-0.012396501377224922,-0.23494072258472443,-0.25376778841018677,0.22865810990333557,0.02643921971321106,-0.12456241995096207,0.013306711800396442,0.25042158365249634,0.004369873553514481,-0.27720487117767334,0.07533065974712372,0.1596887856721878,0.26612696051597595,-0.10320018976926804,0.010763943195343018,-0.13655216991901398
atlanta,2020,0.24350190162658691,-0.11913962662220001,-0.0185740664601326,0.0324244387447834,-0.10136787593364716,0.03758729621767998,-0.03388378396630287,0.4466296136379242,0.0880558118224144,-0.07786434888839722,0.23842620849609375,-0.046841099858284,0.12751542031764984,-0.4602784216403961,-0.20847098529338837,-0.20515897870063782
atlanta,2021,0.2948417365550995,-0.029707740992307663,0.013354666531085968,0.013014756143093109,-0.070826455950737,0.0626056119799614,-0.05834546312689781,0.44745513796806335,0.05338447913527489,-0.07069560885429382,0.2460719794034958,-0.0710752010345459,0.08213533461093903,-0.43889907002449036,-0.13977257907390594,-0.14817973971366882
atlanta,2022,0.26436707377433777,-0.16192732751369476,-0.03673255443572998,0.046814046800136566,-0.10504621267318726,0.02422662079334259,-0.04061797633767128,0.49959996342658997,0.10301004350185394,-0.09346848726272583,0.2619152069091797,-0.03564082831144333,0.1594085991382599,-0.5067415833473206,-0.27041393518447876,-0.24541546404361725
atlanta,2023,0.12310884147882462,-0.15073321759700775,-0.05756400525569916,0.06471607834100723,-0.09634454548358917,0.020025216042995453,0.005367849953472614,0.319502592086792,0.08986236155033112,-0.07375751435756683,0.16116419434547424,-0.013665077276527882,0.12057372182607651,-0.3364604413509369,-0.14568163454532623,-0.18540741503238678
austin,2013,0.2239871472120285,-0.28157952427864075,-0.12247688323259354,0.12251110374927521,-0.060534074902534485,-0.08669324964284897,-0.04623519629240036,0.5289149284362793,0.07201434671878815,-0.1952086091041565,0.2541966438293457,0.06627651304006577,0.27864590287208557,-0.4759024977684021,-0.30325156450271606,-0.2869012951850891
austin,2014,-0.027528705075383186,-0.31988194584846497,-0.35857582092285156,0.3276505172252655,0.09661996364593506,-0.21627014875411987,0.015863604843616486,0.28441768884658813,-0.024876940995454788,-0.40260159969329834,0.05327460169792175,0.2510112524032593,0.3810153603553772,-0.04733937233686447,0.023180823773145676,-0.1702735722064972
austin,2015,0.22683526575565338,-0.2063901424407959,-0.15008901059627533,0.13946792483329773,-0.0020679980516433716,-0.07379434257745743,-0.06451607495546341,0.49437597393989563,0.02273717150092125,-0.22997130453586578,0.24586139619350433,0.07468580454587936,0.2596381604671478,-0.37823164463043213,-0.1820371299982071,-0.19323037564754486
austin,2016,0.20289857685565948,-0.2528481185436249,-0.1799607127904892,0.16748738288879395,0.013261377811431885,-0.11669936031103134,-0.05561565235257149,0.5013321042060852,0.02353503927588463,-0.26465409994125366,0.23340386152267456,0.10876497626304626,0.304597407579422,-0.3675006926059723,-0.19366534054279327,-0.22279387712478638
austin,2017,0.2642439901828766,-0.2594772279262543,-0.11040886491537094,0.10667016357183456,-0.04629865288734436,-0.07537543028593063,-0.0673123374581337,0.5591627955436707,0.0689874142408371,-0.1873083859682083,0.2814995348453522,0.05080728977918625,0.27575987577438354,-0.505016565322876,-0.3197888731956482,-0.27548226714134216
austin,2018,0.21494944393634796,-0.27038589119911194,-0.15344560146331787,0.1476125419139862,-0.02440507709980011,-0.10444755107164383,-0.05012108013033867,0.5202575325965881,0.04638979956507683,-0.2358650267124176,0.246880441904068,0.09357509016990662,0.2965143620967865,-0.42032289505004883,-0.25229042768478394,-0.2583158016204834
austin,2019,0.138521209359169,-0.3307878375053406,-0.242908775806427,0.2286563217639923,0.03631699085235596,-0.18185952305793762,-0.028587214648723602,0.47492823004722595,0.011597882956266403,-0.32546374201774597,0.1917419135570526,0.1734439581632614,0.37076085805892944,-0.30644044280052185,-0.1818551868200302,-0.2514422833919525
austin,2020,0.13527615368366241,-0.3435872197151184,-0.26564496755599976,0.2480490803718567,0.04999008774757385,-0.20791304111480713,-0.030127570033073425,0.4716153144836426,-0.003905516117811203,-0.3569050133228302,0.18307499587535858,0.19511793553829193,0.3913547396659851,-0.27435049414634705,-0.16675211489200592,-0.24415360391139984
austin,2021,0.21838335692882538,-0.22949248552322388,-0.17876172065734863,0.1691882610321045,0.03271961212158203,-0.11168191581964493,-0.06885992735624313,0.5044644474983215,0.014357831329107285,-0.27115127444267273,0.23892022669315338,0.112359918653965,0.29694026708602905,-0.35353749990463257,-0.17647598683834076,-0.19978877902030945
austin,2022,0.2530084550380707,-0.2944226562976837,-0.0989035964012146,0.10006830096244812,-0.07529440522193909,-0.07700852304697037,-0.05325896665453911,0.5665753483772278,0.09230910241603851,-0.1679273545742035,0.28013157844543457,0.04655665159225464,0.2814551889896393,-0.5442097187042236,-0.3689613342285156,-0.3185058534145355
austin,2023,0.2588418424129486,-0.249505415558815,-0.12488587200641632,0.1195812076330185,-0.02920117974281311,-0.08302412182092667,-0.06944708526134491,0.5535502433776855,0.05628758296370506,-0.21010315418243408,0.2771180272102356,0.06672337651252747,0.28135594725608826,-0.47217339277267456,-0.29014915227890015,-0.25946247577667236
boston,2013,0.1608024686574936,0.05450063571333885,0.015325762331485748,-0.02210492640733719,-0.024921387434005737,0.06263262778520584,-0.056308504194021225,0.24577085673809052,0.0073943547904491425,-0.03195500001311302,0.15127837657928467,-0.0426480695605278,0.028498098254203796,-0.20198510587215424,-0.0008617490530014038,-0.029933616518974304
boston,2014,-0.33843326568603516,0.004158753901720047,0.11200734227895737,-0.06490489095449448,-0.17928053438663483,0.16132420301437378,0.1071009561419487,-0.391581654548645,0.07164314389228821,0.30950096249580383,-0.1552824229001999,-0.13076341152191162,-0.19559448957443237,0.15093117952346802,0.11822354793548584,0.007333293557167053
boston,2015,-0.4237949550151825,0.39925727248191833,0.479361891746521,-0.4319239556789398,-0.1423671841621399,0.3591410517692566,0.09220704436302185,-0.9185429215431213,-0.029690656810998917,0.8593339323997498,-0.3109300136566162,-0.36856523156166077,-0.717974841594696,0.6772563457489014,0.21210002899169922,0.39820396900177
boston,2016,-0.29962384700775146,-0.044318463653326035,0.0662882849574089,-0.02665158361196518,-0.1623888611793518,0.1268390417098999,0.09745895117521286,-0.29735520482063293,0.07008977234363556,0.23687121272087097,-0.11843086779117584,-0.09623806923627853,-0.12736046314239502,0.0727502629160881,0.09839637577533722,-0.042497046291828156
boston,2017,-0.0396108441054821,-0.24126668274402618,-0.20830291509628296,0.19642749428749084,-0.03534284234046936,-0.08382094651460648,0.03677484020590782,0.214315265417099,0.047697510570287704,-0.20865337550640106,0.06127090007066727,0.11972001940011978,0.22421032190322876,-0.14938028156757355,-0.03480490297079086,-0.17624256014823914
boston,2018,-0.08572448790073395,-0.22345083951950073,-0.2192693054676056,0.20588535070419312,-0.019545845687389374,-0.09669647365808487,0.04104338213801384,0.14761829376220703,0.024795938283205032,-0.22239035367965698,0.022474803030490875,0.13879019021987915,0.2217719405889511,-0.08220148086547852,0.033654868602752686,-0.14284491539001465
boston,2019,-0.023201072588562965,-0.3375116288661957,-0.2933328151702881,0.26966592669487,0.020163148641586304,-0.17996639013290405,0.031861577183008194,0.29531005024909973,0.026282992213964462,-0.3198746144771576,0.07550013065338135,0.19416214525699615,0.35201218724250793,-0.15853208303451538,-0.07490335404872894,-0.23416396975517273
boston,2020,-0.00402046600356698,-0.02701251022517681,-0.010397426784038544,0.015620999038219452,-0.06278055906295776,0.05453244596719742,0.0022563571110367775,0.0896667093038559,0.03375212848186493,0.002713829278945923,0.057566024363040924,-0.02894006296992302,0.038552798330783844,-0.14724045991897583,0.028710588812828064,-0.06710875779390335
boston,2021,-0.008154971525073051,-0.13305281102657318,-0.12843526899814606,0.12325076758861542,-0.03878744691610336,-0.024018071591854095,0.01384348887950182,0.16676050424575806,0.027869395911693573,-0.12985126674175262,0.0692426860332489,0.059724438935518265,0.14339159429073334,-0.14460015296936035,0.015591040253639221,-0.11930195987224579
boston,2022,-0.16172096133232117,-0.30419841408729553,-0.339794397354126,0.30782559514045715,0.044727832078933716,-0.1807439625263214,0.061388153582811356,0.12251977622509003,-0.0036225467920303345,-0.3321852385997772,-0.026024863123893738,0.23481617867946625,0.31938424706459045,0.027909494936466217,0.08278943598270416,-0.15157143771648407
boston,2023,-0.03069530613720417,-0.22192791104316711,-0.2632942199707031,0.23876437544822693,0.03621906042098999,-0.1240852102637291,0.021221376955509186,0.22605082392692566,0.0028010569512844086,-0.28030601143836975,0.057600460946559906,0.16561530530452728,0.2614106237888336,-0.07007543742656708,0.045511338859796524,-0.1340533196926117
charlotte,2013,0.25185710191726685,-0.13061591982841492,-0.04649874567985535,0.0666670948266983,-0.06756577640771866,0.026033245027065277,-0.04427246376872063,0.4821018576622009,0.07228843867778778,-0.10001787543296814,0.2512238025665283,-0.025350704789161682,0.1504649668931961,-0.4528809189796448,-0.19078783690929413,-0.20310518145561218
charlotte,2014,0.228382870554924,-0.2475683093070984,-0.02963917702436447,0.04390832781791687,-0.14518935978412628,0.00947069376707077,-0.01172634307295084,0.49556905031204224,0.13541439175605774,-0.06018892303109169,0.2543952465057373,-0.030691873282194138,0.18656963109970093,-0.5649673342704773,-0.35866618156433105,-0.31650596857070923
charlotte,2015,0.2956644892692566,0.10174140334129333,-0.01328759640455246,-0.003147400915622711,0.09014926850795746,0.03997170925140381,-0.10152219980955124,0.37576764822006226,-0.055194828659296036,-0.1622123271226883,0.20397019386291504,0.0007994864135980606,0.07167783379554749,-0.2211274951696396,0.049731768667697906,0.029786691069602966
charlotte,2016,0.17917953431606293,-0.18537533283233643,-0.10469339042901993,0.10491207242012024,-0.04619556665420532,-0.03725306689739227,-0.03274350240826607,0.42769482731819153,0.06391957402229309,-0.15391603112220764,0.21230527758598328,0.039491038769483566,0.19933252036571503,-0.3722486197948456,-0.17997048795223236,-0.1991034746170044
charlotte,2017,0.2102048695087433,-0.15104982256889343,-0.036273352801799774,0.04543212801218033,-0.09479093551635742,0.03841061517596245,-0.02078528329730034,0.4175426959991455,0.09386266767978668,-0.07155261933803558,0.22440683841705322,-0.036408159881830215,0.12933604419231415,-0.44201403856277466,-0.21553297340869904,-0.20011983811855316
charlotte,2018,0.2518058717250824,-0.050469011068344116,-0.008255034685134888,0.01580280438065529,-0.06860831379890442,0.0525006502866745,-0.05527890473604202,0.41417109966278076,0.0507797934114933,-0.06714802980422974,0.23743173480033875,-0.05353260785341263,0.09334179759025574,-0.3962045907974243,-0.14107488095760345,-0.13371634483337402
charlotte,2019,0.24867959320545197,-0.22449658811092377,-0.08307113498449326,0.0820089727640152,-0.050897181034088135,-0.028475940227508545,-0.05257675424218178,0.5117454528808594,0.07932445406913757,-0.13901230692863464,0.2658347189426422,0.011250481940805912,0.22823306918144226,-0.49811023473739624,-0.29049843549728394,-0.2519686222076416
charlotte,2020,0.16042877733707428,-0.1549021154642105,-0.11426866054534912,0.11089713871479034,-0.030519232153892517,-0.02654965966939926,-0.03109142556786537,0.403216153383255,0.0493956096470356,-0.15535743534564972,0.19925223290920258,0.04397504776716232,0.18418222665786743,-0.3287971615791321,-0.1234065592288971,-0.16778893768787384
charlotte,2021,0.25825759768486023,-0.12316156923770905,-0.023956120014190674,0.042228613048791885,-0.08985243737697601,0.05234155431389809,-0.041235003620386124,0.46905386447906494,0.08081577718257904,-0.07601313292980194,0.2544472813606262,-0.05314985290169716,0.1250516176223755,-0.47471219301223755,-0.21119911968708038,-0.1962437927722931
charlotte,2022,0.2816345989704132,-0.10489219427108765,-0.04191996902227402,0.05963904410600662,-0.0648035854101181,0.0262620747089386,-0.0688527449965477,0.5163455009460449,0.057942334562540054,-0.11291325092315674,0.2777726650238037,-0.030316747725009918,0.15394771099090576,-0.46627217531204224,-0.19430305063724518,-0.19056305289268494
charlotte,2023,0.3429259955883026,0.06933940947055817,0.004652716219425201,-0.008011482656002045,0.05021294951438904,0.053644876927137375,-0.08881696313619614,0.4357009530067444,-0.032304905354976654,-0.13238780200481415,0.23327453434467316,-0.02205893024802208,0.07374069839715958,-0.3359583020210266,-0.012615546584129333,-0.013975545763969421
chicago,2013,0.14692062139511108,0.11232316493988037,0.05405939370393753,-0.0718739703297615,-0.02759702503681183,0.10199667513370514,-0.06018988788127899,0.1706496775150299,-0.0022808481007814407,0.03803372010588646,0.13469858467578888,-0.0680217370390892,-0.04023999720811844,-0.15523198246955872,0.01801508665084839,0.017814800143241882
chicago,2014,-0.06066436320543289,0.2020295411348343,0.216255784034729,-0.22077670693397522,-0.14592619240283966,0.19644701480865479,-0.010494316928088665,-0.24432209134101868,0.019248392432928085,0.36887988448143005,-0.014788597822189331,-0.19449658691883087,-0.2996752858161926,0.057516567409038544,0.0704757571220398,0.09340062737464905
chicago,2015,-0.4858495593070984,0.5127778053283691,0.6010247468948364,-0.5761284232139587,-0.11403810232877731,0.4435068964958191,0.1049821749329567,-1.1352100372314453,-0.08603020012378693,1.0684443712234497,-0.3682516813278198,-0.42447856068611145,-0.8992769718170166,0.8791289329528809,0.24096134305000305,0.5435264706611633
chicago,2016,0.022501802071928978,0.10034868121147156,0.12620866298675537,-0.1292479932308197,-0.13421553373336792,0.1642867773771286,-0.01712409220635891,-0.02658211439847946,0.05566606670618057,0.2191978394985199,0.07022157311439514,-0.14126962423324585,-0.15696457028388977,-0.12102633714675903,-0.018749982118606567,-0.0147169791162014
chicago,2017,0.265341192483902,-0.11156812310218811,-0.024999231100082397,0.043117910623550415,-0.08214470744132996,0.05048230290412903,-0.04924331232905388,0.47474250197410583,0.07134682685136795,-0.08004282414913177,0.2596798539161682,-0.052139490842819214,0.12527872622013092,-0.46945929527282715,-0.199161097407341,-0.18463373184204102
chicago,2018,-0.2392839938402176,-0.22173961997032166,-0.18576017022132874,0.17421936988830566,-0.06897599250078201,-0.04871440678834915,0.08265383541584015,-0.04571705311536789,0.05668317899107933,-0.09758928418159485,-0.05979536473751068,0.11444853246212006,0.1407637596130371,0.0003303214907646179,0.058014191687107086,-0.151943638920784
chicago,2019,0.03922185301780701,-0.042213961482048035,-0.00803084671497345,0.012961141765117645,-0.10078787803649902,0.07415485382080078,-0.0006861006841063499,0.13036873936653137,0.05831722542643547,0.04993868246674538,0.10321120172739029,-0.056184593588113785,5.4791802540421486e-05,-0.18969891965389252,-0.04600347578525543,-0.08893609046936035
chicago,2020,-0.10764984786510468,0.2258206605911255,0.26021841168403625,-0.2615940272808075,-0.1577805131673813,0.20804521441459656,-0.006770222447812557,-0.35710370540618896,0.004177011549472809,0.4538795053958893,-0.059392139315605164,-0.22945691645145416,-0.36171549558639526,0.13706007599830627,0.09762634336948395,0.13084253668785095
chicago,2021,0.4044231176376343,0.10973997414112091,0.025545991957187653,-0.027003265917301178,0.06072069704532623,0.06208403408527374,-0.1158452183008194,0.4803224503993988,-0.04382679983973503,-0.13768160343170166,0.26211196184158325,-0.03761938214302063,0.06600576639175415,-0.36892297863960266,-0.016846776008605957,-0.002986367791891098
chicago,2022,0.15078696608543396,-0.0298982635140419,-0.03972248733043671,0.04292769357562065,-0.03353206813335419,0.030471134930849075,-0.03516050800681114,0.27183014154434204,0.021239500492811203,-0.08098037540912628,0.1509556770324707,-0.007575002498924732,0.08152613788843155,-0.25908520817756653,-0.017835237085819244,-0.08933460712432861
chicago,2023,0.4012936055660248,0.12173506617546082,0.06140182167291641,-0.049805425107479095,0.021505847573280334,0.08528982847929001,-0.11445672065019608,0.4690099358558655,-0.019291721284389496,-0.08004172146320343,0.26224738359451294,-0.07625866681337357,0.027577092871069908,-0.3952864408493042,-0.0474470853805542,-0.02704310230910778
cleveland,2013,-0.1353006511926651,0.16464349627494812,0.18658849596977234,-0.18241086602210999,-0.14670340716838837,0.18519064784049988,0.022289060056209564,-0.27299511432647705,0.02813633158802986,0.36693862080574036,-0.04438972473144531,-0.16782595217227936,-0.2833513915538788,0.10278839617967606,0.08203708380460739,0.07891970872879028
cleveland,2014,0.26071232557296753,0.09623733162879944,0.026245422661304474,-0.02952691912651062,0.021370545029640198,0.08388175070285797,-0.06815202534198761,0.3184681236743927,-0.02931617572903633,-0.07311241328716278,0.18320134282112122,-0.03693029284477234,0.020133793354034424,-0.24806085228919983,0.019511178135871887,0.011484727263450623
cleveland,2015,0.11151004582643509,0.09114445745944977,0.052496008574962616,-0.07025397568941116,-0.06845377385616302,0.11710032820701599,-0.0511164516210556,0.13006436824798584,0.01661078631877899,0.088190957903862,0.1324182003736496,-0.08080010116100311,-0.0548289492726326,-0.1703806221485138,0.0039085447788238525,-0.01258774846792221
cleveland,2016,0.1509203165769577,-0.03340693563222885,0.005095049738883972,-0.00352652370929718,-0.08397164940834045,0.05977041274309158,-0.02131163701415062,0.25974345207214355,0.05957035720348358,-0.001065179705619812,0.16121648252010345,-0.05298348516225815,0.04090147092938423,-0.29666686058044434,-0.08345942199230194,-0.11028982698917389
cleveland,2017,0.30951106548309326,0.017881963402032852,0.030216418206691742,-0.01592489331960678,-0.06382836401462555,0.07367372512817383,-0.0855226144194603,0.4475255608558655,0.04520413279533386,-0.059364717453718185,0.2585020065307617,-0.0846138447523117,0.06725875288248062,-0.41776493191719055,-0.13321518898010254,-0.12451079487800598
cleveland,2018,0.15010413527488708,0.17735189199447632,0.09233049303293228,-0.10793107002973557,0.010752126574516296,0.11040443181991577,-0.07880211621522903,0.12462391704320908,-0.032957687973976135,0.028778444975614548,0.11067239940166473,-0.07974272966384888,-0.06484139710664749,-0.09196049720048904,0.07225611805915833,0.08846849203109741
cleveland,2019,0.15746600925922394,-0.23782074451446533,-0.21016494929790497,0.1961359679698944,0.04439714550971985,-0.11766532808542252,-0.05199132487177849,0.44049280881881714,-0.0011046640574932098,-0.28613144159317017,0.19844569265842438,0.13094724714756012,0.2969806492328644,-0.2862277328968048,-0.11745359003543854,-0.1739926040172577
cleveland,2020,0.29463908076286316,-0.024929489940404892,-0.1237872838973999,0.10787276178598404,0.13255789875984192,-0.04852616786956787,-0.0982147753238678,0.4664641320705414,-0.0652637779712677,-0.28273582458496094,0.21832901239395142,0.09254932403564453,0.19291381537914276,-0.2526537775993347,0.026999887079000473,-0.026474103331565857
cleveland,2021,-0.08115723729133606,-0.0451139397919178,0.08109904080629349,-0.0646284893155098,-0.18611761927604675,0.12688852846622467,0.035681720823049545,-0.048174791038036346,0.11880497634410858,0.21461805701255798,0.027515947818756104,-0.11301441490650177,-0.08429810404777527,-0.19398805499076843,-0.07834675908088684,-0.15179726481437683
cleveland,2022,0.07313808053731918,-0.11499461531639099,-0.11663209646940231,0.11317344009876251,-0.02581387758255005,-0.026727482676506042,-0.004844385199248791,0.2679133415222168,0.03388064354658127,-0.14950694143772125,0.11819277703762054,0.04505340754985809,0.15434636175632477,-0.20005744695663452,-0.01114598661661148,-0.13316629827022552
cleveland,2023,0.1216818317770958,0.09125266969203949,0.04946640878915787,-0.056287460029125214,-0.02375875413417816,0.10000444948673248,-0.04649118334054947,0.16794663667678833,-0.0012366939336061478,0.028479930013418198,0.11999842524528503,-0.06118128448724747,-0.02636294811964035,-0.15137839317321777,0.023539170622825623,0.010295651853084564
columbus,2013,-0.5970636010169983,0.5508550405502319,0.6760517358779907,-0.640692949295044,-0.14321818947792053,0.49425265192985535,0.13097047805786133,-1.3334636688232422,-0.07744579017162323,1.2337477207183838,-0.44491714239120483,-0.4931844174861908,-1.018754482269287,1.0390522480010986,0.24587488174438477,0.5856886506080627
columbus,2014,0.1083819791674614,0.17039838433265686,0.10137399286031723,-0.1219058707356453,-0.03970099240541458,0.13884776830673218,-0.05678479000926018,0.0692097395658493,-0.006900135427713394,0.11593905091285706,0.10327471047639847,-0.09871847182512283,-0.11428622156381607,-0.08813761174678802,0.0431278757750988,0.06655283272266388
columbus,2015,0.0678183063864708,0.015228215605020523,0.009906716644763947,-0.012713015079498291,-0.06510672718286514,0.07360988855361938,-0.027988120913505554,0.12310194224119186,0.026864223182201385,0.023290526121854782,0.10078026354312897,-0.04681314527988434,0.010108206421136856,-0.1838826984167099,0.009863525629043579,-0.051294147968292236
columbus,2016,0.20161072909832,-0.03433365747332573,0.00894271582365036,-0.00035957247018814087,-0.07699986547231674,0.06246176362037659,-0.03312458097934723,0.32275110483169556,0.06148688122630119,-0.02161363884806633,0.19193822145462036,-0.05862105265259743,0.056619249284267426,-0.34969404339790344,-0.11038784682750702,-0.12568354606628418
columbus,2017,0.2214033454656601,0.04214264824986458,0.02750398963689804,-0.03145431727170944,-0.036100760102272034,0.07095617800951004,-0.06232212856411934,0.2991492748260498,0.027487043291330338,-0.017802070826292038,0.18597179651260376,-0.060476720333099365,0.02088947221636772,-0.28500527143478394,-0.05824635922908783,-0.05750547721982002
columbus,2018,-0.2109251469373703,0.0253756046295166,0.08853080123662949,-0.06799326092004776,-0.1392253041267395,0.1274385154247284,0.06258884817361832,-0.23155397176742554,0.05017383396625519,0.23924782872200012,-0.07026664912700653,-0.10272426903247833,-0.1481415182352066,0.05575273185968399,0.08860240876674652,-0.007313717156648636
columbus,2019,0.05226162448525429,-0.2953248918056488,-0.24569642543792725,0.2328081727027893,0.021082475781440735,-0.15592437982559204,-0.003999955020844936,0.34101125597953796,0.019031938165426254,-0.2979077696800232,0.1233322024345398,0.16559378802776337,0.32032305002212524,-0.21653348207473755,-0.09918628633022308,-0.20368850231170654
columbus,2020,0.43557313084602356,0.10540437698364258,0.03654441982507706,-0.023564733564853668,0.045327261090278625,0.06551354378461838,-0.12434150278568268,0.525032103061676,-0.025934454053640366,-0.12969452142715454,0.28360968828201294,-0.061401575803756714,0.06724508851766586,-0.4316638112068176,-0.05047377943992615,-0.0314132422208786
columbus,2021,0.16784070432186127,0.20975568890571594,0.1114582046866417,-0.1479502022266388,-0.04393631964921951,0.1442296802997589,-0.09725477546453476,0.08914399892091751,-0.017079714685678482,0.1308409720659256,0.13946832716464996,-0.11497435718774796,-0.12892229855060577,-0.1183856874704361,0.035475894808769226,0.07943004369735718
columbus,2022,0.12344828993082047,-0.09207367897033691,-0.06843879818916321,0.08925033360719681,-0.05098039656877518,-0.003192409873008728,-0.012141020968556404,0.3244217336177826,0.04990972578525543,-0.11287738382816315,0.1503613442182541,0.010021778754889965,0.1282358020544052,-0.26116427779197693,-0.04102465510368347,-0.160660520195961
columbus,2023,0.20330694317817688,0.28135648369789124,0.15024909377098083,-0.18436753749847412,0.03240503370761871,0.15793836116790771,-0.10993514955043793,0.09048523753881454,-0.0676964819431305,0.10317057371139526,0.11950086057186127,-0.10541918873786926,-0.16362765431404114,-0.05140956491231918,0.09293615072965622,0.1766757369041443
dallas,2013,0.10989725589752197,-0.15334874391555786,-0.16850459575653076,0.1570645570755005,0.01668711006641388,-0.06613270193338394,-0.023089636117219925,0.34413474798202515,0.013619113713502884,-0.22007156908512115,0.15195347368717194,0.09106961637735367,0.20775312185287476,-0.21044310927391052,-0.02700195461511612,-0.12660335004329681
dallas,2014,0.0901552140712738,-0.3210239112377167,-0.23254063725471497,0.2194509208202362,-0.008463889360427856,-0.15598642826080322,0.0003234120085835457,0.408833771944046,0.037575047463178635,-0.28520792722702026,0.1526847779750824,0.14976565539836884,0.334892600774765,-0.2869541347026825,-0.1646489053964615,-0.25678515434265137
dallas,2015,0.05208751931786537,-0.26040807366371155,-0.250182569026947,0.22826239466667175,0.02084977924823761,-0.1405636966228485,0.000577789731323719,0.3327948749065399,0.01039179414510727,-0.29416272044181824,0.11765620857477188,0.15424516797065735,0.29760611057281494,-0.1712571084499359,-0.05435897409915924,-0.17806027829647064
dallas,2016,0.2109142243862152,-0.23681235313415527,-0.10181094706058502,0.10386954247951508,-0.07509458065032959,-0.04313734918832779,-0.03171704337000847,0.48539817333221436,0.07928206026554108,-0.15897761285305023,0.2368517518043518,0.03671140968799591,0.22947482764720917,-0.4541332721710205,-0.26039206981658936,-0.2613722085952759
dallas,2017,0.10403995960950851,-0.3155073821544647,-0.26149213314056396,0.2417331039905548,0.03625905513763428,-0.1776236891746521,-0.015814803540706635,0.42696619033813477,0.006797347217798233,-0.32774096727371216,0.16072475910186768,0.17343884706497192,0.3593822121620178,-0.249251127243042,-0.131845161318779,-0.22987613081932068
dallas,2018,0.018417304381728172,-0.2567029595375061,-0.2741658687591553,0.2479603886604309,0.03933092951774597,-0.14475736021995544,0.011918188072741032,0.3047895133495331,0.00852399691939354,-0.30853432416915894,0.08965589851140976,0.17493338882923126,0.301782488822937,-0.12838181853294373,-0.013103164732456207,-0.1726505160331726
dallas,2019,0.1306789368391037,-0.27129340171813965,-0.18940505385398865,0.17968271672725677,-0.017626628279685974,-0.1082654818892479,-0.018527865409851074,0.43388429284095764,0.04584706947207451,-0.23984143137931824,0.18640395998954773,0.10701943933963776,0.29077664017677307,-0.3291560411453247,-0.17663128674030304,-0.24067148566246033
dallas,2020,0.07134640216827393,-0.30396759510040283,-0.29029253125190735,0.2669667899608612,0.059288740158081055,-0.1889803111553192,-0.0049933334812521935,0.3842162489891052,-0.008307453244924545,-0.3571937084197998,0.1274147778749466,0.1986728012561798,0.363508939743042,-0.18116044998168945,-0.06558272242546082,-0.2022266387939453
dallas,2021,0.23207344114780426,-0.1066204309463501,-0.12816287577152252,0.11921284347772598,0.035691142082214355,-0.04839436709880829,-0.07545038312673569,0.4518612325191498,-0.003509506583213806,-0.22252628207206726,0.22626543045043945,0.06219905987381935,0.2035095989704132,-0.30273541808128357,-0.06888726353645325,-0.11656077951192856
dallas,2022,-0.050570953637361526,-0.2876756191253662,-0.3133966028690338,0.2834834158420563,0.04379265010356903,-0.16791066527366638,0.029245059937238693,0.24595122039318085,-0.0016756877303123474,-0.3291079103946686,0.04552847146987915,0.2068224996328354,0.31968480348587036,-0.059147052466869354,0.021131008863449097,-0.16641542315483093
dallas,2023,0.21643121540546417,-0.17771607637405396,-0.10587409138679504,0.10112453997135162,-0.03635093569755554,-0.027949906885623932,-0.047838807106018066,0.4711216390132904,0.04906707629561424,-0.1603519171476364,0.24129503965377808,0.03323538973927498,0.20805756747722626,-0.408199667930603,-0.18660713732242584,-0.19559907913208008
denver,2013,0.19351202249526978,-0.1826450377702713,-0.13189350068569183,0.1232956200838089,-0.0035381168127059937,-0.05430909991264343,-0.04836379364132881,0.4443737864494324,0.034874167293310165,-0.1946849524974823,0.2217101752758026,0.05813014134764671,0.22533155977725983,-0.3519496023654938,-0.15023423731327057,-0.17603722214698792
denver,2014,-0.09992712736129761,-0.1783759891986847,-0.19936266541481018,0.17818871140480042,-0.011648334562778473,-0.0840495303273201,0.03343704715371132,0.12534219026565552,0.0181560255587101,-0.19482798874378204,0.01362144947052002,0.11631783097982407,0.190732941031456,-0.022737890481948853,0.06685568392276764,-0.10476928949356079
denver,2015,0.020460641011595726,-0.19079022109508514,-0.20845958590507507,0.18905356526374817,0.010176971554756165,-0.09871918708086014,0.008945555426180363,0.2580164074897766,0.01694818213582039,-0.24452289938926697,0.08566251397132874,0.12945625185966492,0.23165394365787506,-0.13561466336250305,0.007593177258968353,-0.13732996582984924
denver,2016,0.1862582564353943,-0.04407184571027756,-0.021938785910606384,0.027023829519748688,-0.05601329356431961,0.038306575268507004,-0.03486861288547516,0.32906726002693176,0.04031781107187271,-0.06187771260738373,0.18351435661315918,-0.027063515037298203,0.07783250510692596,-0.29765585064888,-0.07986961305141449,-0.10856776684522629
denver,2017,0.21033652126789093,0.028045784682035446,0.009294264018535614,-0.00734054297208786,-0.039269931614398956,0.05764257162809372,-0.06065754219889641,0.3245013654232025,0.023618966341018677,-0.05139763653278351,0.18973353505134583,-0.04887418448925018,0.053742241114377975,-0.2807171940803528,-0.045878469944000244,-0.07547605782747269
denver,2018,0.23792265355587006,0.04362156614661217,0.0131324902176857,-0.01994650810956955,-0.01551806926727295,0.05585172772407532,-0.06819114089012146,0.3297436237335205,0.012538909912109375,-0.06684954464435577,0.19317089021205902,-0.04400714486837387,0.05549968034029007,-0.2836996614933014,-0.03839588910341263,-0.051963116973638535
denver,2019,-0.01526954211294651,-0.2143045961856842,-0.16474953293800354,0.16269516944885254,-0.06556092202663422,-0.047681353986263275,0.03523710370063782,0.2237788736820221,0.057931605726480484,-0.15999214351177216,0.08113328367471695,0.07251886278390884,0.1788891702890396,-0.17554444074630737,-0.04853089153766632,-0.17545276880264282
denver,2020,0.18979108333587646,-0.19129705429077148,-0.05688120797276497,0.06576664000749588,-0.09181760251522064,0.020640511065721512,-0.016490601003170013,0.4153614640235901,0.08976763486862183,-0.0842164158821106,0.21879562735557556,-0.01915428787469864,0.15736661851406097,-0.44337522983551025,-0.23097755014896393,-0.216741144657135
denver,2021,0.09736104309558868,-0.28079140186309814,-0.20625826716423035,0.19490525126457214,-0.005466565489768982,-0.12499470263719559,-0.007826942019164562,0.399838387966156,0.04494689777493477,-0.25307193398475647,0.16206270456314087,0.11966677010059357,0.29951444268226624,-0.28364211320877075,-0.15326833724975586,-0.23468443751335144
denver,2022,0.22940735518932343,-0.09994907677173615,-0.029867902398109436,0.04803595691919327,-0.07718567550182343,0.03481678664684296,-0.02960193157196045,0.42601293325424194,0.07126966118812561,-0.08302856981754303,0.22079095244407654,-0.026176948100328445,0.1187991350889206,-0.4084773063659668,-0.1502777487039566,-0.18677781522274017
denver,2023,-0.05084248259663582,-0.19077672064304352,-0.2411799430847168,0.21148663759231567,0.03396923840045929,-0.11355604976415634,0.017649512737989426,0.18924570083618164,-0.00019366666674613953,-0.25896817445755005,0.03944293409585953,0.1505984216928482,0.2363128960132599,-0.03315175324678421,0.06765449047088623,-0.10505843162536621
detroit,2013,-0.3812696933746338,0.39046144485473633,0.4679241180419922,-0.4470995366573334,-0.1304967999458313,0.3541075587272644,0.07433877885341644,-0.8690865635871887,-0.054115135222673416,0.8418304324150085,-0.26759272813796997,-0.3537132143974304,-0.7060483694076538,0.638778567314148,0.19538530707359314,0.394170880317688
detroit,2014,0.10795848816633224,0.07481229305267334,0.041986726224422455,-0.05118676275014877,-0.03941717743873596,0.08690455555915833,-0.04222481697797775,0.14323046803474426,0.009831184521317482,0.02604713663458824,0.10872794687747955,-0.06264536827802658,-0.012801721692085266,-0.1640775501728058,0.023581169545650482,-0.007433950901031494
detroit,2015,0.0061464435420930386,0.2374996840953827,0.17393791675567627,-0.19463980197906494,-0.08602215349674225,0.18496742844581604,-0.03892768546938896,-0.14077287912368774,-0.008990254253149033,0.2776200771331787,0.036470815539360046,-0.1472492516040802,-0.249456986784935,0.04338335245847702,0.08742570877075195,0.1363176852464676
detroit,2016,0.22385762631893158,-0.01090778037905693,0.01219574362039566,0.0014368146657943726,-0.06323409080505371,0.057661332190036774,-0.04765750840306282,0.35516828298568726,0.04495637118816376,-0.04568019136786461,0.20145303010940552,-0.0558137483894825,0.0637863427400589,-0.3380776643753052,-0.09210415184497833,-0.11473430693149567
detroit,2017,-0.04174847528338432,0.016183581203222275,0.08919135481119156,-0.08133069425821304,-0.16920948028564453,0.136170893907547,0.0027363374829292297,-0.03873821347951889,0.0974767655134201,0.21192896366119385,0.04918251931667328,-0.12347637116909027,-0.11317363381385803,-0.16409830749034882,-0.053397923707962036,-0.10786634683609009
detroit,2018,-0.11924862861633301,-0.07386250793933868,-0.12418299913406372,0.09668779373168945,-0.01119135320186615,-0.015895843505859375,0.013729379512369633,-0.005096219480037689,0.0011586993932724,-0.08781680464744568,-0.011019840836524963,0.06307356059551239,0.0825108140707016,0.04204197973012924,0.11186505854129791,-0.0332394614815712
detroit,2019,0.1268554925918579,0.016782425343990326,0.00019735842943191528,-0.003756098449230194,-0.04281799495220184,0.06202666461467743,-0.031700149178504944,0.22684013843536377,0.022219214588403702,-0.017674975097179413,0.13791564106941223,-0.0383552610874176,0.03274387866258621,-0.20454737544059753,-0.01579900085926056,-0.04974689334630966
detroit,2020,0.42959561944007874,0.08304794132709503,0.04051370173692703,-0.018627919256687164,0.013371542096138,0.06635220348834991,-0.11385612934827805,0.5297384262084961,-0.00777348130941391,-0.11438241600990295,0.28674542903900146,-0.07077518850564957,0.0682200938463211,-0.45684850215911865,-0.0791763961315155,-0.061452716588974
detroit,2021,-0.1318541169166565,0.22600924968719482,0.31204062700271606,-0.30123239755630493,-0.20838740468025208,0.24056318402290344,-0.0010989857837557793,-0.44031822681427,0.0250316821038723,0.5402880311012268,-0.07826530933380127,-0.2879244089126587,-0.41829290986061096,0.13997739553451538,0.07565217465162277,0.11125341057777405
detroit,2022,0.22053773701190948,0.043814655393362045,0.025494955480098724,-0.03787039965391159,-0.040084972977638245,0.08003164827823639,-0.058101531118154526,0.2846989035606384,0.019778909161686897,-0.01145920529961586,0.18563351035118103,-0.05727681145071983,0.01559453085064888,-0.27504557371139526,-0.05515588819980621,-0.04221195727586746
detroit,2023,0.06058015301823616,0.1581561267375946,0.12023473531007767,-0.12540438771247864,-0.08463342487812042,0.15786990523338318,-0.03777764365077019,-0.010414861142635345,0.007051445543766022,0.171431303024292,0.08357091248035431,-0.12336571514606476,-0.14445187151432037,-0.06857454776763916,0.047240324318408966,0.059064291417598724
houston,2013,0.24966664612293243,-0.10560844838619232,-0.04538998752832413,0.05291932076215744,-0.06400011479854584,0.04119015485048294,-0.04560237377882004,0.45486658811569214,0.057224392890930176,-0.09498308598995209,0.24509784579277039,-0.03032931685447693,0.13063694536685944,-0.4323268532752991,-0.1617756187915802,-0.16636289656162262
houston,2014,0.08406273275613785,-0.2965688705444336,-0.2889803647994995,0.26958978176116943,0.07441139221191406,-0.17436888813972473,-0.015253468416631222,0.40126752853393555,-0.016429610550403595,-0.35557541251182556,0.1405373513698578,0.1953388750553131,0.3570118844509125,-0.1863793134689331,-0.06531974673271179,-0.18844766914844513
houston,2015,0.11625724285840988,-0.2786569595336914,-0.28421252965927124,0.2640075385570526,0.09245535731315613,-0.18109798431396484,-0.03308770805597305,0.41936102509498596,-0.028756070882081985,-0.3696363568305969,0.15407373011112213,0.19698484241962433,0.35678377747535706,-0.18631000816822052,-0.05794261395931244,-0.17062829434871674
houston,2016,-0.030176082625985146,-0.3638201057910919,-0.3745025098323822,0.3478069007396698,0.10699401795864105,-0.2424584925174713,0.022633176296949387,0.31831464171409607,-0.021341416984796524,-0.4185039699077606,0.059176042675971985,0.269881933927536,0.418366402387619,-0.06690056622028351,-0.009350821375846863,-0.2042454332113266
houston,2017,0.25894099473953247,-0.15101580321788788,-0.08004546165466309,0.07675439864397049,-0.04127705842256546,0.003251776099205017,-0.05739497020840645,0.49658405780792236,0.05960344150662422,-0.13389787077903748,0.26394009590148926,0.0028016669675707817,0.18752701580524445,-0.45118483901023865,-0.20844556391239166,-0.19624488055706024
houston,2018,0.1195325031876564,-0.20107267796993256,-0.19804349541664124,0.18260324001312256,0.019634127616882324,-0.08246258646249771,-0.0173487551510334,0.3987976014614105,0.022006746381521225,-0.24481530487537384,0.16768239438533783,0.10912429541349411,0.25506827235221863,-0.251862108707428,-0.07062774896621704,-0.173690065741539
houston,2019,0.23663564026355743,-0.2095567286014557,-0.10347200185060501,0.09953269362449646,-0.04345017671585083,-0.030726216733455658,-0.05529516562819481,0.5095022916793823,0.06524156033992767,-0.16123713552951813,0.2631532549858093,0.03234371542930603,0.23187050223350525,-0.4615166187286377,-0.2539018988609314,-0.23811016976833344
houston,2020,0.18483498692512512,-0.24178025126457214,-0.18411263823509216,0.17259320616722107,0.014759376645088196,-0.1025482639670372,-0.04388267546892166,0.4814988970756531,0.022411558777093887,-0.2611624002456665,0.220914825797081,0.10987599939107895,0.2937414348125458,-0.3441053628921509,-0.1662013977766037,-0.21412411332130432
houston,2021,0.20084039866924286,-0.09017083048820496,-0.07153110206127167,0.07573354989290237,-0.027915701270103455,0.007308986037969589,-0.03639162704348564,0.4031694531440735,0.04072846844792366,-0.13110105693340302,0.20305931568145752,0.0044764261692762375,0.14365021884441376,-0.33140623569488525,-0.08241146802902222,-0.14830410480499268
houston,2022,0.18950983881950378,-0.13624989986419678,-0.09432350099086761,0.1097283586859703,-0.0392649844288826,-0.01337965577840805,-0.023925676941871643,0.4318162202835083,0.04910273849964142,-0.15440338850021362,0.20445841550827026,0.02944902330636978,0.1749008446931839,-0.34700891375541687,-0.10452553629875183,-0.18810561299324036
houston,2023,0.18487848341464996,-0.20368021726608276,-0.211736261844635,0.19853629171848297,0.07298636436462402,-0.11298509687185287,-0.05363079905509949,0.4655578136444092,-0.004782471805810928,-0.2998638451099396,0.20382528007030487,0.1366858035326004,0.2955775856971741,-0.2687373161315918,-0.08741824328899384,-0.1629844605922699
indianapolis,2013,-0.010073447600007057,0.25071951746940613,0.1913570761680603,-0.20794066786766052,-0.07928626984357834,0.18886327743530273,-0.02712216228246689,-0.17479151487350464,-0.012722786515951157,0.2973409593105316,0.01989942044019699,-0.1555895060300827,-0.27354517579078674,0.08908788114786148,0.09723247587680817,0.16150003671646118
indianapolis,2014,0.2798849046230316,0.10217732191085815,0.04381049424409866,-0.04407063126564026,0.004350423812866211,0.07920140773057938,-0.08944936841726303,0.3553391993045807,-0.010528076440095901,-0.06259390711784363,0.20789910852909088,-0.06272011995315552,0.028482474386692047,-0.28706151247024536,-0.014467380940914154,-0.017161116003990173
indianapolis,2015,-0.06400177627801895,0.20856153964996338,0.23548811674118042,-0.23816552758216858,-0.16070005297660828,0.1990480124950409,-0.0110885975882411,-0.2676154673099518,0.023126568645238876,0.39567849040031433,-0.021876320242881775,-0.2116854339838028,-0.31314313411712646,0.05947870761156082,0.06676039099693298,0.09065240621566772
indianapolis,2016,0.30102744698524475,0.08742475509643555,0.037131644785404205,-0.03288929909467697,0.010538175702095032,0.070663221180439,-0.0873553454875946,0.3860462009906769,-0.007701199501752853,-0.08234003186225891,0.2172207534313202,-0.054909177124500275,0.043732576072216034,-0.3144649863243103,-0.023437172174453735,-0.03035331889986992
indianapolis,2017,0.04352373257279396,0.10106883943080902,0.07482800632715225,-0.0889456495642662,-0.07672417908906937,0.12541350722312927,-0.02545323595404625,0.037713535130023956,0.026660719886422157,0.14092367887496948,0.07971689850091934,-0.09223233163356781,-0.09574168175458908,-0.10853418707847595,0.019386783242225647,0.003484763205051422
indianapolis,2018,0.2727474570274353,0.004337158054113388,-0.030512534081935883,0.014292538166046143,0.02472434937953949,0.032707348465919495,-0.07878030091524124,0.38442716002464294,-0.009248621761798859,-0.1149907261133194,0.22472286224365234,-0.011850574053823948,0.0926111489534378,-0.2995493412017822,-0.054495975375175476,-0.03770097345113754
indianapolis,2019,0.2919166386127472,-0.07120783627033234,-0.009750381112098694,0.03513950854539871,-0.06632698327302933,0.055003706365823746,-0.06684857606887817,0.49017655849456787,0.05571393668651581,-0.08512218296527863,0.26825612783432007,-0.05940458923578262,0.11512546241283417,-0.4673108458518982,-0.17328090965747833,-0.16676883399486542
indianapolis,2020,0.219255268573761,0.07611726224422455,0.03596343845129013,-0.03810369223356247,-0.025153890252113342,0.07935355603694916,-0.06731844693422318,0.28120139241218567,0.012310165911912918,-0.013708550482988358,0.1794351041316986,-0.06462730467319489,0.011254791170358658,-0.2706879675388336,-0.01799524575471878,-0.03991815447807312
indianapolis,2021,0.07903891801834106,0.21188552677631378,0.14052104949951172,-0.16930612921714783,-0.08214478194713593,0.15043196082115173,-0.07891036570072174,-0.034671030938625336,0.002312649041414261,0.21807000041007996,0.08655992150306702,-0.1359216719865799,-0.18501140177249908,-0.06291091442108154,0.049863845109939575,0.06894522905349731
indianapolis,2022,-0.00033048028126358986,-0.1352168470621109,-0.15577749907970428,0.13885292410850525,-0.01272023469209671,-0.04657674580812454,0.0028883004561066628,0.18172040581703186,0.01098950207233429,-0.16997818648815155,0.06940777599811554,0.08667079359292984,0.1648126095533371,-0.1177166998386383,0.030641164630651474,-0.09965690970420837
indianapolis,2023,0.13785633444786072,0.005567807704210281,-0.007600627839565277,0.01097395271062851,-0.047914013266563416,0.06663772463798523,-0.025752946734428406,0.2291882038116455,0.021197926253080368,-0.033790718764066696,0.13975319266319275,-0.037190597504377365,0.0417909100651741,-0.24073758721351624,-0.0008102357387542725,-0.07016441971063614
jacksonville,2013,0.09888527542352676,-0.1883716881275177,-0.012368284165859222,0.038044899702072144,-0.16714709997177124,0.05691881477832794,0.03056119754910469,0.29086801409721375,0.14613398909568787,0.006388973444700241,0.15776406228542328,-0.05694900453090668,0.08802606165409088,-0.40253299474716187,-0.23821814358234406,-0.25245586037635803
jacksonville,2014,0.09509886056184769,-0.2468278557062149,-0.18444526195526123,0.17526903748512268,-0.02159002423286438,-0.09313740581274033,-0.00537561159580946,0.3721737563610077,0.05228528752923012,-0.22438287734985352,0.15450800955295563,0.09829732030630112,0.25800639390945435,-0.27205485105514526,-0.1368514448404312,-0.21423545479774475
jacksonville,2015,0.1254907101392746,-0.16410589218139648,-0.162306547164917,0.14790233969688416,0.011617258191108704,-0.0655326172709465,-0.02033749222755432,0.35813701152801514,0.024651281535625458,-0.21937721967697144,0.15948915481567383,0.0833507776260376,0.20966680347919464,-0.2334086298942566,-0.05484601855278015,-0.13625334203243256
jacksonville,2016,0.17771726846694946,-0.27797895669937134,-0.17846468091011047,0.17072147130966187,-0.0050768256187438965,-0.12701725959777832,-0.039223700761795044,0.4798612892627716,0.035092782229185104,-0.25725826621055603,0.21558845043182373,0.11025263369083405,0.3067392110824585,-0.36442989110946655,-0.204724982380867,-0.2412554919719696
jacksonville,2017,0.23720844089984894,-0.21847178041934967,0.0006808564066886902,0.019596457481384277,-0.16889028251171112,0.023097198456525803,-0.002273307181894779,0.4829182028770447,0.1610136181116104,-0.033650774508714676,0.24696236848831177,-0.05136559158563614,0.15462492406368256,-0.5663474798202515,-0.35967355966567993,-0.32546529173851013
jacksonville,2018,0.29367929697036743,-0.13431724905967712,0.009870372712612152,0.00971955806016922,-0.1355164647102356,0.062388576567173004,-0.04145190864801407,0.5082923173904419,0.12326769530773163,-0.046908099204301834,0.27833110094070435,-0.08639886230230331,0.12072286009788513,-0.556843101978302,-0.2984180450439453,-0.24563610553741455
jacksonville,2019,0.09119714796543121,-0.32721251249313354,-0.28304749727249146,0.2628956735134125,0.061762675642967224,-0.19921481609344482,-0.01001503225415945,0.42748600244522095,0.004672687500715256,-0.35291948914527893,0.1479615867137909,0.1987488567829132,0.38250166177749634,-0.2242627739906311,-0.11705432832241058,-0.23644745349884033
jacksonville,2020,0.22809375822544098,-0.21905188262462616,-0.060993775725364685,0.06746496260166168,-0.0931839644908905,-0.0032899901270866394,-0.028913170099258423,0.4811333417892456,0.0976349264383316,-0.1031104028224945,0.24911653995513916,-0.00954736303538084,0.19560280442237854,-0.49991995096206665,-0.2880423069000244,-0.2612166106700897
jacksonville,2021,0.18088580667972565,-0.24952436983585358,-0.08376845717430115,0.09602241218090057,-0.10739220678806305,-0.030105113983154297,-0.00917073991149664,0.44577616453170776,0.10126802325248718,-0.12377099692821503,0.21560437977313995,0.016361229121685028,0.20866163074970245,-0.4561101794242859,-0.2746092677116394,-0.27242311835289
jacksonville,2022,0.19689129292964935,-0.28283122181892395,-0.14598453044891357,0.14275917410850525,-0.03948378562927246,-0.10517740994691849,-0.03700247034430504,0.5029497146606445,0.06501737236976624,-0.21988464891910553,0.23092322051525116,0.08673842251300812,0.29078736901283264,-0.42521733045578003,-0.26528632640838623,-0.2785356342792511
jacksonville,2023,0.21947214007377625,-0.08695068955421448,-0.045031167566776276,0.05995998531579971,-0.05289459228515625,0.02072267234325409,-0.043019745498895645,0.42141827940940857,0.05258595198392868,-0.11181440949440002,0.2195674180984497,-0.020558714866638184,0.13073945045471191,-0.3713970482349396,-0.11809976398944855,-0.16034893691539764
kansas_city,2013,0.1983502358198166,0.07913336157798767,0.031075723469257355,-0.04624224454164505,-0.027259856462478638,0.08215579390525818,-0.06529095768928528,0.24842065572738647,0.0026307329535484314,-0.008447609841823578,0.1664406955242157,-0.05341707915067673,0.0031321311835199594,-0.2259993851184845,-0.009110428392887115,-0.01787756383419037
kansas_city,2014,-0.5233259797096252,0.5402774214744568,0.6320884823799133,-0.6031660437583923,-0.11864069849252701,0.46377629041671753,0.11301767826080322,-1.203596591949463,-0.08638393878936768,1.1258161067962646,-0.39291125535964966,-0.4445185661315918,-0.9444158673286438,0.9428436756134033,0.24466274678707123,0.5682976841926575
kansas_city,2015,-0.030028801411390305,-0.023404613137245178,-0.002452567219734192,0.008221276104450226,-0.08899285644292831,0.07591067999601364,0.005834811367094517,0.0371469184756279,0.041754528880119324,0.053057391196489334,0.049446024000644684,-0.04348950460553169,-0.0017773618455976248,-0.13539326190948486,0.029100976884365082,-0.07390733063220978
kansas_city,2016,0.088081955909729,0.18608561158180237,0.12120506912469864,-0.14498558640480042,-0.09254112839698792,0.14631271362304688,-0.07394483685493469,0.004562996327877045,0.006818739697337151,0.18716299533843994,0.10290051996707916,-0.12711183726787567,-0.152358740568161,-0.09048089385032654,0.034619007259607315,0.05744991451501846
kansas_city,2017,0.3780379593372345,0.02429903671145439,0.02049706131219864,0.011005155742168427,-0.01771889626979828,0.05257749184966087,-0.09962327033281326,0.5216825008392334,0.02202892303466797,-0.11413046717643738,0.277141273021698,-0.06685422360897064,0.09662360697984695,-0.46661925315856934,-0.11195133626461029,-0.12024958431720734
kansas_city,2018,0.04668169096112251,-0.03325271233916283,0.04002649337053299,-0.012629710137844086,-0.14261427521705627,0.10795856267213821,0.011745232157409191,0.10655684769153595,0.08089709281921387,0.09922190010547638,0.10380266606807709,-0.0947977602481842,-0.02598312869668007,-0.26183295249938965,-0.052148476243019104,-0.12887197732925415
kansas_city,2019,0.06377870589494705,-0.13086414337158203,-0.13992244005203247,0.13957005739212036,-0.01286257803440094,-0.045544423162937164,-0.008859549649059772,0.2694135904312134,0.024297889322042465,-0.17343176901340485,0.12237819284200668,0.07160862535238266,0.1708403378725052,-0.19312283396720886,-0.006985142827033997,-0.12889450788497925
kansas_city,2020,-0.08967108279466629,0.021368980407714844,0.08854881674051285,-0.0692502036690712,-0.13839048147201538,0.13187143206596375,0.026669956743717194,-0.07401923090219498,0.06083502992987633,0.19452305138111115,0.008352763950824738,-0.10582119971513748,-0.10085567831993103,-0.10024052113294601,0.020287886261940002,-0.05973229557275772
kansas_city,2021,0.21488569676876068,0.08419263362884521,0.031251855194568634,-0.04447802156209946,-0.015901073813438416,0.07889080047607422,-0.06392015516757965,0.25037264823913574,0.0024697277694940567,-0.0058286599814891815,0.16534848511219025,-0.051430925726890564,-0.003653403138741851,-0.24202820658683777,-0.0033276230096817017,-0.016083918511867523
kansas_city,2022,0.04997367784380913,0.1928388774394989,0.17224770784378052,-0.1827489733695984,-0.12211096286773682,0.16603633761405945,-0.05711992457509041,-0.07254817336797714,0.020029839128255844,0.2509874105453491,0.06816786527633667,-0.15930306911468506,-0.1961851269006729,-0.07294091582298279,0.02905048429965973,0.06355008482933044
kansas_city,2023,0.11960034817457199,0.11109240353107452,0.09220046550035477,-0.09768056124448776,-0.08879975229501724,0.12398353964090347,-0.0554991140961647,0.0958094596862793,0.02931741252541542,0.12092500925064087,0.1236979067325592,-0.10923703759908676,-0.07483862340450287,-0.20054760575294495,-0.0008426383137702942,-0.01713956519961357
las_vegas,2013,0.17853085696697235,-0.22314584255218506,-0.08897565305233002,0.09682662039995193,-0.08088383078575134,-0.033684998750686646,-0.013651366345584393,0.4251556396484375,0.09360937774181366,-0.13624827563762665,0.20536759495735168,0.022611744701862335,0.20422431826591492,-0.4192783236503601,-0.2365252524614334,-0.24737590551376343
las_vegas,2014,0.19597066938877106,-0.10962198674678802,0.007593236863613129,0.018099606037139893,-0.12987017631530762,0.051117923110723495,-0.007405937649309635,0.36217913031578064,0.1045573353767395,-0.031738948076963425,0.19924072921276093,-0.06857854872941971,0.0902138203382492,-0.42463546991348267,-0.18741272389888763,-0.20546172559261322
las_vegas,2015,0.11290288716554642,-0.1688893586397171,-0.15318891406059265,0.14484596252441406,-0.0011835768818855286,-0.07366187125444412,-0.017557229846715927,0.33673903346061707,0.029412727802991867,-0.21810849010944366,0.14382533729076385,0.09286779910326004,0.21456606686115265,-0.24271360039710999,-0.06133712828159332,-0.15450838208198547
las_vegas,2016,0.199510857462883,-0.2132931798696518,-0.08030965179204941,0.08784061670303345,-0.09073717892169952,-0.02874891459941864,-0.01735410839319229,0.4503190815448761,0.09603291749954224,-0.13110080361366272,0.2187499701976776,0.015608035959303379,0.19910238683223724,-0.4362185597419739,-0.24464847147464752,-0.25442343950271606
las_vegas,2017,0.2722383737564087,-0.09210652858018875,-0.07829280942678452,0.07306443154811859,-0.008534342050552368,-0.014519728720188141,-0.07947403937578201,0.47505447268486023,0.026595409959554672,-0.16541022062301636,0.25290447473526,0.008383472450077534,0.17259016633033752,-0.38190364837646484,-0.13310156762599945,-0.13737019896507263
las_vegas,2018,0.28128859400749207,-0.15740777552127838,-0.011523015797138214,0.026908107101917267,-0.12320756912231445,0.04975498095154762,-0.04388769343495369,0.5077409148216248,0.11114032566547394,-0.06235407665371895,0.2770755887031555,-0.06807952374219894,0.14114873111248016,-0.5468747019767761,-0.29923731088638306,-0.2463717758655548
las_vegas,2019,-0.0739436000585556,-0.27363887429237366,-0.27934592962265015,0.25248122215270996,0.007544271647930145,-0.1392737329006195,0.042828500270843506,0.2026435136795044,0.016304858028888702,-0.2841239869594574,0.03482287377119064,0.17655564844608307,0.2870969772338867,-0.0775981992483139,0.01708507537841797,-0.1718621850013733
las_vegas,2020,0.2775879204273224,-0.07227684557437897,-0.04257117956876755,0.04179028794169426,-0.03901207447052002,0.02170582488179207,-0.06681101024150848,0.46563470363616943,0.048121776431798935,-0.11344103515148163,0.251665323972702,-0.025576937943696976,0.13771530985832214,-0.41599324345588684,-0.14625495672225952,-0.15055182576179504
las_vegas,2021,0.1921955645084381,-0.11602139472961426,-0.10628016293048859,0.10002389550209045,-0.002050057053565979,-0.03393438458442688,-0.04814240708947182,0.39637404680252075,0.023383665829896927,-0.18430359661579132,0.1973210573196411,0.042792968451976776,0.18409940600395203,-0.3102971911430359,-0.08284996449947357,-0.1368744969367981
las_vegas,2022,0.3033296763896942,-0.11465266346931458,-0.003769233822822571,0.027853593230247498,-0.10959969460964203,0.059277985244989395,-0.05251346901059151,0.5185273289680481,0.09989036619663239,-0.0659962147474289,0.28013062477111816,-0.07297613471746445,0.12322680652141571,-0.5334992408752441,-0.2541772723197937,-0.2276141196489334
las_vegas,2023,0.287169873714447,-0.062122147530317307,-0.03254896402359009,0.03520578518509865,-0.045217663049697876,0.03250793367624283,-0.07504557818174362,0.4713667631149292,0.04337228089570999,-0.1113203763961792,0.26020050048828125,-0.03816099092364311,0.1286221146583557,-0.424987256526947,-0.15055586397647858,-0.14329543709754944
miami,2013,0.10058272629976273,-0.09141524136066437,0.018313594162464142,0.0039387047290802,-0.13339529931545258,0.0726669654250145,0.013852766714990139,0.23630455136299133,0.09948654472827911,0.03938327357172966,0.1431473195552826,-0.07214070856571198,0.03445924073457718,-0.31500959396362305,-0.14200536906719208,-0.16034291684627533
miami,2014,-0.6543296575546265,0.5941427946090698,0.7256734371185303,-0.6760753989219666,-0.14222609996795654,0.5242727994918823,0.1480196863412857,-1.446122407913208,-0.07072500884532928,1.3264734745025635,-0.4971885681152344,-0.5297768712043762,-1.0901657342910767,1.1442517042160034,0.2614636719226837,0.6380662322044373
miami,2015,0.25511425733566284,0.03799432888627052,0.02426014095544815,-0.015940777957439423,-0.03002014011144638,0.06234754994511604,-0.07320581376552582,0.36725053191185,0.021851301193237305,-0.06299053132534027,0.21145270764827728,-0.06105784326791763,0.05642540380358696,-0.3228764832019806,-0.06169603765010834,-0.07450366765260696
miami,2016,-0.03551049903035164,0.1111004650592804,0.09364033490419388,-0.08739755302667618,-0.08096238970756531,0.14487090706825256,0.012702337466180325,-0.04366820305585861,0.02325258031487465,0.17387783527374268,0.03473033010959625,-0.10082284361124039,-0.12754923105239868,-0.015533924102783203,0.05544649064540863,0.039555490016937256
miami,2017,0.18803636729717255,0.057342927902936935,0.03390652686357498,-0.036603838205337524,-0.030769377946853638,0.07870154082775116,-0.05159909650683403,0.26571226119995117,0.014764787629246712,-0.014596391469240189,0.16094575822353363,-0.056021831929683685,0.013635285198688507,-0.23877717554569244,-0.024902820587158203,-0.03570883721113205
miami,2018,0.2773536145687103,-0.033549532294273376,-0.006424561142921448,0.020815663039684296,-0.05538342893123627,0.05227337032556534,-0.06357648968696594,0.43993616104125977,0.04308732971549034,-0.08254379034042358,0.24430735409259796,-0.05428497493267059,0.09549617767333984,-0.40790900588035583,-0.1274615079164505,-0.13158094882965088
miami,2019,0.12480830401182175,-0.23460125923156738,-0.12408095598220825,0.12994384765625,-0.07133680582046509,-0.05991251766681671,0.007460056804120541,0.38975462317466736,0.09438171982765198,-0.16562916338443756,0.1703638732433319,0.05651773139834404,0.22169943153858185,-0.3608030378818512,-0.18998904526233673,-0.2597402036190033
miami,2020,0.006406573113054037,0.019237950444221497,0.02953498810529709,-0.024437934160232544,-0.07354816049337387,0.09079376608133316,-0.005488427355885506,0.06853009015321732,0.03313790261745453,0.06140245124697685,0.06566585600376129,-0.06127927452325821,-0.009234108030796051,-0.14656464755535126,0.0270380899310112,-0.050165969878435135
miami,2021,0.25254663825035095,0.0487854890525341,0.02756572514772415,-0.02213488519191742,-0.014801666140556335,0.06948141008615494,-0.060052912682294846,0.349018931388855,0.011958608403801918,-0.055390615016222,0.19545981287956238,-0.05318908393383026,0.04005836695432663,-0.3046450912952423,-0.04091621935367584,-0.05059177428483963
miami,2022,0.18932120501995087,-0.043326422572135925,-0.015149310231208801,0.016944386065006256,-0.05584713816642761,0.0475282184779644,-0.04374814033508301,0.3312937915325165,0.0426335334777832,-0.05796400085091591,0.19100898504257202,-0.03960181772708893,0.07990317791700363,-0.31362003087997437,-0.0979999303817749,-0.1032957136631012
miami,2023,0.34065955877304077,0.008016146719455719,0.01006295531988144,0.0066182538866996765,-0.03504188358783722,0.05939428508281708,-0.08756007999181747,0.4884556531906128,0.029866214841604233,-0.0953805148601532,0.2681868076324463,-0.06646489351987839,0.09076081216335297,-0.44356828927993774,-0.12052388489246368,-0.11614684760570526
minneapolis,2013,0.2095184624195099,0.025923915207386017,0.016828186810016632,-0.02678678184747696,-0.043234631419181824,0.06534089148044586,-0.0532267801463604,0.29392632842063904,0.033411163836717606,-0.02315305545926094,0.18408222496509552,-0.049927450716495514,0.037331871688365936,-0.28460049629211426,-0.05978454649448395,-0.07530862092971802
minneapolis,2014,0.1818588823080063,0.19869527220726013,0.09651602059602737,-0.1162760928273201,0.026433557271957397,0.12003905326128006,-0.08890346437692642,0.16034141182899475,-0.04250452294945717,0.02128155529499054,0.13128972053527832,-0.07827738672494888,-0.07178134471178055,-0.09520090371370316,0.06779128313064575,0.10192911326885223
minneapolis,2015,0.018227005377411842,0.308089941740036,0.2464580535888672,-0.2431212067604065,-0.045943230390548706,0.1956912875175476,-0.05862230435013771,-0.20060473680496216,-0.0581854023039341,0.29773375391960144,0.009979531168937683,-0.16617141664028168,-0.30190762877464294,0.11997223645448685,0.1398046314716339,0.23297619819641113
minneapolis,2016,0.019676772877573967,0.3922894299030304,0.29071903228759766,-0.29925504326820374,0.003195442259311676,0.2404477298259735,-0.05821425840258598,-0.25852638483047485,-0.10539452731609344,0.3509812355041504,-0.0027885884046554565,-0.1726648360490799,-0.3771444261074066,0.20451456308364868,0.17903250455856323,0.3425033688545227
minneapolis,2017,-0.1913716346025467,0.18904566764831543,0.2878189980983734,-0.26765844225883484,-0.19459524750709534,0.2339722216129303,0.015592594631016254,-0.486064612865448,0.02308041602373123,0.5398202538490295,-0.10161207616329193,-0.2654719352722168,-0.4223223626613617,0.19337886571884155,0.08613772690296173,0.11221820116043091
minneapolis,2018,-0.25697481632232666,0.3007684648036957,0.3529994487762451,-0.33590856194496155,-0.12929140031337738,0.28177139163017273,0.046855781227350235,-0.6055614948272705,-0.033943623304367065,0.6244522333145142,-0.17053966224193573,-0.2734653949737549,-0.5268513560295105,0.4017261266708374,0.16996395587921143,0.2798687219619751
minneapolis,2019,0.4064745604991913,0.22702661156654358,0.09799746423959732,-0.12110518664121628,0.06973977386951447,0.1258392333984375,-0.12972119450569153,0.3841662108898163,-0.06856133043766022,-0.06669199466705322,0.24311280250549316,-0.06958205997943878,-0.033036403357982635,-0.2698836624622345,0.0162946879863739,0.0949367880821228
minneapolis,2020,0.40285980701446533,0.15234197676181793,0.0400843545794487,-0.04570460319519043,0.09170377254486084,0.0786404013633728,-0.11625001579523087,0.4518319368362427,-0.06594367325305939,-0.14064233005046844,0.2473781704902649,-0.034260306507349014,0.04099029675126076,-0.3076700270175934,0.029501482844352722,0.03932690620422363
minneapolis,2021,0.17934685945510864,-0.08229845762252808,-0.17391084134578705,0.1508808434009552,0.08715572953224182,-0.06574854999780655,-0.05143940821290016,0.3802729547023773,-0.040164727717638016,-0.28177085518836975,0.15629208087921143,0.11410028487443924,0.2041517049074173,-0.17348545789718628,0.04426455497741699,-0.05782429128885269
minneapolis,2022,0.3516639769077301,0.12752318382263184,0.06504126638174057,-0.05960341542959213,0.01581624150276184,0.09496019780635834,-0.10234806686639786,0.41709965467453003,-0.01983274146914482,-0.07125876843929291,0.23971055448055267,-0.07286388427019119,0.01958797499537468,-0.33636149764060974,-0.0287889763712883,-0.012813828885555267
minneapolis,2023,0.3888920247554779,0.17211025953292847,0.0673295184969902,-0.07301520556211472,0.06365169584751129,0.09553983807563782,-0.12124493718147278,0.42521044611930847,-0.050977978855371475,-0.10010193288326263,0.24477455019950867,-0.061893366277217865,0.016319043934345245,-0.31647995114326477,0.012005388736724854,0.03921196609735489
nashville,2013,0.0793701708316803,-0.23269402980804443,-0.14436906576156616,0.14375074207782745,-0.05035293102264404,-0.05715051293373108,0.003302565775811672,0.33107510209083557,0.061367232352495193,-0.17072522640228271,0.14604732394218445,0.06069513037800789,0.21253691613674164,-0.28471246361732483,-0.13737529516220093,-0.1971137821674347
nashville,2014,0.15461085736751556,-0.09071403741836548,-0.015130601823329926,0.02072678506374359,-0.08985569328069687,0.04600760340690613,-0.008021008223295212,0.311942994594574,0.07895563542842865,-0.03176865354180336,0.1700046807527542,-0.03884020447731018,0.07333438098430634,-0.328510582447052,-0.13926775753498077,-0.14609405398368835
nashville,2015,0.11744958907365799,-0.24015572667121887,-0.20939405262470245,0.19384227693080902,0.01880708336830139,-0.11966647952795029,-0.024882186204195023,0.3880455195903778,0.015409339219331741,-0.2746485471725464,0.16274617612361908,0.12711161375045776,0.28413650393486023,-0.25096285343170166,-0.09955345094203949,-0.181160107254982
nashville,2016,0.17522986233234406,-0.16216936707496643,-0.04401753097772598,0.052763525396585464,-0.09798341989517212,0.025901969522237778,-0.008523243479430676,0.3755849599838257,0.09510943293571472,-0.06989061832427979,0.19846339523792267,-0.02412201091647148,0.12778867781162262,-0.4030793309211731,-0.20106904208660126,-0.19388842582702637
nashville,2017,0.18720601499080658,-0.1802101731300354,-0.10266762971878052,0.10137777030467987,-0.04727846384048462,-0.0266413614153862,-0.03173552080988884,0.4281988739967346,0.0556979663670063,-0.15063585340976715,0.21567919850349426,0.031328752636909485,0.19291476905345917,-0.3783637583255768,-0.1702681928873062,-0.188179150223732
nashville,2018,0.26174262166023254,-0.0686771422624588,0.005214110016822815,0.011423729360103607,-0.0883336216211319,0.05192084610462189,-0.043581701815128326,0.42747190594673157,0.07267024368047714,-0.05602981522679329,0.23712769150733948,-0.06299187242984772,0.09250565618276596,-0.43214094638824463,-0.1728324443101883,-0.16445037722587585
nashville,2019,0.08739294111728668,-0.31119129061698914,-0.22122600674629211,0.21032938361167908,-0.014133095741271973,-0.13879716396331787,-0.00016621407121419907,0.40540778636932373,0.04397796466946602,-0.26631441712379456,0.15626585483551025,0.13745732605457306,0.3192262351512909,-0.2952660620212555,-0.1672048419713974,-0.25464144349098206
nashville,2020,0.31887736916542053,-0.06838802993297577,0.013635165989398956,0.010502338409423828,-0.09701845049858093,0.06598422676324844,-0.06779006868600845,0.5087002515792847,0.08135691285133362,-0.06398335099220276,0.28185731172561646,-0.08722240477800369,0.1061972975730896,-0.5141104459762573,-0.2189292460680008,-0.1941574513912201
nashville,2021,0.30118146538734436,0.046612512320280075,0.0016248375177383423,-0.0028266385197639465,-0.008012592792510986,0.05766509100794792,-0.08068620413541794,0.41380974650382996,0.008568823337554932,-0.07928881049156189,0.23214644193649292,-0.05010396987199783,0.0497826524078846,-0.347677081823349,-0.05301101505756378,-0.062271848320961
nashville,2022,0.21239344775676727,-0.23279918730258942,-0.03690680116415024,0.05644816532731056,-0.14041323959827423,0.007291492074728012,-0.007319112308323383,0.47453534603118896,0.13582897186279297,-0.07517717778682709,0.23694969713687897,-0.02662462741136551,0.1786811202764511,-0.5270743370056152,-0.32782649993896484,-0.3052583336830139
nashville,2023,0.36238476634025574,0.056764792650938034,0.04583977907896042,-0.024492166936397552,-0.029573015868663788,0.07510347664356232,-0.09752245247364044,0.479018896818161,0.017368167638778687,-0.0792679637670517,0.2653239369392395,-0.07811079174280167,0.05849241465330124,-0.42341095209121704,-0.10094799101352692,-0.0955604761838913
new_orleans,2013,0.08562414348125458,-0.2906714081764221,-0.202682763338089,0.19293957948684692,-0.027173161506652832,-0.12463013082742691,0.008674059994518757,0.3863285183906555,0.06031285598874092,-0.2468201071023941,0.14632491767406464,0.12105879187583923,0.29709574580192566,-0.29159194231033325,-0.16237227618694305,-0.25571149587631226
new_orleans,2014,-0.051687851548194885,-0.20960646867752075,-0.16472242772579193,0.1609625518321991,-0.06379938870668411,-0.058786116540431976,0.04194905236363411,0.16206520795822144,0.055225249379873276,-0.15472839772701263,0.04881983995437622,0.091285839676857,0.18601524829864502,-0.15415595471858978,-0.026387430727481842,-0.17480702698230743
new_orleans,2015,-0.1598356068134308,0.10929267108440399,0.15872099995613098,-0.1425217092037201,-0.15093062818050385,0.1724255084991455,0.03786812350153923,-0.24748408794403076,0.03831334784626961,0.33210235834121704,-0.050796911120414734,-0.1467001587152481,-0.23573675751686096,0.05972502380609512,0.07303327322006226,0.037233635783195496
new_orleans,2016,0.20672038197517395,-0.019340725615620613,-0.028476707637310028,0.025622818619012833,-0.03085477650165558,0.028887730091810226,-0.04283197969198227,0.33200979232788086,0.02092166244983673,-0.09605751931667328,0.17875246703624725,-0.00954581517726183,0.08906897902488708,-0.29040125012397766,-0.047157421708106995,-0.08526554703712463
new_orleans,2017,-0.20448154211044312,-0.2838262617588043,-0.26888710260391235,0.24854648113250732,-0.03929528594017029,-0.11418921500444412,0.08045824617147446,0.053313009440898895,0.03706618398427963,-0.2194831520318985,-0.03771813213825226,0.1668177992105484,0.23761770129203796,0.004709802567958832,0.05235275626182556,-0.16452986001968384
new_orleans,2018,-0.017267169430851936,-0.2654716372489929,-0.19421237707138062,0.19080278277397156,-0.0661696046590805,-0.08311859518289566,0.043873537331819534,0.24571064114570618,0.06676822900772095,-0.19660194218158722,0.07671479880809784,0.10343247652053833,0.22959628701210022,-0.19883248209953308,-0.08573374152183533,-0.21920126676559448
new_orleans,2019,-0.08371898531913757,-0.3112647235393524,-0.3062445819377899,0.28337520360946655,0.016912713646888733,-0.16547885537147522,0.04646727442741394,0.2052987515926361,0.012013208121061325,-0.3108309209346771,0.032404184341430664,0.19478298723697662,0.31761232018470764,-0.06636665761470795,0.004094444215297699,-0.1944815069437027
new_orleans,2020,0.3103335499763489,-0.042537689208984375,-0.10131348669528961,0.10479716956615448,0.08393314480781555,-0.05084063857793808,-0.10071321576833725,0.5016081929206848,-0.030634555965662003,-0.25312793254852295,0.2479413002729416,0.060532260686159134,0.2039024382829666,-0.3389582335948944,-0.04227396845817566,-0.0860070213675499
new_orleans,2021,-0.04349797964096069,-0.04071879759430885,0.062426574528217316,-0.035294584929943085,-0.18017584085464478,0.12001745402812958,0.033271584659814835,0.017073020339012146,0.1044515073299408,0.17327840626239777,0.05918281525373459,-0.11081411689519882,-0.06639272719621658,-0.18778695166110992,-0.07128462195396423,-0.12433481216430664
new_orleans,2022,0.03391018882393837,-0.3265151083469391,-0.2825799286365509,0.26241621375083923,0.038595050573349,-0.19766974449157715,0.011453964747488499,0.3441179692745209,0.017355795949697495,-0.33853766322135925,0.10646657645702362,0.2009703665971756,0.36651483178138733,-0.19830825924873352,-0.08912356197834015,-0.23663845658302307
new_orleans,2023,-0.20556609332561493,-0.3012055456638336,-0.2524060606956482,0.24213215708732605,-0.06926017999649048,-0.09750688821077347,0.08800384402275085,0.05239056795835495,0.06543287634849548,-0.18816860020160675,-0.029022127389907837,0.15076793730258942,0.228825181722641,-0.03693004697561264,0.00047744810581207275,-0.20963610708713531
oklahoma_city,2013,-0.11919867247343063,-0.28702130913734436,-0.3340533375740051,0.3016788065433502,0.05332297086715698,-0.1779424548149109,0.04625849425792694,0.17220225930213928,-0.007434342056512833,-0.33029142022132874,-0.002499788999557495,0.22100086510181427,0.31339600682258606,0.0257163867354393,0.07855372875928879,-0.1452469378709793
oklahoma_city,2014,-0.07108321040868759,-0.1297564059495926,-0.15067362785339355,0.14079396426677704,-0.007098466157913208,-0.054190315306186676,0.023307908326387405,0.12295036762952805,0.016124220564961433,-0.15564243495464325,0.02263842523097992,0.08241814374923706,0.15442237257957458,-0.04270244389772415,0.07054368406534195,-0.08716999739408493
oklahoma_city,2015,0.012268027290701866,-0.25154930353164673,-0.2680278718471527,0.2434861958026886,0.0302150696516037,-0.13841158151626587,0.014208112843334675,0.30234116315841675,0.012155931442975998,-0.2915396988391876,0.08990007638931274,0.16913843154907227,0.2917185425758362,-0.12631787359714508,-0.013613671064376831,-0.17136797308921814
oklahoma_city,2016,-0.22065620124340057,-0.04206381365656853,0.13822227716445923,-0.08021721988916397,-0.23117929697036743,0.18085694313049316,0.08760084211826324,-0.24469703435897827,0.10100561380386353,0.34388473629951477,-0.06540365517139435,-0.1612464338541031,-0.18849949538707733,-0.07170917838811874,-0.00859127938747406,-0.10463818907737732
oklahoma_city,2017,0.20195625722408295,-0.12517574429512024,-0.0470641627907753,0.05676950141787529,-0.07463318109512329,0.03489970415830612,-0.02362152934074402,0.40482667088508606,0.07114982604980469,-0.08398783206939697,0.2121398150920868,-0.01949603110551834,0.1260078102350235,-0.3977620005607605,-0.15882201492786407,-0.17896422743797302
oklahoma_city,2018,0.10053009539842606,-0.018043778836727142,-0.015524514019489288,0.025919534265995026,-0.05727778375148773,0.04691958427429199,-0.019229428842663765,0.22148844599723816,0.030864227563142776,-0.03783028945326805,0.12654747068881989,-0.033994533121585846,0.04958668351173401,-0.2008170783519745,-0.013294696807861328,-0.07909442484378815
oklahoma_city,2019,0.16923163831233978,-0.2909165322780609,-0.111628957092762,0.11883781850337982,-0.08864495158195496,-0.06280145049095154,-0.010000823996961117,0.47445258498191833,0.09992487728595734,-0.15474751591682434,0.2203255593776703,0.04801694303750992,0.25476160645484924,-0.46877092123031616,-0.2977132797241211,-0.3036889433860779
oklahoma_city,2020,0.23195801675319672,-0.0262359157204628,0.005611695349216461,0.01718335971236229,-0.06886021792888641,0.053791169077157974,-0.047235775738954544,0.38158389925956726,0.048141732811927795,-0.057556044310331345,0.20761524140834808,-0.04586192965507507,0.0737638920545578,-0.3577604591846466,-0.100099578499794,-0.14452789723873138
oklahoma_city,2021,0.20858991146087646,-0.06548002362251282,-0.053592078387737274,0.06086963787674904,-0.03945930302143097,0.017330337315797806,-0.04827243089675903,0.3880727291107178,0.03151385486125946,-0.12192916870117188,0.20516113936901093,-0.007425134070217609,0.12158069014549255,-0.3239833116531372,-0.08229060471057892,-0.12594501674175262
oklahoma_city,2022,0.1859591156244278,0.08484283089637756,0.04988937824964523,-0.06094910949468613,-0.06252894550561905,0.09375075250864029,-0.06838493794202805,0.2132136970758438,0.015870967879891396,0.036049190908670425,0.1670226901769638,-0.0706259086728096,-0.025627881288528442,-0.22303691506385803,-0.025843486189842224,-0.026096083223819733
oklahoma_city,2023,0.31634560227394104,0.038571547716856,0.045204855501651764,-0.01700931042432785,-0.043839991092681885,0.0717708021402359,-0.08763701468706131,0.4464270770549774,0.03188210725784302,-0.06491413712501526,0.2460125982761383,-0.07685418426990509,0.05587461590766907,-0.39722758531570435,-0.10353624820709229,-0.11686205863952637
orlando,2013,0.1711122840642929,-0.10229654610157013,-0.05000536888837814,0.048248883336782455,-0.05713033676147461,0.03422107547521591,-0.03007875755429268,0.34455037117004395,0.05277213454246521,-0.07847341895103455,0.19089734554290771,-0.016296759247779846,0.11043040454387665,-0.3337642252445221,-0.12552021443843842,-0.12942364811897278
orlando,2014,-0.03793058171868324,-0.24606457352638245,-0.2581740915775299,0.23408079147338867,0.02279256284236908,-0.13006067276000977,0.02209804207086563,0.22737085819244385,0.011756643652915955,-0.27295002341270447,0.06039509177207947,0.160390704870224,0.2690519392490387,-0.0851060152053833,0.011195667088031769,-0.14731340110301971
orlando,2015,0.1690278798341751,-0.1197439581155777,-0.024585343897342682,0.03182127699255943,-0.09656356275081635,0.03512221574783325,-0.012690757401287556,0.3351162374019623,0.08513666689395905,-0.047534454613924026,0.18593907356262207,-0.036578577011823654,0.09787743538618088,-0.36140963435173035,-0.17110250890254974,-0.16031724214553833
orlando,2016,0.1835128515958786,-0.0847274661064148,-0.03579585254192352,0.04027865454554558,-0.06577463448047638,0.034582361578941345,-0.03125270828604698,0.3454897999763489,0.048252515494823456,-0.07018344104290009,0.19424018263816833,-0.027792833745479584,0.09942632913589478,-0.3300739526748657,-0.11617535352706909,-0.12191738188266754
orlando,2017,0.1749938726425171,-0.26637449860572815,-0.10071395337581635,0.1100686565041542,-0.09836626052856445,-0.049410879611968994,-0.00999931525439024,0.45861366391181946,0.09819680452346802,-0.1450827568769455,0.21553091704845428,0.03617895394563675,0.23122845590114594,-0.4532068967819214,-0.2778128385543823,-0.2848929762840271
orlando,2018,0.2547893822193146,-0.12409837543964386,-0.05204898118972778,0.06371304392814636,-0.06052982807159424,0.032952312380075455,-0.051309533417224884,0.48135194182395935,0.06189979612827301,-0.10280242562294006,0.2581876516342163,-0.02675081416964531,0.14826570451259613,-0.4517604112625122,-0.18596608936786652,-0.1829637587070465
orlando,2019,0.14792029559612274,-0.2679481506347656,-0.19361227750778198,0.18168999254703522,0.002602115273475647,-0.11991194635629654,-0.03021661937236786,0.45053932070732117,0.036909203976392746,-0.2558974325656891,0.196325421333313,0.11477267742156982,0.3023812472820282,-0.329220712184906,-0.17548008263111115,-0.23456186056137085
orlando,2020,0.22339139878749847,-0.07688802480697632,-0.050090111792087555,0.057347532361745834,-0.0329069048166275,0.01575511321425438,-0.051986806094646454,0.41673338413238525,0.040497079491615295,-0.11237728595733643,0.22397246956825256,-0.011178075335919857,0.13249266147613525,-0.3572618365287781,-0.10768891870975494,-0.13926878571510315
orlando,2021,0.22086887061595917,-0.11241164803504944,-0.07442595809698105,0.06567944586277008,-0.03585284203290939,0.019964173436164856,-0.04350433126091957,0.4269566833972931,0.04169739410281181,-0.11805844306945801,0.2307024896144867,-0.0015638889744877815,0.1469161957502365,-0.3817746639251709,-0.13059605658054352,-0.14084909856319427
orlando,2022,0.2319258153438568,-0.24110735952854156,-0.04783168435096741,0.05825694650411606,-0.11992403864860535,-0.004473291337490082,-0.023242846131324768,0.4958677291870117,0.11486701667308807,-0.08652740716934204,0.2552151083946228,-0.016556434333324432,0.19846178591251373,-0.5372647047042847,-0.33164769411087036,-0.29227596521377563
orlando,2023,0.28181156516075134,-0.004422750324010849,-0.04067682474851608,0.03422608599066734,0.025805920362472534,0.020205587148666382,-0.07598645240068436,0.42297622561454773,-0.009446177631616592,-0.14245052635669708,0.22649988532066345,0.002150212414562702,0.11426807940006256,-0.32673123478889465,-0.04310403764247894,-0.06227647885680199
philadelphia,2013,0.34056487679481506,0.01744077354669571,-0.06051740050315857,0.06187952309846878,0.08952133357524872,-0.018298476934432983,-0.10449455678462982,0.48039868474006653,-0.0324009470641613,-0.21569551527500153,0.24110832810401917,0.02553420513868332,0.15774644911289215,-0.34134772419929504,-0.011566013097763062,-0.05562902241945267
philadelphia,2014,0.2711575925350189,-0.016177713871002197,-0.015177570283412933,0.0235903300344944,-0.038700737059116364,0.041978005319833755,-0.07096787542104721,0.42401015758514404,0.03202885389328003,-0.09137062728404999,0.23544788360595703,-0.04122079908847809,0.09778937697410583,-0.367343932390213,-0.09808370471000671,-0.11952082812786102
philadelphia,2015,-0.19992655515670776,0.18930557370185852,0.23524236679077148,-0.2152734100818634,-0.16426652669906616,0.20931494235992432,0.045845866203308105,-0.39812105894088745,0.025927770882844925,0.44430622458457947,-0.09781236946582794,-0.20476120710372925,-0.3494848310947418,0.2016647458076477,0.1080249473452568,0.12600843608379364
philadelphia,2016,-0.5290876030921936,0.49934956431388855,0.5792330503463745,-0.5280378460884094,-0.12623320519924164,0.43647634983062744,0.11932479590177536,-1.1325316429138184,-0.047330114990472794,1.0514775514602661,-0.39131420850753784,-0.43087735772132874,-0.8745845556259155,0.8961448669433594,0.2438974678516388,0.5149793028831482
philadelphia,2017,0.25328484177589417,-0.09515184164047241,-0.07275846600532532,0.06758327782154083,-0.004096567630767822,-0.003752678632736206,-0.06696218252182007,0.4411124885082245,0.030391406267881393,-0.14312581717967987,0.23988717794418335,0.0015799449756741524,0.15816710889339447,-0.3669189214706421,-0.1241409033536911,-0.12423622608184814
philadelphia,2018,0.2516666054725647,-0.04003221169114113,-0.06395196914672852,0.06078106909990311,0.014364123344421387,-0.006713688373565674,-0.07766426354646683,0.42671501636505127,0.007275300100445747,-0.15948398411273956,0.22610867023468018,0.012850691564381123,0.1492277830839157,-0.3316119909286499,-0.060597822070121765,-0.10373801738023758
philadelphia,2019,0.33761346340179443,0.034485723823308945,-0.025865480303764343,0.020101137459278107,0.05266706645488739,0.026990242302417755,-0.09060835093259811,0.4542589485645294,-0.02687452733516693,-0.15288607776165009,0.2387288510799408,-0.0034534139558672905,0.10056573152542114,-0.34271731972694397,-0.027641624212265015,-0.03632626682519913
philadelphia,2020,0.16569115221500397,0.04928399249911308,0.030072785913944244,-0.03987012058496475,-0.058072492480278015,0.08256088942289352,-0.05054544657468796,0.22293207049369812,0.02416422963142395,0.01935657486319542,0.15599000453948975,-0.05823308601975441,0.0005198682192713022,-0.2361796498298645,-0.029601648449897766,-0.05241141840815544
philadelphia,2021,0.07689488679170609,0.012200497090816498,0.005823567509651184,-0.0065245553851127625,-0.06321220844984055,0.06931617110967636,-0.021070480346679688,0.14967483282089233,0.029435250908136368,0.017567988485097885,0.10674599558115005,-0.0438980832695961,0.010333780199289322,-0.1795923113822937,0.0007312372326850891,-0.05592990294098854
philadelphia,2022,0.160100519657135,-0.1715840995311737,-0.2139529585838318,0.19121798872947693,0.10190582275390625,-0.11330369859933853,-0.06382128596305847,0.4049285054206848,-0.03218548372387886,-0.3099263608455658,0.17689433693885803,0.14749683439731598,0.2684003412723541,-0.20402735471725464,-0.020344123244285583,-0.0961114689707756
philadelphia,2023,0.06536266952753067,-0.1005765050649643,-0.10272764414548874,0.10338082909584045,-0.029865160584449768,-0.020338274538517,-0.011577081866562366,0.24842122197151184,0.03000470995903015,-0.1280990093946457,0.11482137441635132,0.04361839219927788,0.13640297949314117,-0.19184842705726624,-0.003558613359928131,-0.12203449010848999
phoenix,2013,-0.14603067934513092,-0.3100389540195465,-0.35577821731567383,0.31680697202682495,0.06647065281867981,-0.2004513442516327,0.05419516935944557,0.14477339386940002,-0.009172555059194565,-0.3630255162715912,-0.025677859783172607,0.24656333029270172,0.34061864018440247,0.04415389150381088,0.087196946144104,-0.14983826875686646
phoenix,2014,0.20306983590126038,-0.06368005275726318,-0.023368753492832184,0.025640033185482025,-0.06912726163864136,0.039290666580200195,-0.03441396728157997,0.3529931604862213,0.05064970254898071,-0.06253296136856079,0.20049825310707092,-0.03394300118088722,0.08991651982069016,-0.33823078870773315,-0.11623458564281464,-0.12190428376197815
phoenix,2015,-0.06412466615438461,-0.09478569030761719,-0.07230699807405472,0.07679446041584015,-0.05951956659555435,0.009836390614509583,0.02834644913673401,0.07656589150428772,0.03771809861063957,-0.04990997910499573,0.025643542408943176,0.018012475222349167,0.08334247767925262,-0.10335938632488251,0.042070843279361725,-0.09205791354179382
phoenix,2016,0.18516942858695984,-0.01870437152683735,-0.060691967606544495,0.05637770891189575,0.010709390044212341,0.01393941417336464,-0.04591831937432289,0.314858615398407,-0.0010915528982877731,-0.1322689950466156,0.16241252422332764,0.017113737761974335,0.10447555035352707,-0.24524858593940735,0.008654259145259857,-0.0669446736574173
phoenix,2017,0.19889070093631744,-0.042807966470718384,-0.02778325229883194,0.026690304279327393,-0.05047804117202759,0.03315262123942375,-0.03798598051071167,0.3382530212402344,0.03787809982895851,-0.07223120331764221,0.1902875155210495,-0.021932464092969894,0.08768116682767868,-0.30280056595802307,-0.08295132219791412,-0.1050766184926033
phoenix,2018,0.319467693567276,0.07506611943244934,0.03019089251756668,-0.030151113867759705,0.005185909569263458,0.07154051959514618,-0.09134881943464279,0.4043642282485962,-0.00856485590338707,-0.07889056205749512,0.23365828394889832,-0.05292130261659622,0.045692406594753265,-0.33211615681648254,-0.04544210433959961,-0.03650977462530136
phoenix,2019,0.19692395627498627,-0.01612941175699234,0.0009287670254707336,0.013245165348052979,-0.05917792022228241,0.04649896174669266,-0.04563523083925247,0.3388051390647888,0.04052644595503807,-0.06351834535598755,0.18317513167858124,-0.042671188712120056,0.07579126209020615,-0.3150223195552826,-0.06935162842273712,-0.12076330929994583
phoenix,2020,0.3055025041103363,0.027877267450094223,0.043518103659152985,-0.01471266895532608,-0.052513487637043,0.07191001623868942,-0.08612396568059921,0.4428029954433441,0.0383603498339653,-0.06009003892540932,0.24557805061340332,-0.07896728068590164,0.05773787945508957,-0.39964061975479126,-0.11361600458621979,-0.12757427990436554
phoenix,2021,0.27983102202415466,0.1633525937795639,0.08060579746961594,-0.09685472398996353,0.01979207992553711,0.10199936479330063,-0.10839185863733292,0.28288301825523376,-0.03371317312121391,-0.019302748143672943,0.1873018890619278,-0.06283936649560928,-0.033809125423431396,-0.21049024164676666,0.006549924612045288,0.044306680560112
phoenix,2022,0.21900586783885956,-0.02417795918881893,-0.06588240712881088,0.06518968939781189,0.020075827836990356,0.002227582037448883,-0.04988214001059532,0.37108057737350464,0.004007892683148384,-0.15975189208984375,0.18294338881969452,0.015061168931424618,0.12869206070899963,-0.2735360562801361,-0.004712328314781189,-0.08615045994520187
phoenix,2023,0.20906780660152435,-0.04724850878119469,-0.02156013995409012,0.024288922548294067,-0.06294691562652588,0.038265421986579895,-0.03535457327961922,0.3583178222179413,0.049740735441446304,-0.06652554124593735,0.19831439852714539,-0.027975846081972122,0.08867914229631424,-0.3328768014907837,-0.09940628707408905,-0.1273806393146515
pittsburgh,2013,-0.10038664937019348,0.21170447766780853,0.19963788986206055,-0.20174649357795715,-0.12176322937011719,0.18582260608673096,0.008440685458481312,-0.2630329430103302,0.013500788249075413,0.3513515889644623,-0.0359528511762619,-0.1649051010608673,-0.29445722699165344,0.12099411338567734,0.09885236620903015,0.12627694010734558
pittsburgh,2014,0.03519698604941368,0.09210518002510071,0.059573568403720856,-0.06107328087091446,-0.052133116871118546,0.11050053685903549,-0.011775595135986805,0.041846103966236115,0.003380369395017624,0.07537083327770233,0.06141934543848038,-0.07073716074228287,-0.07049781084060669,-0.06402292847633362,0.05292212590575218,0.0361662358045578
pittsburgh,2015,0.2866075038909912,0.06816060841083527,0.02042313665151596,-0.019686371088027954,-0.00406956672668457,0.07215651124715805,-0.07283889502286911,0.3691561818122864,0.0029719602316617966,-0.060438159853219986,0.2140461951494217,-0.05003303289413452,0.036051928997039795,-0.3237125873565674,-0.028986036777496338,-0.04795157164335251
pittsburgh,2016,0.08718142658472061,0.045878272503614426,0.024719424545764923,-0.027396447956562042,-0.05544344708323479,0.08576487004756927,-0.030968137085437775,0.13077795505523682,0.01885000802576542,0.03937320038676262,0.10471656918525696,-0.057821206748485565,-0.018324457108974457,-0.17584259808063507,0.02211286872625351,-0.02972889319062233
pittsburgh,2017,0.2698057293891907,0.01705530658364296,0.019349344074726105,-0.007374182343482971,-0.0397271066904068,0.06121137738227844,-0.06893538683652878,0.3933844566345215,0.030027247965335846,-0.06429991126060486,0.22519443929195404,-0.0634828731417656,0.06468009948730469,-0.35676175355911255,-0.08606196939945221,-0.09229172766208649
pittsburgh,2018,-0.07990288734436035,0.23318657279014587,0.20175966620445251,-0.21176505088806152,-0.10095830261707306,0.19461274147033691,-0.003948925994336605,-0.24643725156784058,-0.001777680590748787,0.3459849953651428,-0.023404031991958618,-0.16411754488945007,-0.3012005686759949,0.13114017248153687,0.10901579260826111,0.14928317070007324
pittsburgh,2019,0.3309132158756256,0.004575841128826141,-0.024853236973285675,0.034280985593795776,0.020076289772987366,0.024242863059043884,-0.08569802343845367,0.4707699418067932,-0.0036701709032058716,-0.1429627388715744,0.24823550879955292,-0.01809229701757431,0.1123107522726059,-0.383945107460022,-0.064964160323143,-0.07565513253211975
pittsburgh,2020,0.21061857044696808,-0.07705162465572357,-0.150501549243927,0.1299489140510559,0.08763514459133148,-0.06143324822187424,-0.07480219751596451,0.4090738296508789,-0.03320092707872391,-0.2621547281742096,0.18993917107582092,0.0967145785689354,0.2034929245710373,-0.22088298201560974,0.010864943265914917,-0.06874796748161316
pittsburgh,2021,-0.1432516872882843,-0.14114293456077576,-0.059888869524002075,0.08236972987651825,-0.13805356621742249,0.04628057777881622,0.06739681959152222,-0.0066705867648124695,0.08554194867610931,0.024976041167974472,0.0006518363952636719,-0.013546940870583057,0.055460043251514435,-0.1377793550491333,0.0018867328763008118,-0.18090780079364777
pittsburgh,2022,0.13729800283908844,0.15419192612171173,0.1109175756573677,-0.12811404466629028,-0.08169892430305481,0.13220641016960144,-0.07323534041643143,0.08119014650583267,0.011677099391818047,0.13372233510017395,0.12550616264343262,-0.11640655249357224,-0.10936059057712555,-0.15085342526435852,0.0007842108607292175,0.03752761334180832
pittsburgh,2023,0.3046012818813324,0.05036739632487297,0.04279378801584244,-0.024427711963653564,-0.04409082233905792,0.0771925151348114,-0.09453842043876648,0.4284954071044922,0.02905486524105072,-0.058889683336019516,0.24661332368850708,-0.08317869156599045,0.05172118544578552,-0.3797546327114105,-0.09808520972728729,-0.10054919123649597
raleigh,2013,0.09748531132936478,-0.2726760506629944,-0.19866259396076202,0.18934738636016846,-0.013068810105323792,-0.12173864990472794,-0.00812328141182661,0.38952261209487915,0.05372907593846321,-0.24507364630699158,0.1577751785516739,0.120900958776474,0.2939395010471344,-0.2916296422481537,-0.15844516456127167,-0.2412286102771759
raleigh,2014,0.21026255190372467,-0.2703915238380432,-0.02284187823534012,0.043309666216373444,-0.16380943357944489,0.0008491501212120056,0.0026536202058196068,0.48561957478523254,0.15625396370887756,-0.0504232682287693,0.2424250990152359,-0.030042245984077454,0.18961985409259796,-0.5730540156364441,-0.3854430317878723,-0.3449707329273224
raleigh,2015,0.15404148399829865,-0.09042025357484818,-0.09197244793176651,0.08575984835624695,-0.01012517511844635,-0.0213368758559227,-0.038004402071237564,0.33917075395584106,0.025746740400791168,-0.14648261666297913,0.16941997408866882,0.036036476492881775,0.1467514932155609,-0.2550841271877289,-0.050684958696365356,-0.1175641417503357
raleigh,2016,0.21335068345069885,-0.22935280203819275,-0.09084004163742065,0.09650112688541412,-0.06688030064105988,-0.0462922528386116,-0.03221231698989868,0.47280099987983704,0.08241309225559235,-0.15215584635734558,0.23382166028022766,0.02729448676109314,0.22362396121025085,-0.44566071033477783,-0.2578631639480591,-0.25189080834388733
raleigh,2017,0.260988712310791,-0.009167302399873734,0.02144058793783188,-0.008695587515830994,-0.06773540377616882,0.06340642273426056,-0.06026133894920349,0.3996378481388092,0.05283460393548012,-0.052388694137334824,0.22933411598205566,-0.0700332298874855,0.0699433833360672,-0.38214826583862305,-0.12399962544441223,-0.12643568217754364
raleigh,2018,0.14966042339801788,-0.1913389265537262,-0.10941877216100693,0.10785456746816635,-0.06681955605745316,-0.026559486985206604,-0.0052289804443717,0.3935423493385315,0.08324791491031647,-0.14860962331295013,0.1818733513355255,0.03464943543076515,0.1916358321905136,-0.3590349853038788,-0.17096595466136932,-0.21959242224693298
raleigh,2019,0.1279246211051941,-0.3465052545070648,-0.260744571685791,0.24531489610671997,0.051211148500442505,-0.2030905783176422,-0.02736012265086174,0.47712722420692444,0.012747380882501602,-0.34175997972488403,0.18426203727722168,0.19263334572315216,0.3933373689651489,-0.2884993851184845,-0.1853061467409134,-0.26346027851104736
raleigh,2020,0.03681400790810585,-0.2880418002605438,-0.26817694306373596,0.2462368607521057,0.038858503103256226,-0.1663651466369629,-0.0024088574573397636,0.33374208211898804,0.015180889517068863,-0.3124244511127472,0.11368725448846817,0.18075256049633026,0.33349326252937317,-0.18090301752090454,-0.07434442639350891,-0.20332780480384827
raleigh,2021,0.03214976564049721,-0.2664431929588318,-0.2761355936527252,0.2500588893890381,0.052860915660858154,-0.1602759063243866,-0.0019524423405528069,0.32769736647605896,0.008537285029888153,-0.3136374056339264,0.10523848235607147,0.18198977410793304,0.32321545481681824,-0.14767540991306305,-0.04047365486621857,-0.18126565217971802
raleigh,2022,0.1593659222126007,-0.26598984003067017,-0.17887133359909058,0.16663190722465515,-0.0179976224899292,-0.11314503103494644,-0.023905813694000244,0.462149977684021,0.05268474295735359,-0.2402333915233612,0.20018571615219116,0.10204371064901352,0.2952558994293213,-0.35063135623931885,-0.19699575006961823,-0.255332887172699
raleigh,2023,0.18877342343330383,-0.13338549435138702,-0.13541319966316223,0.1208568662405014,0.0040742456912994385,-0.037359826266765594,-0.046795736998319626,0.43691539764404297,0.024535171687602997,-0.19283048808574677,0.21634864807128906,0.06005286052823067,0.20330388844013214,-0.3132656514644623,-0.09278799593448639,-0.14639973640441895
sacramento,2013,0.2061869353055954,0.18460659682750702,0.08822239190340042,-0.11751966923475266,0.006135948002338409,0.12132908403873444,-0.09478653222322464,0.1771702617406845,-0.033107858151197433,0.04298228397965431,0.14846161007881165,-0.07862430065870285,-0.07759243249893188,-0.14021942019462585,0.03745090216398239,0.07926756143569946
sacramento,2014,-0.2984522581100464,0.28207695484161377,0.355927973985672,-0.32935816049575806,-0.15986549854278564,0.2773079574108124,0.06535115838050842,-0.657095730304718,-0.003472372889518738,0.6551373600959778,-0.19834743440151215,-0.2926064133644104,-0.5356459617614746,0.42206835746765137,0.15478366613388062,0.2557617127895355
sacramento,2015,-0.03396240249276161,0.24961647391319275,0.17005550861358643,-0.17813679575920105,-0.03269031643867493,0.1793956756591797,-0.022044766694307327,-0.14433833956718445,-0.029451720416545868,0.2448834478855133,0.006453767418861389,-0.13134673237800598,-0.24222081899642944,0.13250389695167542,0.12872661650180817,0.18222996592521667
sacramento,2016,-0.6082992553710938,0.6204083561897278,0.7365126609802246,-0.7119943499565125,-0.1152191013097763,0.5377929210662842,0.13639676570892334,-1.4235719442367554,-0.11835938692092896,1.3140127658843994,-0.4716532230377197,-0.5058913826942444,-1.1027441024780273,1.125369668006897,0.2781268358230591,0.6740280985832214
sacramento,2017,0.29869624972343445,0.05660789832472801,0.022240854799747467,-0.018105901777744293,-0.021802276372909546,0.07164562493562698,-0.07698044180870056,0.3922504484653473,0.012901145964860916,-0.05805041268467903,0.22869932651519775,-0.05858433619141579,0.04400008171796799,-0.3506767451763153,-0.057243332266807556,-0.06742848455905914
sacramento,2018,0.208465114235878,0.21611091494560242,0.10938907414674759,-0.14695313572883606,-0.01789948344230652,0.14465734362602234,-0.10077743977308273,0.140384703874588,-0.029174406081438065,0.09495609998703003,0.15662576258182526,-0.10371694713830948,-0.1175025999546051,-0.1322564035654068,0.03292399272322655,0.09185963869094849
sacramento,2019,-0.3438875675201416,-0.13625913858413696,-0.004729963839054108,0.03939923644065857,-0.19543388485908508,0.12313798069953918,0.1163891926407814,-0.2978537976741791,0.09574007987976074,0.21660706400871277,-0.10446695983409882,-0.060056380927562714,-0.0903724655508995,0.01827629655599594,0.05356165021657944,-0.13129985332489014
sacramento,2020,0.29190465807914734,0.044434573501348495,0.019380740821361542,-0.009092681109905243,-0.022373005747795105,0.06835899502038956,-0.07068660110235214,0.390110582113266,0.021853893995285034,-0.05896979942917824,0.2241993248462677,-0.06103971600532532,0.05141217261552811,-0.37022894620895386,-0.05913008749485016,-0.08151917159557343
sacramento,2021,0.3064519166946411,-0.02152063697576523,-0.018052712082862854,0.02352064475417137,-0.029079392552375793,0.044895365834236145,-0.07757730782032013,0.46726930141448975,0.027875341475009918,-0.10406419634819031,0.25739628076553345,-0.04268573597073555,0.10640647262334824,-0.4187733829021454,-0.1161610335111618,-0.11438748240470886
sacramento,2022,0.2701782286167145,0.001293729990720749,-0.003937333822250366,0.009486250579357147,-0.034412942826747894,0.05180138349533081,-0.06409621983766556,0.40085405111312866,0.02464158833026886,-0.08382125198841095,0.225854754447937,-0.04524755850434303,0.08171389997005463,-0.36436107754707336,-0.08132453262805939,-0.09575335681438446
sacramento,2023,-0.136496901512146,-0.1500086784362793,-0.05631330609321594,0.0628531202673912,-0.14152556657791138,0.036450162529945374,0.0644669458270073,-0.008367501199245453,0.09352670609951019,0.033478278666734695,0.0030107051134109497,-0.003616209141910076,0.0642455443739891,-0.14553302526474,-0.02770981192588806,-0.17295566201210022
salt_lake_city,2013,0.19835293292999268,-0.002840328961610794,-0.03450724482536316,0.02217446267604828,-0.011036261916160583,0.027452141046524048,-0.05600937455892563,0.32247281074523926,0.009304378181695938,-0.10293920338153839,0.17928270995616913,-0.008215607143938541,0.08761680871248245,-0.24805572628974915,-0.028907857835292816,-0.06140083074569702
salt_lake_city,2014,-0.1364850550889969,-0.1465960294008255,-0.07521289587020874,0.0878273993730545,-0.10955826938152313,0.021325476467609406,0.06917417794466019,0.022933602333068848,0.07103843986988068,-0.0041282400488853455,-0.004680946469306946,0.00923535879701376,0.07568029314279556,-0.09904766827821732,0.011333286762237549,-0.13844802975654602
salt_lake_city,2015,0.08514990657567978,-0.0010901279747486115,0.011920474469661713,-0.009065382182598114,-0.06752797961235046,0.06463129073381424,-0.01607736572623253,0.18369150161743164,0.04249491170048714,0.007170077413320541,0.11388745903968811,-0.050311509519815445,0.02905944734811783,-0.20443783700466156,-0.01958511769771576,-0.0749925971031189
salt_lake_city,2016,-0.008340487256646156,-0.15421563386917114,-0.13270699977874756,0.131001815199852,-0.053910333663225174,-0.030361458659172058,0.02350202575325966,0.18424072861671448,0.038641877472400665,-0.1327161192893982,0.07027942687273026,0.05956627428531647,0.14994068443775177,-0.1559671312570572,-0.005218394100666046,-0.13521793484687805
salt_lake_city,2017,0.22957439720630646,-0.0697653740644455,-0.039446376264095306,0.05311533436179161,-0.046437785029411316,0.015389524400234222,-0.046221885830163956,0.4103888273239136,0.039733320474624634,-0.11588054895401001,0.21127407252788544,-0.011799327097833157,0.1233978271484375,-0.3479066789150238,-0.09716460108757019,-0.14680027961730957
salt_lake_city,2018,0.20717379450798035,-0.03816518932580948,-0.027801625430583954,0.03587419167160988,-0.04707593470811844,0.03173847496509552,-0.04244193062186241,0.36225664615631104,0.03692999482154846,-0.08239205926656723,0.1972411423921585,-0.02233302965760231,0.09411724656820297,-0.31745851039886475,-0.07644911110401154,-0.11555271595716476
salt_lake_city,2019,-0.062489259988069534,-0.29525789618492126,-0.2683102488517761,0.24929019808769226,-0.007619589567184448,-0.140578031539917,0.04444468766450882,0.2144104242324829,0.03415859863162041,-0.27625951170921326,0.04187235236167908,0.16583247482776642,0.29002895951271057,-0.105017751455307,-0.029484421014785767,-0.20058205723762512
salt_lake_city,2020,0.005155166145414114,-0.2084057331085205,-0.2332049310207367,0.2120947539806366,0.008691072463989258,-0.10130182653665543,0.019001159816980362,0.2549961507320404,0.012052077800035477,-0.2534438371658325,0.08027483522891998,0.13329516351222992,0.23706047236919403,-0.10555647313594818,0.01923297345638275,-0.14133678376674652
salt_lake_city,2021,0.41365405917167664,0.28009942173957825,0.11419834941625595,-0.13988825678825378,0.10945393145084381,0.13527436554431915,-0.14503055810928345,0.3726518154144287,-0.09588101506233215,-0.07593080401420593,0.23426604270935059,-0.0719660148024559,-0.04849015176296234,-0.23435556888580322,0.06627791374921799,0.14108991622924805
salt_lake_city,2022,0.33189669251441956,0.010491788387298584,0.014225654304027557,0.009148858487606049,-0.04166992008686066,0.05808750167489052,-0.0813288539648056,0.47526174783706665,0.029265131801366806,-0.08909276127815247,0.2574799656867981,-0.06380593031644821,0.0828835666179657,-0.4277957081794739,-0.11076344549655914,-0.11993712186813354
salt_lake_city,2023,0.014961948618292809,-0.11377453804016113,-0.16973449289798737,0.14870750904083252,0.034069791436195374,-0.07535646110773087,-0.003702356480062008,0.2051689326763153,-0.00535859540104866,-0.2216109335422516,0.061863481998443604,0.10613825172185898,0.18868476152420044,-0.08146041631698608,0.06955254822969437,-0.07569034397602081
san_antonio,2013,0.24805454909801483,-0.1436125785112381,-0.11703819036483765,0.10473446547985077,-0.0012608766555786133,-0.03954155743122101,-0.06719864159822464,0.48095428943634033,0.02617001160979271,-0.19133645296096802,0.24772587418556213,0.042915359139442444,0.21097636222839355,-0.37754446268081665,-0.14738090336322784,-0.15735813975334167
san_antonio,2014,-0.05685381218791008,-0.28353920578956604,-0.34049713611602783,0.3065733015537262,0.07999148964881897,-0.1876378059387207,0.02530255913734436,0.2291315346956253,-0.023646891117095947,-0.3706890940666199,0.028994858264923096,0.23172807693481445,0.3323240578174591,-0.007276080548763275,0.06690329313278198,-0.1372157484292984
san_antonio,2015,0.11580383777618408,-0.2749723792076111,-0.2370501160621643,0.2192922830581665,0.028644129633903503,-0.14194947481155396,-0.0252109095454216,0.41951608657836914,0.010505672544240952,-0.29713672399520874,0.16960546374320984,0.14713063836097717,0.32135868072509766,-0.2554686367511749,-0.11965030431747437,-0.20730994641780853
san_antonio,2016,0.16942726075649261,-0.29512420296669006,-0.21248920261859894,0.1962166726589203,0.018364086747169495,-0.15484458208084106,-0.03961901366710663,0.485344260931015,0.019589964300394058,-0.2955383360385895,0.2095084935426712,0.1404491513967514,0.33994776010513306,-0.33177733421325684,-0.19111157953739166,-0.24350404739379883
san_antonio,2017,0.26243671774864197,-0.208013117313385,-0.14987124502658844,0.14003810286521912,0.018948271870613098,-0.09850863367319107,-0.08335678279399872,0.5384982228279114,0.03041517361998558,-0.25020405650138855,0.2644161581993103,0.08907237648963928,0.2831999659538269,-0.39758098125457764,-0.21499843895435333,-0.21116113662719727
san_antonio,2018,0.19766871631145477,-0.2741535007953644,-0.17176693677902222,0.16121169924736023,-0.0060569122433662415,-0.12063587456941605,-0.04853874444961548,0.50816810131073,0.039608653634786606,-0.2508556544780731,0.23486006259918213,0.10558859258890152,0.31014367938041687,-0.39173397421836853,-0.2289232760667801,-0.2531910240650177
san_antonio,2019,0.1152583435177803,-0.3691738545894623,-0.30448445677757263,0.28342965245246887,0.08685415983200073,-0.2500010132789612,-0.025917861610651016,0.46538135409355164,-0.017151091247797012,-0.40683218836784363,0.16296561062335968,0.23945239186286926,0.43332675099372864,-0.23233088850975037,-0.14362935721874237,-0.2463575005531311
san_antonio,2020,0.20509997010231018,-0.28625360131263733,-0.19137664139270782,0.17838117480278015,0.013555720448493958,-0.14566168189048767,-0.054915651679039,0.5173068642616272,0.022926632314920425,-0.28540095686912537,0.23587068915367126,0.12919597327709198,0.33366331458091736,-0.3718274235725403,-0.22250501811504364,-0.24650855362415314
san_antonio,2021,0.23451437056064606,-0.2445051372051239,-0.13539016246795654,0.13029922544956207,-0.028193429112434387,-0.08589815348386765,-0.058850694447755814,0.5251781344413757,0.05096245929598808,-0.21826127171516418,0.25655120611190796,0.07471150904893875,0.2758365273475647,-0.4349061846733093,-0.2534053325653076,-0.24777986109256744
san_antonio,2022,0.2656486928462982,-0.24764850735664368,-0.10269221663475037,0.10044507682323456,-0.0545351505279541,-0.06859678775072098,-0.0633091852068901,0.5568104386329651,0.07621894776821136,-0.18102094531059265,0.27987444400787354,0.04722120612859726,0.26570817828178406,-0.5025874972343445,-0.31674379110336304,-0.27847954630851746
san_antonio,2023,0.18435634672641754,-0.26423707604408264,-0.21074995398521423,0.19694222509860992,0.03844568133354187,-0.14637014269828796,-0.05032409355044365,0.48488450050354004,0.006470557302236557,-0.30309462547302246,0.21297188103199005,0.14221258461475372,0.3272380828857422,-0.3124336004257202,-0.1580098420381546,-0.2125261425971985
st_louis,2013,0.18729044497013092,0.07357221841812134,0.027227304875850677,-0.03765103965997696,-0.019913703203201294,0.07851523160934448,-0.060553330928087234,0.2547122538089752,0.0014256462454795837,-0.022870805114507675,0.16246038675308228,-0.050078682601451874,0.013836022466421127,-0.21452206373214722,-0.005529820919036865,-0.014736957848072052
st_louis,2014,0.11086203902959824,0.08691748976707458,0.06478794664144516,-0.06629814952611923,-0.053144149482250214,0.11763499677181244,-0.03130664676427841,0.13649627566337585,0.015239210799336433,0.0707387775182724,0.11196663975715637,-0.07873833924531937,-0.05935300886631012,-0.1582317352294922,0.005556836724281311,-0.002650536596775055
st_louis,2015,-0.060798753052949905,-0.018085744231939316,0.0021964311599731445,0.01234956830739975,-0.0981818363070488,0.09242193400859833,0.03465242311358452,0.031173139810562134,0.046098388731479645,0.07471787929534912,0.03844176232814789,-0.05314075946807861,-0.020982839167118073,-0.09110154211521149,0.03649713471531868,-0.06488536298274994
st_louis,2016,-0.2639620900154114,0.09653182327747345,0.23122620582580566,-0.18085911870002747,-0.2175951898097992,0.2462758719921112,0.09490831941366196,-0.42623287439346313,0.08038970828056335,0.4967794716358185,-0.11953388154506683,-0.23556385934352875,-0.3551386892795563,0.1571003794670105,0.05993884801864624,0.033954232931137085
st_louis,2017,0.21729272603988647,-0.028381552547216415,-0.007476098835468292,0.005267411470413208,-0.06757084280252457,0.04931113123893738,-0.04002543166279793,0.3545759916305542,0.05241012945771217,-0.05160873755812645,0.20302173495292664,-0.040954142808914185,0.07707473635673523,-0.34235289692878723,-0.10114552080631256,-0.1239146813750267
st_louis,2018,-0.22826345264911652,-0.16968147456645966,-0.09976117312908173,0.10097268223762512,-0.1178242489695549,0.01725269854068756,0.08833583444356918,-0.08398351818323135,0.07678387314081192,0.008898567408323288,-0.055413618683815,0.03606326878070831,0.06757696717977524,-0.044153958559036255,0.03951866179704666,-0.15412180125713348
st_louis,2019,-0.2673068940639496,-0.08374802768230438,0.0480235293507576,0.0011971816420555115,-0.2000141739845276,0.13787150382995605,0.10434644669294357,-0.2337590456008911,0.08807698637247086,0.21656987071037292,-0.08147893846035004,-0.09615697711706161,-0.10438172519207001,-0.02798689901828766,0.054865431040525436,-0.10975083708763123
st_louis,2020,-0.13921163976192474,0.07507100701332092,0.22748839855194092,-0.1899932324886322,-0.22841089963912964,0.19887971878051758,0.04010831192135811,-0.2693842649459839,0.08934226632118225,0.43529361486434937,-0.03586222231388092,-0.216498002409935,-0.27418145537376404,-0.044629693031311035,-0.01662430167198181,-0.05006245896220207
st_louis,2021,-0.007146290037781,-0.12633709609508514,-0.09513060003519058,0.09505948424339294,-0.07162831723690033,0.00028210505843162537,0.019941799342632294,0.1582576334476471,0.046324167400598526,-0.08144080638885498,0.07249303162097931,0.028702501207590103,0.11605709791183472,-0.17164820432662964,-0.012902379035949707,-0.13008464872837067
st_louis,2022,0.2303118109703064,-0.14191992580890656,-0.020636029541492462,0.028748769313097,-0.10639698803424835,0.033615995198488235,-0.017559699714183807,0.43313562870025635,0.10308070480823517,-0.060494180768728256,0.22979551553726196,-0.040330156683921814,0.12654925882816315,-0.45905786752700806,-0.22593693435192108,-0.21356670558452606
st_louis,2023,0.2579687833786011,-0.010065849870443344,0.004986576735973358,0.0010737702250480652,-0.06290939450263977,0.05455430597066879,-0.0575932115316391,0.39622676372528076,0.045003216713666916,-0.06246962770819664,0.22535358369350433,-0.054366584867239,0.07618575543165207,-0.36900490522384644,-0.1085921972990036,-0.12131090462207794
tampa,2013,0.08346930146217346,-0.2108427733182907,-0.16848888993263245,0.16033300757408142,-0.013422742486000061,-0.07568421214818954,-0.008897802792489529,0.33911773562431335,0.042191293090581894,-0.2054305523633957,0.1475052535533905,0.08641032874584198,0.225347638130188,-0.24326127767562866,-0.09466004371643066,-0.17006126046180725
tampa,2014,-0.09925995022058487,-0.13598696887493134,-0.15646332502365112,0.13820843398571014,-0.020647108554840088,-0.04877778887748718,0.029887087643146515,0.08962404727935791,0.017737653106451035,-0.14494486153125763,0.008874647319316864,0.08327450603246689,0.14752185344696045,-0.019704602658748627,0.07684576511383057,-0.08392922580242157
tampa,2015,0.020575320348143578,-0.20600086450576782,-0.24650976061820984,0.22294488549232483,0.05669328570365906,-0.12268725782632828,-0.001596151851117611,0.27642422914505005,-0.0037676021456718445,-0.2852078378200531,0.08831461519002914,0.15599356591701508,0.25887906551361084,-0.09645684063434601,0.027264833450317383,-0.11558004468679428
tampa,2016,0.0242097657173872,-0.16313211619853973,-0.1789149045944214,0.1659705936908722,0.0018303990364074707,-0.06919730454683304,0.00013717729598283768,0.2524484097957611,0.014529366046190262,-0.20467841625213623,0.09753749519586563,0.09933655709028244,0.1948160082101822,-0.137272909283638,0.008880458772182465,-0.11307698488235474
tampa,2017,0.19206084311008453,-0.11571261286735535,-0.011844202876091003,0.022646017372608185,-0.10736170411109924,0.036209918558597565,-0.008501287549734116,0.36727553606033325,0.09742124378681183,-0.044950466603040695,0.19608604907989502,-0.04166332632303238,0.09973329305648804,-0.39432936906814575,-0.18342818319797516,-0.1858672797679901
tampa,2018,0.2724948525428772,-0.08311198651790619,-0.03209947049617767,0.044430315494537354,-0.04983513057231903,0.045222438871860504,-0.05454086512327194,0.4601553678512573,0.04528311267495155,-0.09858325123786926,0.25009432435035706,-0.039635106921195984,0.12063884735107422,-0.4333682060241699,-0.15128681063652039,-0.1424470841884613
tampa,2019,0.18974556028842926,-0.14519281685352325,-0.06065276637673378,0.06942380964756012,-0.06968492269515991,0.03174334764480591,-0.023202192038297653,0.4025023579597473,0.06698666512966156,-0.08971507847309113,0.21268802881240845,-0.013326012529432774,0.13524018228054047,-0.39569130539894104,-0.16380780935287476,-0.17394928634166718
tampa,2020,0.40112045407295227,0.047287482768297195,0.03278843313455582,-0.002125769853591919,-0.013386465609073639,0.0644771009683609,-0.1082698330283165,0.5382819771766663,0.01750844717025757,-0.11005368828773499,0.287006139755249,-0.07922705262899399,0.0839921161532402,-0.4758043885231018,-0.11097566783428192,-0.10634517669677734
tampa,2021,0.23960892856121063,-0.09887906908988953,-0.013461552560329437,0.024995192885398865,-0.09389432519674301,0.04192434251308441,-0.03291815146803856,0.4245694875717163,0.07975361496210098,-0.06431145966053009,0.23199182748794556,-0.050088077783584595,0.10963626205921173,-0.4301833510398865,-0.18188424408435822,-0.17815057933330536
tampa,2022,0.19330325722694397,-0.18617329001426697,-0.08994833379983902,0.0923519879579544,-0.08771257102489471,-0.010545119643211365,-0.013889082707464695,0.4472522437572479,0.08229539543390274,-0.13171648979187012,0.21561875939369202,0.015159905888140202,0.18522311747074127,-0.4160310626029968,-0.19881103932857513,-0.2322622835636139
tampa,2023,0.3882664144039154,0.02731875702738762,0.028636537492275238,-0.004910744726657867,-0.035426266491413116,0.07140078395605087,-0.10707155615091324,0.5378910899162292,0.030433710664510727,-0.09835375845432281,0.29606902599334717,-0.08724992722272873,0.08826090395450592,-0.49159520864486694,-0.14055372774600983,-0.12365809082984924
