metro,year,z_img_0,z_img_1,z_img_2,z_img_3,z_img_4,z_img_5,z_img_6,z_img_7,z_img_8,z_img_9,z_img_10,z_img_11,z_img_12,z_img_13,z_img_14,z_img_15
atlanta,2013,-1.171144723892212,-0.4687548875808716,-0.06912562251091003,0.1862744390964508,-0.38672178983688354,0.21588754653930664,0.3976151645183563,-1.1178441047668457,0.3192040026187897,0.5382338762283325,-0.635055422782898,-0.04521434009075165,-0.16603657603263855,0.46521830558776855,0.006068609654903412,-0.25402599573135376
atlanta,2014,-1.946639060974121,-0.7446877956390381,-0.10983289778232574,0.31058505177497864,-0.4732244610786438,0.25806501507759094,0.6069688200950623,-1.9706294536590576,0.42791232466697693,0.7923648357391357,-1.1795352697372437,0.004275602288544178,-0.2378956824541092,0.9541455507278442,0.060370929539203644,-0.2629443109035492
atlanta,2015,-1.9516234397888184,-0.7452065944671631,-0.09184125810861588,0.30057549476623535,-0.49830174446105957,0.286204069852829,0.6252900958061218,-1.9902005195617676,0.45540857315063477,0.8354219794273376,-1.1887620687484741,-0.020594872534275055,-0.27404478192329407,0.9308403730392456,0.038536444306373596,-0.27730971574783325
atlanta,2016,-1.5478143692016602,-0.6421350836753845,-0.23849603533744812,0.35261043906211853,-0.2719210684299469,0.06325363367795944,0.4508172571659088,-1.427160382270813,0.2939004600048065,0.3801511228084564,-0.8916162848472595,0.1958179920911789,-0.0058765411376953125,0.7405887842178345,0.09440688043832779,-0.2325342893600464
atlanta,2017,-1.5394092798233032,-0.665288507938385,-0.3240961730480194,0.3985903263092041,-0.20259444415569305,-0.0381084606051445,0.43268150091171265,-1.3457920551300049,0.23869386315345764,0.22135287523269653,-0.873775064945221,0.2884615957736969,0.12807433307170868,0.7542388439178467,0.12967810034751892,-0.2278449982404709
atlanta,2018,-1.1103270053863525,-0.3913600742816925,0.14010089635849,0.044724784791469574,-0.5069690942764282,0.37976235151290894,0.38935279846191406,-1.2724961042404175,0.34595808386802673,0.8077477216720581,-0.6572412848472595,-0.2767656743526459,-0.3746431767940521,0.38212811946868896,-0.047040149569511414,-0.26095050573349
atlanta,2019,-2.1371853351593018,-0.9234145879745483,-0.44415584206581116,0.5581989288330078,-0.18872316181659698,-0.15623793005943298,0.5717424750328064,-1.8950457572937012,0.28045812249183655,0.2096567302942276,-1.275985836982727,0.4729865789413452,0.2536020874977112,1.1216164827346802,0.17728886008262634,-0.25602129101753235
atlanta,2020,-1.4673590660095215,-0.5901837348937988,-0.14584174752235413,0.27699413895606995,-0.3728436231613159,0.16916146874427795,0.4604315757751465,-1.4020767211914062,0.3555418848991394,0.5413941144943237,-0.8323552012443542,0.06853803992271423,-0.12164856493473053,0.6458989977836609,0.03956242650747299,-0.2649669647216797
atlanta,2021,-1.5224661827087402,-0.5760797262191772,-0.00034052878618240356,0.1864672303199768,-0.5026994943618774,0.3420217037200928,0.5282376408576965,-1.60298752784729,0.415814608335495,0.8081659078598022,-0.9159582257270813,-0.1391405314207077,-0.3270849287509918,0.6413487195968628,-0.0016874447464942932,-0.2652076482772827
atlanta,2022,-1.2586369514465332,-0.537386417388916,-0.23250773549079895,0.315300315618515,-0.2642502188682556,0.04548241198062897,0.38009631633758545,-1.075225830078125,0.2787836492061615,0.29776468873023987,-0.672012984752655,0.18483957648277283,0.041549377143383026,0.5399134755134583,0.0509040504693985,-0.26657798886299133
atlanta,2023,-1.42000150680542,-0.5447758436203003,-0.0489189550280571,0.1995238959789276,-0.46320176124572754,0.2986501455307007,0.48321181535720825,-1.4263722896575928,0.3814323842525482,0.7113525867462158,-0.8200859427452087,-0.09071429818868637,-0.26818814873695374,0.6026352047920227,-0.00039168447256088257,-0.26789700984954834
austin,2013,-0.29322075843811035,-0.23095597326755524,0.09592493623495102,-0.02660631388425827,-0.40168845653533936,0.20486465096473694,0.14807790517807007,-0.21555238962173462,0.28590676188468933,0.3938787877559662,-0.032067373394966125,-0.16706569492816925,-0.12739460170269012,-0.23238137364387512,-0.26612144708633423,-0.356745183467865
austin,2014,-0.7113688588142395,-0.3157382309436798,-0.07684794068336487,0.13969174027442932,-0.2813653349876404,0.14685340225696564,0.24088060855865479,-0.6062923073768616,0.20810718834400177,0.2998691499233246,-0.3125265836715698,-0.02265746518969536,-0.06711296737194061,0.2024100422859192,0.012329593300819397,-0.2177736908197403
austin,2015,-0.2825690805912018,-0.20905759930610657,0.021709375083446503,0.022153623402118683,-0.2984541654586792,0.1417909562587738,0.12152201682329178,-0.1736244559288025,0.2157679796218872,0.2538020610809326,-0.039140328764915466,-0.0946713387966156,-0.056264977902173996,-0.14658671617507935,-0.14889051020145416,-0.28898823261260986
austin,2016,-0.26669827103614807,-0.21522197127342224,0.08169057220220566,-0.016788773238658905,-0.3864176571369171,0.20255863666534424,0.14089597761631012,-0.17742225527763367,0.2643815577030182,0.36330193281173706,-0.014145657420158386,-0.16330952942371368,-0.12199980020523071,-0.23540331423282623,-0.23748134076595306,-0.3442312777042389
austin,2017,-0.14821915328502655,-0.23906031250953674,0.04201149195432663,-0.0036005154252052307,-0.30727332830429077,0.14397239685058594,0.11565787345170975,0.04012318700551987,0.24399176239967346,0.24761828780174255,0.046508513391017914,-0.11023318022489548,-0.016358815133571625,-0.34747976064682007,-0.27800726890563965,-0.39259594678878784
austin,2018,-0.31779995560646057,-0.24391835927963257,0.0259929820895195,0.027769699692726135,-0.3254658877849579,0.14300960302352905,0.13845670223236084,-0.2000124156475067,0.24645161628723145,0.27860069274902344,-0.05626221001148224,-0.09671715646982193,-0.047953199595212936,-0.15928733348846436,-0.18582375347614288,-0.32204046845436096
austin,2019,-0.3718312084674835,-0.24457469582557678,-0.0330115407705307,0.07551847398281097,-0.25132298469543457,0.09922157227993011,0.14284177124500275,-0.2615862488746643,0.19409699738025665,0.18491491675376892,-0.11222098767757416,-0.03871918097138405,-0.007213946431875229,-0.055723585188388824,-0.07094337046146393,-0.2560291290283203
austin,2020,-0.5430153608322144,-0.32827988266944885,-0.09634249657392502,0.14738333225250244,-0.25540828704833984,0.0663057267665863,0.19365806877613068,-0.38730019330978394,0.21788322925567627,0.17557868361473083,-0.2095634490251541,0.020767495036125183,0.035121042281389236,0.05954547971487045,-0.06450273096561432,-0.28273385763168335
austin,2021,-0.2581932842731476,-0.2068650871515274,0.027878426015377045,0.02321120724081993,-0.28948745131492615,0.14360442757606506,0.11273964494466782,-0.12839794158935547,0.2004920393228531,0.2523033320903778,-0.02831275761127472,-0.09863510727882385,-0.05172715336084366,-0.16367129981517792,-0.15331141650676727,-0.31111234426498413
austin,2022,-0.03134259954094887,-0.2777741551399231,0.060558803379535675,-0.03579515963792801,-0.30365413427352905,0.12681415677070618,0.10060621798038483,0.20742781460285187,0.2770542502403259,0.2251996397972107,0.12141521275043488,-0.11521071940660477,0.04404742270708084,-0.5291463136672974,-0.4167975187301636,-0.4688417315483093
austin,2023,0.02491495944559574,-0.19696521759033203,0.05297870188951492,-0.020382314920425415,-0.227922722697258,0.12496591359376907,0.05010806396603584,0.22213539481163025,0.20078234374523163,0.15503713488578796,0.13491442799568176,-0.09510745853185654,0.027048908174037933,-0.4428726136684418,-0.30384957790374756,-0.3551180362701416
boston,2013,-0.18366213142871857,0.17158390581607819,0.2304116189479828,-0.23571312427520752,-0.16105321049690247,0.22951701283454895,0.03018859773874283,-0.38551825284957886,0.009584954008460045,0.5010025501251221,-0.07760675251483917,-0.22315172851085663,-0.37802669405937195,0.17767509818077087,0.09769359230995178,0.09257657825946808
boston,2014,-0.5810355544090271,0.10916146636009216,0.3171132802963257,-0.21971505880355835,-0.23479394614696503,0.31354978680610657,0.15561416745185852,-0.9532178044319153,0.06748177111148834,0.7168768048286438,-0.38385486602783203,-0.3065408170223236,-0.5552322268486023,0.5604649186134338,0.19819310307502747,0.19316443800926208
boston,2015,-1.1222906112670898,0.34467747807502747,0.790848970413208,-0.5394505262374878,-0.3615849018096924,0.6267702579498291,0.30035412311553955,-2.109654664993286,0.08148890733718872,1.5094980001449585,-0.9573859572410583,-0.6657045483589172,-1.224607229232788,1.3860324621200562,0.39314448833465576,0.578194797039032
boston,2016,-0.4214932322502136,0.21260042488574982,0.36092185974121094,-0.29968926310539246,-0.19539667665958405,0.31771522760391235,0.10082710534334183,-0.8114538788795471,0.015836026519536972,0.7430768609046936,-0.28244006633758545,-0.31689125299453735,-0.5885748267173767,0.4946095943450928,0.17514657974243164,0.23261618614196777
boston,2017,-0.9639890193939209,-0.36971545219421387,-0.02241610735654831,0.12870252132415771,-0.3003073036670685,0.18175271153450012,0.32176101207733154,-0.995718777179718,0.22220265865325928,0.44937026500701904,-0.5303661227226257,-0.07241928577423096,-0.1437634527683258,0.3844262957572937,0.09588885307312012,-0.15636759996414185
boston,2018,-0.32476088404655457,-0.013470914214849472,0.21233895421028137,-0.14663684368133545,-0.2139868140220642,0.1963159143924713,0.07415687292814255,-0.4978175759315491,0.057580817490816116,0.4771250784397125,-0.15717647969722748,-0.19727422297000885,-0.294829785823822,0.07672106474637985,0.052684981375932693,-0.03431274741888046
boston,2019,-1.2126715183258057,-0.4769097566604614,-0.008380375802516937,0.16028989851474762,-0.3993297219276428,0.24837538599967957,0.4038885235786438,-1.2658960819244385,0.3303963541984558,0.6112271547317505,-0.690851092338562,-0.09035323560237885,-0.21562200784683228,0.4778938889503479,0.020323768258094788,-0.2273631989955902
boston,2020,-0.28895875811576843,0.13930201530456543,0.3066275417804718,-0.25183916091918945,-0.2000676691532135,0.24220377206802368,0.05429910495877266,-0.5929346680641174,0.031507235020399094,0.5811312198638916,-0.176065132021904,-0.26319533586502075,-0.43489864468574524,0.23132792115211487,0.0965433120727539,0.11178120970726013
boston,2021,-1.06000816822052,-0.40603873133659363,-0.033666349947452545,0.13939423859119415,-0.32481107115745544,0.217433363199234,0.3486485481262207,-1.0993552207946777,0.23894798755645752,0.5217081308364868,-0.6003270745277405,-0.08138902485370636,-0.1852836161851883,0.44863414764404297,0.06451401114463806,-0.17187711596488953
boston,2022,-0.7030612826347351,-0.22917290031909943,0.09823635965585709,-0.006626054644584656,-0.31632694602012634,0.23148155212402344,0.2166523039340973,-0.8152989745140076,0.1881902813911438,0.5477168560028076,-0.36151015758514404,-0.17199255526065826,-0.2604196071624756,0.214729905128479,0.019549205899238586,-0.15306437015533447
boston,2023,-0.34344950318336487,-0.03996976092457771,0.14425534009933472,-0.09498012810945511,-0.18733833730220795,0.16307537257671356,0.09064749628305435,-0.4522867202758789,0.069760262966156,0.3821805417537689,-0.15345387160778046,-0.14090414345264435,-0.23715050518512726,0.09562104195356369,0.07803624868392944,-0.03242266923189163
charlotte,2013,-0.7261618971824646,-0.3455146849155426,0.10010968893766403,0.019405987113714218,-0.4944585859775543,0.2827013432979584,0.298206090927124,-0.7144097685813904,0.3608385920524597,0.6058428287506104,-0.3218855857849121,-0.1989622414112091,-0.2289079874753952,0.029964961111545563,-0.2020830363035202,-0.3513094186782837
charlotte,2014,-0.694408655166626,-0.3419692814350128,0.026700355112552643,0.07683178782463074,-0.3992985486984253,0.17720842361450195,0.2538922131061554,-0.6329075694084167,0.30701467394828796,0.4282432198524475,-0.2936607599258423,-0.0708562582731247,-0.10213200747966766,0.05592816323041916,-0.11954738199710846,-0.3109169602394104
charlotte,2015,-1.3041549921035767,-0.484841525554657,-0.04112858325242996,0.18662884831428528,-0.4107224941253662,0.28740423917770386,0.4407258629798889,-1.324840784072876,0.3217833340167999,0.6478310823440552,-0.7532886862754822,-0.10523293912410736,-0.25085604190826416,0.5912741422653198,0.056626252830028534,-0.2106645405292511
charlotte,2016,-0.7194024920463562,-0.3275695741176605,0.07778013497591019,0.035856034606695175,-0.4476669430732727,0.26203152537345886,0.28567638993263245,-0.710418164730072,0.3301559388637543,0.5545997023582458,-0.32626068592071533,-0.17103548347949982,-0.21724556386470795,0.06681691855192184,-0.1459856927394867,-0.3139622211456299
charlotte,2017,-1.056191086769104,-0.4410002529621124,-0.09424811601638794,0.18542656302452087,-0.339207261800766,0.17308083176612854,0.34871289134025574,-0.9930098652839661,0.2881532311439514,0.4396234452724457,-0.5528331995010376,-0.001495208591222763,-0.11848215758800507,0.3867305517196655,0.01952323317527771,-0.24133962392807007
charlotte,2018,-0.8960305452346802,-0.3965349495410919,-0.02193700522184372,0.1195133775472641,-0.37715238332748413,0.20416802167892456,0.3124247193336487,-0.8699852824211121,0.30309349298477173,0.47997984290122986,-0.4563697576522827,-0.05872945114970207,-0.15712933242321014,0.22853484749794006,-0.066714346408844,-0.2760300636291504
charlotte,2019,-1.088457703590393,-0.48608922958374023,-0.2669046223163605,0.3135165870189667,-0.1663014143705368,-0.008943013846874237,0.31043702363967896,-0.9015441536903381,0.18371379375457764,0.13588649034500122,-0.5757396817207336,0.22165854275226593,0.10258708894252777,0.49062126874923706,0.11559893190860748,-0.19699063897132874
charlotte,2020,-1.0868515968322754,-0.4564386308193207,-0.17171405255794525,0.24376600980758667,-0.25287148356437683,0.0973457619547844,0.3332982659339905,-0.9873941540718079,0.23615220189094543,0.31224218010902405,-0.5735427737236023,0.09166603535413742,-0.027423299849033356,0.46016407012939453,0.0910414606332779,-0.20037558674812317
charlotte,2021,-0.8666179776191711,-0.35410401225090027,0.056253038346767426,0.06718455255031586,-0.4275776445865631,0.2694016695022583,0.3107573986053467,-0.8993890881538391,0.3161660432815552,0.5806099772453308,-0.45509374141693115,-0.15756283700466156,-0.24081841111183167,0.19849610328674316,-0.08727379143238068,-0.28422248363494873
charlotte,2022,-0.7607166767120361,-0.3633284866809845,-0.05879458785057068,0.1295813024044037,-0.33161479234695435,0.14753523468971252,0.27168411016464233,-0.6656410098075867,0.2655062973499298,0.35362014174461365,-0.345395565032959,-0.021356992423534393,-0.07113372534513474,0.15012389421463013,-0.0635359138250351,-0.27664434909820557
charlotte,2023,-1.1589648723602295,-0.46292397379875183,-0.0803866907954216,0.1908193677663803,-0.3299722969532013,0.18707537651062012,0.3585796356201172,-1.1645427942276,0.2782294452190399,0.4918157160282135,-0.6401379704475403,-0.011172977276146412,-0.1430147886276245,0.48660242557525635,0.060692332684993744,-0.2053111493587494
chicago,2013,-0.7072615623474121,-0.177519753575325,0.21020430326461792,-0.06631355732679367,-0.35918593406677246,0.3035522401332855,0.21517270803451538,-0.9152320027351379,0.17620036005973816,0.6813416481018066,-0.4094473719596863,-0.2391505241394043,-0.373584121465683,0.25744664669036865,0.03412385284900665,-0.11211095005273819
chicago,2014,-0.5433683395385742,-0.14245553314685822,0.35529854893684387,-0.17039543390274048,-0.4509134292602539,0.41693446040153503,0.25238314270973206,-0.7985133528709412,0.22532367706298828,0.8415840864181519,-0.3265121579170227,-0.3879738748073578,-0.4826911687850952,0.0841125026345253,-0.11123557388782501,-0.17490002512931824
chicago,2015,-1.245603084564209,0.4723605215549469,1.0323703289031982,-0.7118279933929443,-0.40120425820350647,0.826773464679718,0.3532768189907074,-2.5226247310638428,0.05043649300932884,1.9292001724243164,-1.1217715740203857,-0.8822776079177856,-1.5881304740905762,1.65915048122406,0.4650269150733948,0.7217045426368713
chicago,2016,-0.5405345559120178,-0.17437249422073364,0.36324870586395264,-0.16546496748924255,-0.4892888069152832,0.43477416038513184,0.2763735353946686,-0.7674009203910828,0.2803933918476105,0.8605301380157471,-0.3054717779159546,-0.40809962153434753,-0.4793761074542999,0.01864638179540634,-0.17470411956310272,-0.23886682093143463
chicago,2017,-0.44135522842407227,-0.15466879308223724,0.15314579010009766,-0.0634038969874382,-0.34750261902809143,0.23799875378608704,0.14961658418178558,-0.5163002014160156,0.18424773216247559,0.5091841220855713,-0.1811893731355667,-0.20788489282131195,-0.2486349493265152,-0.007650338113307953,-0.07746100425720215,-0.2149684578180313
chicago,2018,-1.016162395477295,-0.30572792887687683,0.1720530092716217,0.0065792277455329895,-0.42471787333488464,0.34652823209762573,0.3144547939300537,-1.2191842794418335,0.2817741632461548,0.7927836179733276,-0.5882555842399597,-0.2447376400232315,-0.4055229723453522,0.4100440740585327,0.014660254120826721,-0.17295455932617188
chicago,2019,-0.2877715826034546,0.06637509167194366,0.24813097715377808,-0.19264915585517883,-0.2315991222858429,0.26747700572013855,0.08557022362947464,-0.4907776713371277,0.04053419083356857,0.5552062392234802,-0.13996507227420807,-0.25254881381988525,-0.39824166893959045,0.1491527557373047,0.08006691932678223,0.026543475687503815
chicago,2020,-0.28494909405708313,0.009706567972898483,0.31057941913604736,-0.21910253167152405,-0.27934083342552185,0.29350745677948,0.10240001231431961,-0.450678288936615,0.07989522814750671,0.6330662965774536,-0.13114182651042938,-0.2838754653930664,-0.3821113109588623,0.017673201858997345,0.0037497878074645996,-0.05605756863951683
chicago,2021,-0.823302686214447,-0.3278321623802185,0.1818540394306183,-0.018800921738147736,-0.5357286334037781,0.3781258165836334,0.32962191104888916,-0.9390962719917297,0.35084018111228943,0.7669676542282104,-0.4434518814086914,-0.3077976703643799,-0.3497063219547272,0.13481378555297852,-0.16723449528217316,-0.3212030827999115
chicago,2022,-0.2761257290840149,-0.03474650904536247,0.20244020223617554,-0.12704405188560486,-0.293814480304718,0.25004449486732483,0.0718185231089592,-0.3819052577018738,0.1025564968585968,0.5135443806648254,-0.091282919049263,-0.24936409294605255,-0.2991275191307068,-0.03761006146669388,-0.03665710240602493,-0.15644752979278564
chicago,2023,-0.20073194801807404,-0.01165292039513588,0.16949942708015442,-0.12052959948778152,-0.26502078771591187,0.22622153162956238,0.05634342506527901,-0.2959080934524536,0.09776656329631805,0.43664613366127014,-0.043729111552238464,-0.2164476215839386,-0.26607611775398254,-0.0621793270111084,-0.0260905921459198,-0.1298792064189911
cleveland,2013,-1.417555809020996,-0.3864411413669586,0.25267767906188965,-0.00753667950630188,-0.46641868352890015,0.42360711097717285,0.46343713998794556,-1.793529748916626,0.27615657448768616,1.0345547199249268,-0.9457029700279236,-0.31933215260505676,-0.5338547825813293,0.7713850736618042,0.1392553597688675,-0.04297066479921341
cleveland,2014,-1.2725298404693604,-0.4703116714954376,0.04148102551698685,0.12903931736946106,-0.46393534541130066,0.33373719453811646,0.439571738243103,-1.3737797737121582,0.3505539000034332,0.7428393959999084,-0.7551081776618958,-0.17656709253787994,-0.31835100054740906,0.5175206661224365,0.005370207130908966,-0.2367771863937378
cleveland,2015,-0.6647646427154541,-0.159987673163414,0.3229295015335083,-0.1497228741645813,-0.4270469546318054,0.33917468786239624,0.2057897001504898,-0.9605942368507385,0.19202730059623718,0.8054571151733398,-0.40674591064453125,-0.31764841079711914,-0.4241355359554291,0.17843565344810486,-0.042202338576316833,-0.13574063777923584
cleveland,2016,-1.2444782257080078,-0.4808274209499359,0.10439563542604446,0.08201690018177032,-0.5232858657836914,0.3447757363319397,0.4291282892227173,-1.392697811126709,0.3910827338695526,0.8127522468566895,-0.7348191738128662,-0.21093614399433136,-0.32941457629203796,0.4248164892196655,-0.07024888694286346,-0.2855496406555176
cleveland,2017,-0.6025741100311279,-0.3035302460193634,0.2323194146156311,-0.07284276932477951,-0.5848531723022461,0.35241827368736267,0.2823943495750427,-0.6718751192092896,0.39323294162750244,0.7304090261459351,-0.267086923122406,-0.3104255199432373,-0.29934433102607727,-0.12359694391489029,-0.30917298793792725,-0.40657350420951843
cleveland,2018,-1.1229780912399292,-0.38561081886291504,0.09017232805490494,0.06288624554872513,-0.4001820981502533,0.2925574779510498,0.38154101371765137,-1.2796630859375,0.25347280502319336,0.7044102549552917,-0.6775862574577332,-0.19659213721752167,-0.29109904170036316,0.4848557114601135,0.07780695706605911,-0.1443347930908203
cleveland,2019,-0.6859714984893799,-0.2883310317993164,-0.02728436142206192,0.10233596712350845,-0.2749965786933899,0.16171783208847046,0.2234763503074646,-0.6670801639556885,0.2038632184267044,0.34110403060913086,-0.3298146724700928,-0.041697338223457336,-0.12297585606575012,0.1757085621356964,0.018047794699668884,-0.20168234407901764
cleveland,2020,-1.3655121326446533,-0.5748553276062012,-0.19933843612670898,0.29086950421333313,-0.29976826906204224,0.088094562292099,0.41831067204475403,-1.263988971710205,0.281655877828598,0.37673959136009216,-0.7619549036026001,0.12208940088748932,-0.010286450386047363,0.6040691137313843,0.0918162390589714,-0.23239511251449585
cleveland,2021,-0.874481737613678,-0.2914673686027527,0.3338957130908966,-0.1207619234919548,-0.5830461978912354,0.4110703468322754,0.2959667444229126,-1.157766580581665,0.3482322096824646,0.9592959880828857,-0.5119808912277222,-0.3887266218662262,-0.44764456152915955,0.16044658422470093,-0.1897984892129898,-0.2976638972759247
cleveland,2022,-1.2634481191635132,-0.5147878527641296,-0.09316147863864899,0.2005985975265503,-0.3563583493232727,0.1958332359790802,0.3983495533466339,-1.2771806716918945,0.3025643527507782,0.5368274450302124,-0.7109360098838806,-0.015299578197300434,-0.1492386907339096,0.527702808380127,0.042541518807411194,-0.22475196421146393
cleveland,2023,-0.833103597164154,-0.3628564178943634,0.2778705954551697,-0.06228708475828171,-0.6463226079940796,0.42348814010620117,0.3687348961830139,-0.9700397849082947,0.44519996643066406,0.8892539739608765,-0.44807690382003784,-0.3611339330673218,-0.3895072042942047,0.022718794643878937,-0.29500293731689453,-0.4043022096157074
columbus,2013,-1.2835500240325928,0.5407930612564087,1.1097204685211182,-0.7943583726882935,-0.42138299345970154,0.8525267243385315,0.33713650703430176,-2.674771785736084,0.03360862657427788,2.0454001426696777,-1.1654671430587769,-0.9250032305717468,-1.6958686113357544,1.7768019437789917,0.48508816957473755,0.7999706268310547
columbus,2014,-0.3443017601966858,0.017143186181783676,0.28164172172546387,-0.18937164545059204,-0.23093292117118835,0.2591978907585144,0.08693552762269974,-0.5738930106163025,0.029175732284784317,0.5945521593093872,-0.2064836174249649,-0.2511698007583618,-0.37586694955825806,0.12002671509981155,0.07373341917991638,0.01290161907672882
columbus,2015,-0.3079712390899658,0.030624594539403915,0.2904833257198334,-0.2004275918006897,-0.22538529336452484,0.242811918258667,0.05792419984936714,-0.564926266670227,0.023865383118391037,0.5893044471740723,-0.1775166541337967,-0.2562350928783417,-0.3723031282424927,0.09222867339849472,0.061578623950481415,0.005632452666759491
columbus,2016,-0.8708785176277161,-0.28599271178245544,0.27038490772247314,-0.0635591670870781,-0.5363063216209412,0.41405096650123596,0.3175297975540161,-1.0881373882293701,0.3333805203437805,0.8746582269668579,-0.5078849196434021,-0.3538879454135895,-0.44210392236709595,0.20947787165641785,-0.13559590280056,-0.27164000272750854
columbus,2017,-0.381280779838562,-0.18640774488449097,0.2684500813484192,-0.13154849410057068,-0.4916417896747589,0.35239580273628235,0.2067391574382782,-0.4818790555000305,0.2987583577632904,0.6817857623100281,-0.13571904599666595,-0.332844078540802,-0.3361741006374359,-0.17521968483924866,-0.2552499771118164,-0.3340086340904236
columbus,2018,-1.0739012956619263,-0.2388715147972107,0.23315870761871338,-0.04657284915447235,-0.3553984463214874,0.35979190468788147,0.343445748090744,-1.3847484588623047,0.1722734272480011,0.8553298711776733,-0.6987876892089844,-0.28431078791618347,-0.4843485355377197,0.6317808628082275,0.17176976799964905,0.018805474042892456
columbus,2019,-0.6174607276916504,-0.24152414500713348,0.05575614422559738,0.03904277831315994,-0.30520057678222656,0.20227792859077454,0.20712816715240479,-0.6520797610282898,0.2107430100440979,0.43356168270111084,-0.29480040073394775,-0.11222093552350998,-0.1910693496465683,0.11983481794595718,-0.018476881086826324,-0.19840498268604279
columbus,2020,-0.7736559510231018,-0.2882232367992401,0.0597706213593483,0.033901192247867584,-0.36777618527412415,0.24346128106117249,0.25244539976119995,-0.8416842818260193,0.23057863116264343,0.5375040769577026,-0.39665037393569946,-0.1626458615064621,-0.22388528287410736,0.2126961648464203,-0.007889814674854279,-0.21497946977615356
columbus,2021,-0.31371554732322693,-0.08066163957118988,0.23825722932815552,-0.14760810136795044,-0.36148786544799805,0.2682358920574188,0.11290984600782394,-0.45841318368911743,0.14587928354740143,0.5733696818351746,-0.1217651516199112,-0.26504674553871155,-0.3055415451526642,-0.0647294893860817,-0.09118948876857758,-0.17472317814826965
columbus,2022,-1.3077468872070312,-0.516210675239563,-0.1164899691939354,0.22061783075332642,-0.3497336804866791,0.19173911213874817,0.41730180382728577,-1.283103346824646,0.3016173541545868,0.5275379419326782,-0.7242401242256165,-0.012839271686971188,-0.14424985647201538,0.5852137207984924,0.07449037581682205,-0.21507307887077332
columbus,2023,-0.3400377035140991,-0.08346875011920929,0.3269997835159302,-0.19763079285621643,-0.3762921690940857,0.344082772731781,0.18374180793762207,-0.4822227358818054,0.19652357697486877,0.7023277282714844,-0.145536407828331,-0.3373664319515228,-0.3905235230922699,-0.06540914624929428,-0.12334008514881134,-0.18278780579566956
dallas,2013,-1.1953072547912598,-0.46480703353881836,-0.06703254580497742,0.19270174205303192,-0.36560097336769104,0.2379327118396759,0.4069824814796448,-1.1819411516189575,0.30639389157295227,0.546220600605011,-0.6741669774055481,-0.0568462610244751,-0.20017331838607788,0.5038644075393677,0.04580176621675491,-0.21487672626972198
dallas,2014,-1.3967267274856567,-0.5669007301330566,-0.1871434450149536,0.30486342310905457,-0.28200167417526245,0.09847916662693024,0.4146754741668701,-1.293759822845459,0.27942726016044617,0.394368052482605,-0.7893790602684021,0.13132065534591675,-0.041857317090034485,0.6642909646034241,0.09771665185689926,-0.21402010321617126
dallas,2015,-1.1500678062438965,-0.456248015165329,-0.13922221958637238,0.25034579634666443,-0.258429616689682,0.12031551450490952,0.3548850417137146,-1.0530458688735962,0.2292856127023697,0.34944140911102295,-0.6299628615379333,0.06273932009935379,-0.058056995272636414,0.551189124584198,0.1166229248046875,-0.17229598760604858
dallas,2016,-0.7961167693138123,-0.3420259356498718,-0.038950346410274506,0.13272109627723694,-0.30508455634117126,0.16240310668945312,0.26326245069503784,-0.7545735239982605,0.2423950433731079,0.3709601163864136,-0.39175134897232056,-0.024006329476833344,-0.10698848962783813,0.23311662673950195,0.008255988359451294,-0.2194129228591919
dallas,2017,-0.8963155150413513,-0.3873372972011566,-0.14451655745506287,0.21930986642837524,-0.2469920814037323,0.0933515802025795,0.2800998091697693,-0.7556828856468201,0.22137412428855896,0.2607068717479706,-0.439544141292572,0.08305665850639343,-0.012349456548690796,0.3344833552837372,0.047754429280757904,-0.21852193772792816
dallas,2018,-1.2811530828475952,-0.5222667455673218,-0.19699357450008392,0.29315802454948425,-0.25120455026626587,0.07626794278621674,0.38135826587677,-1.1536386013031006,0.24054130911827087,0.3203451633453369,-0.7059320211410522,0.12916629016399384,-0.010130703449249268,0.6109681129455566,0.11997870355844498,-0.19722503423690796
dallas,2019,-1.0028575658798218,-0.4201611876487732,-0.13741610944271088,0.22783157229423523,-0.24516084790229797,0.11278656870126724,0.3086354732513428,-0.9225929379463196,0.23259855806827545,0.31180253624916077,-0.5302765965461731,0.07977961748838425,-0.049359507858753204,0.41393184661865234,0.08282504975795746,-0.18539178371429443
dallas,2020,-1.4111173152923584,-0.6066230535507202,-0.29579997062683105,0.3779270350933075,-0.18246205151081085,-0.03622669726610184,0.3860630989074707,-1.2261297702789307,0.22788195312023163,0.199327751994133,-0.7864473462104797,0.2844462990760803,0.1185634583234787,0.6869792342185974,0.12853309512138367,-0.21274006366729736
dallas,2021,-0.9547997117042542,-0.41072991490364075,-0.16403600573539734,0.23022302985191345,-0.21584844589233398,0.09127073734998703,0.2918426990509033,-0.8618274927139282,0.2118353545665741,0.2630884349346161,-0.4946884512901306,0.09667553752660751,-0.025378040969371796,0.385830819606781,0.08442812412977219,-0.18138502538204193
dallas,2022,-1.1308578252792358,-0.453645259141922,-0.13748759031295776,0.2365347445011139,-0.27654576301574707,0.1414937674999237,0.35952362418174744,-1.044891119003296,0.238766610622406,0.37028124928474426,-0.6185732483863831,0.04185174033045769,-0.07957176864147186,0.5156274437904358,0.10087569802999496,-0.18368887901306152
dallas,2023,-1.0479012727737427,-0.4452732503414154,-0.15444684028625488,0.23608219623565674,-0.26070350408554077,0.11109228432178497,0.3212761878967285,-0.9609734416007996,0.24662728607654572,0.3211653530597687,-0.5556830763816833,0.09391321986913681,-0.04496981203556061,0.4186605215072632,0.07120151072740555,-0.20598861575126648
denver,2013,-0.692690908908844,-0.2830175459384918,0.08221028000116348,0.05094728246331215,-0.41748493909835815,0.29523205757141113,0.282859206199646,-0.6918191313743591,0.2907128930091858,0.541352391242981,-0.33679842948913574,-0.20019036531448364,-0.2527293264865875,0.12091322988271713,-0.08978329598903656,-0.2609465420246124
denver,2014,-0.7847098112106323,-0.24797101318836212,0.10721773654222488,0.023738376796245575,-0.36682283878326416,0.29180213809013367,0.2772218585014343,-0.8654946684837341,0.21638017892837524,0.5969581604003906,-0.42704349756240845,-0.19960908591747284,-0.2977578938007355,0.2959940433502197,0.038965821266174316,-0.1512596309185028
denver,2015,-1.3085137605667114,-0.487206369638443,-0.02929311990737915,0.18649110198020935,-0.3959473967552185,0.2730939984321594,0.42364421486854553,-1.3578815460205078,0.32704809308052063,0.6472912430763245,-0.7593856453895569,-0.0826161727309227,-0.25081315636634827,0.5860497355461121,0.05388893187046051,-0.20775508880615234
denver,2016,-0.7578893303871155,-0.2734558582305908,0.1634828746318817,-0.013699255883693695,-0.4590398371219635,0.3395496606826782,0.28311195969581604,-0.8674606680870056,0.290557861328125,0.6863022446632385,-0.4014454483985901,-0.25244688987731934,-0.3377784490585327,0.1699613332748413,-0.08665217459201813,-0.25075748562812805
denver,2017,-1.5863944292068481,-0.5971385836601257,-0.055354148149490356,0.22842466831207275,-0.46311038732528687,0.2898160219192505,0.5263250470161438,-1.6196796894073486,0.39340952038764954,0.7414859533309937,-0.9347380995750427,-0.07979393005371094,-0.26311883330345154,0.7240724563598633,0.0519832968711853,-0.24541181325912476
denver,2018,-0.9989320039749146,-0.34296122193336487,0.09813400357961655,0.04582870751619339,-0.37759891152381897,0.27577608823776245,0.32172510027885437,-1.1543376445770264,0.2487320452928543,0.6624952554702759,-0.5838932394981384,-0.17198607325553894,-0.29068899154663086,0.38840508460998535,0.0463772788643837,-0.16049613058567047
denver,2019,-1.3575279712677002,-0.5001068115234375,0.04104626923799515,0.1459600031375885,-0.5100018382072449,0.3560420274734497,0.48354026675224304,-1.4190571308135986,0.39500001072883606,0.7941646575927734,-0.7924951910972595,-0.18468916416168213,-0.3321126103401184,0.5594189167022705,-0.007100939750671387,-0.25747203826904297
denver,2020,-0.5934053063392639,-0.25014686584472656,0.18126899003982544,-0.040043607354164124,-0.4902726113796234,0.32842469215393066,0.2369614839553833,-0.6611972451210022,0.31178101897239685,0.6452401876449585,-0.26705706119537354,-0.251859188079834,-0.30170154571533203,0.002450205385684967,-0.17670558393001556,-0.311323344707489
denver,2021,-0.7833136320114136,-0.3250522315502167,0.043645866215229034,0.07365410029888153,-0.4253142774105072,0.2730538249015808,0.3051454424858093,-0.7426932454109192,0.30247119069099426,0.537928581237793,-0.3715912699699402,-0.16765384376049042,-0.21832866966724396,0.17699596285820007,-0.08168400824069977,-0.27558672428131104
denver,2022,-1.109055757522583,-0.47529059648513794,-0.1963312327861786,0.26937103271484375,-0.22794823348522186,0.06345581263303757,0.3330925703048706,-0.9917595982551575,0.23006880283355713,0.2639402151107788,-0.5920444130897522,0.13919253647327423,0.010241866111755371,0.4715207815170288,0.09712715446949005,-0.20032376050949097
denver,2023,-1.3701696395874023,-0.5147016048431396,-0.053118832409381866,0.2109580934047699,-0.39411747455596924,0.26646217703819275,0.4540572166442871,-1.391690731048584,0.32904911041259766,0.6334995627403259,-0.7989190220832825,-0.0720917209982872,-0.23461341857910156,0.6336154937744141,0.07135038822889328,-0.20117047429084778
detroit,2013,-1.3560235500335693,0.03698461875319481,0.7798464298248291,-0.40037211775779724,-0.558025598526001,0.7651024460792542,0.4290158152580261,-2.314758777618408,0.1952977329492569,1.6343271732330322,-1.099703311920166,-0.7534850239753723,-1.232447624206543,1.2193777561187744,0.30014801025390625,0.30929678678512573
detroit,2014,-1.119977593421936,-0.4008950889110565,0.12519431114196777,0.049210820347070694,-0.48100021481513977,0.35348033905029297,0.3927939236164093,-1.2762420177459717,0.33118823170661926,0.7881344556808472,-0.6583876609802246,-0.24572791159152985,-0.3526248335838318,0.40968990325927734,-0.023041173815727234,-0.23078830540180206
detroit,2015,-0.5694997310638428,-0.13894261419773102,0.37775543332099915,-0.1854015588760376,-0.4619130492210388,0.4210808277130127,0.2488972544670105,-0.8644260168075562,0.21451282501220703,0.8760868906974792,-0.3603600263595581,-0.401029109954834,-0.5018754601478577,0.10531549900770187,-0.109055295586586,-0.1573752462863922
detroit,2016,-0.5796190500259399,-0.19953960180282593,0.2483130693435669,-0.08716926723718643,-0.47379711270332336,0.3663949966430664,0.24062073230743408,-0.7259538769721985,0.27305734157562256,0.7223856449127197,-0.3001517653465271,-0.3218384385108948,-0.3803623616695404,0.03959532827138901,-0.151173397898674,-0.25662052631378174
detroit,2017,-0.5184205174446106,-0.15762612223625183,0.33744484186172485,-0.1666114628314972,-0.5103839039802551,0.4107341766357422,0.21823325753211975,-0.7277798056602478,0.2711665630340576,0.8339882493019104,-0.2661210894584656,-0.4014779031276703,-0.45016780495643616,-0.017876334488391876,-0.19910840690135956,-0.26905882358551025
detroit,2018,-0.5748618245124817,-0.06033929064869881,0.22996309399604797,-0.1331026256084442,-0.23055081069469452,0.25435107946395874,0.16024887561798096,-0.8413794636726379,0.05712684616446495,0.6221527457237244,-0.34637314081192017,-0.23037275671958923,-0.40117499232292175,0.33605772256851196,0.14713919162750244,0.05225647985935211
detroit,2019,-0.9394593834877014,-0.3562040328979492,0.025264449417591095,0.10094859451055527,-0.325833261013031,0.21680566668510437,0.30404046177864075,-1.0188796520233154,0.23960928618907928,0.5155218839645386,-0.5341870188713074,-0.08892174065113068,-0.2014739215373993,0.3419192433357239,0.04477185010910034,-0.1762750893831253
detroit,2020,-0.3787091076374054,-0.10995294153690338,0.1273517906665802,-0.07922246307134628,-0.27087634801864624,0.18433155119419098,0.10949746519327164,-0.4790729880332947,0.09513156116008759,0.42786166071891785,-0.15936432778835297,-0.17043478786945343,-0.2038034051656723,0.020623885095119476,0.011424466967582703,-0.12718862295150757
detroit,2021,-0.3778066635131836,0.09890034794807434,0.46107780933380127,-0.3124341368675232,-0.2827286124229431,0.35375726222991943,0.0626746416091919,-0.8179875612258911,-0.003878328949213028,0.8536808490753174,-0.2613546848297119,-0.3835119903087616,-0.5824955105781555,0.2178378701210022,0.1070435643196106,0.08984506130218506
detroit,2022,-0.9325959086418152,-0.34303149580955505,0.10736360400915146,0.01785791665315628,-0.44157350063323975,0.3156037926673889,0.328371524810791,-1.0544428825378418,0.2822466492652893,0.7023923397064209,-0.519070565700531,-0.23258784413337708,-0.3097400963306427,0.29414480924606323,-0.04153050482273102,-0.22773009538650513
detroit,2023,-0.40643465518951416,-0.05542834475636482,0.24796688556671143,-0.14408323168754578,-0.3047453761100769,0.2903810143470764,0.14230939745903015,-0.5934350490570068,0.0911121517419815,0.6041146516799927,-0.23205210268497467,-0.2632060647010803,-0.3608909249305725,0.09773113578557968,0.02201332151889801,-0.06512008607387543
houston,2013,-0.3941020369529724,-0.18100687861442566,0.05568753927946091,0.006169535219669342,-0.3091147541999817,0.18077175319194794,0.14158698916435242,-0.37003806233406067,0.1773362159729004,0.3416995704174042,-0.11984454095363617,-0.11374790221452713,-0.13397152721881866,-0.033785656094551086,-0.05048072338104248,-0.22088736295700073
houston,2014,-0.2514374554157257,-0.22687335312366486,0.008165530860424042,0.024813685566186905,-0.2996230125427246,0.1314728558063507,0.11993256956338882,-0.1157681867480278,0.2230006456375122,0.23660805821418762,-0.017031535506248474,-0.09903932362794876,-0.024475067853927612,-0.18928517401218414,-0.18698133528232574,-0.315248042345047
houston,2015,-0.16888006031513214,-0.18542544543743134,0.0048698559403419495,0.022026915103197098,-0.23808632791042328,0.10918064415454865,0.08352676779031754,-0.01791166514158249,0.183589905500412,0.16651727259159088,0.01544836163520813,-0.07021766901016235,-0.0013131385203450918,-0.2081371545791626,-0.15662403404712677,-0.28690072894096375
houston,2016,-0.7107186913490295,-0.35540297627449036,-0.22738075256347656,0.24223992228507996,-0.14422085881233215,0.0030486583709716797,0.21059972047805786,-0.5090014338493347,0.13960088789463043,0.06268098950386047,-0.319379985332489,0.12973670661449432,0.10400926321744919,0.29477256536483765,0.0924406424164772,-0.19492557644844055
houston,2017,0.061323266476392746,-0.1547219604253769,0.026140011847019196,0.004631079733371735,-0.17107081413269043,0.12157954275608063,0.02084232121706009,0.2606440484523773,0.14638620615005493,0.09663492441177368,0.15646915137767792,-0.07015357166528702,0.044252872467041016,-0.40622925758361816,-0.23322002589702606,-0.2987067997455597
houston,2018,-0.3419255316257477,-0.20450438559055328,-0.03033619374036789,0.061894889920949936,-0.2541942596435547,0.12734755873680115,0.12691889703273773,-0.22945088148117065,0.162682443857193,0.2069167196750641,-0.07533226907253265,-0.06383975595235825,-0.04399694502353668,-0.03856920450925827,-0.045817360281944275,-0.23625525832176208
houston,2019,-0.39393067359924316,-0.23137879371643066,-0.013053037226200104,0.06302175670862198,-0.28154635429382324,0.14001023769378662,0.14605256915092468,-0.3142032027244568,0.1884279102087021,0.2406500279903412,-0.11756841838359833,-0.06942752748727798,-0.06014882028102875,-0.03939615935087204,-0.0627579391002655,-0.2512320876121521
houston,2020,-0.27180787920951843,-0.21361666917800903,-0.04039851576089859,0.06152857095003128,-0.23047198355197906,0.10081695765256882,0.10707955807447433,-0.11974214762449265,0.17110317945480347,0.16038554906845093,-0.036962881684303284,-0.052211105823516846,0.00645621120929718,-0.10473379492759705,-0.09567321836948395,-0.2662120461463928
houston,2021,-0.5674552917480469,-0.21372729539871216,0.07552207261323929,0.011370547115802765,-0.3373926281929016,0.23537209630012512,0.19632847607135773,-0.6021829843521118,0.20551401376724243,0.45989009737968445,-0.25761324167251587,-0.16473986208438873,-0.21933187544345856,0.08704259246587753,-0.03551298379898071,-0.2120731920003891
houston,2022,-0.7375397086143494,-0.30446016788482666,-0.04989521950483322,0.12565305829048157,-0.26032260060310364,0.1350163221359253,0.23234902322292328,-0.7039772868156433,0.19594818353652954,0.3105398118495941,-0.3535492420196533,-0.014831884764134884,-0.08361471444368362,0.22971972823143005,0.06602218002080917,-0.1818956732749939
houston,2023,-0.34876731038093567,-0.2090902030467987,-0.018774598836898804,0.05469952151179314,-0.24095478653907776,0.11988615989685059,0.12530553340911865,-0.24615997076034546,0.1486443132162094,0.21471130847930908,-0.09398026764392853,-0.0647716149687767,-0.036651041358709335,-0.03725244849920273,-0.03954412043094635,-0.2379462569952011
indianapolis,2013,-0.35458245873451233,0.27833572030067444,0.45342326164245605,-0.40754589438438416,-0.1960953176021576,0.35370558500289917,0.07940027117729187,-0.838320791721344,-0.023427877575159073,0.8516767621040344,-0.25801748037338257,-0.38278213143348694,-0.6776789426803589,0.47124481201171875,0.16853028535842896,0.27237674593925476
indianapolis,2014,-0.8576061129570007,-0.32118654251098633,0.08679572492837906,0.039945945143699646,-0.4271567761898041,0.30202874541282654,0.30784058570861816,-0.9390402436256409,0.2810393273830414,0.6195664405822754,-0.4692472815513611,-0.21005256474018097,-0.28111353516578674,0.23905745148658752,-0.04101590812206268,-0.24434944987297058
indianapolis,2015,-0.17880667746067047,0.3375636041164398,0.37046748399734497,-0.3985837697982788,-0.12541300058364868,0.3095766603946686,-0.0002882508561015129,-0.5984682440757751,-0.07403270900249481,0.6662517189979553,-0.1492099016904831,-0.3137568235397339,-0.5644880533218384,0.35504159331321716,0.18268102407455444,0.2877059578895569
indianapolis,2016,-0.8063624501228333,-0.28897377848625183,0.19088032841682434,-0.0005863755941390991,-0.5060972571372986,0.398662269115448,0.33258503675460815,-0.9266130328178406,0.3412933945655823,0.7507205605506897,-0.4531363844871521,-0.3065493702888489,-0.3856619596481323,0.17111515998840332,-0.12268796563148499,-0.2868470847606659
indianapolis,2017,-1.033249855041504,-0.34604406356811523,0.21949231624603271,-0.024163275957107544,-0.5085645914077759,0.3999022841453552,0.3761800527572632,-1.2544572353363037,0.31487855315208435,0.8806138038635254,-0.6261916756629944,-0.3140820860862732,-0.4275733530521393,0.3628546893596649,-0.05478794872760773,-0.21284273266792297
indianapolis,2018,-0.326847106218338,-0.11607705056667328,0.13021433353424072,-0.06667310744524002,-0.3264225721359253,0.2280828356742859,0.11663419753313065,-0.35842496156692505,0.15603674948215485,0.45121100544929504,-0.08874543011188507,-0.19677048921585083,-0.22750572860240936,-0.061648041009902954,-0.0722350925207138,-0.20574688911437988
indianapolis,2019,-0.7222466468811035,-0.3233911693096161,-0.07961687445640564,0.1327236443758011,-0.2672937512397766,0.1372685581445694,0.23795390129089355,-0.6643269658088684,0.19655613601207733,0.29454708099365234,-0.3469199538230896,-0.0081247603520751,-0.07171560823917389,0.1984269618988037,0.02244093269109726,-0.2113998830318451
indianapolis,2020,-0.3273717761039734,-0.041435036808252335,0.23652994632720947,-0.15629741549491882,-0.29373422265052795,0.23314103484153748,0.07699137926101685,-0.5185008645057678,0.08040101826190948,0.5486612319946289,-0.15017352998256683,-0.24022069573402405,-0.3059297502040863,0.014092959463596344,-0.0036809295415878296,-0.09641264379024506
indianapolis,2021,-0.03962929919362068,0.20021624863147736,0.2023329734802246,-0.22921955585479736,-0.12451477348804474,0.20419514179229736,-0.03790700435638428,-0.23266741633415222,-0.0007881708443164825,0.40329375863075256,-0.009275823831558228,-0.19707736372947693,-0.31365981698036194,0.03502791374921799,0.08473865687847137,0.06716611981391907
indianapolis,2022,-1.0604243278503418,-0.4166790544986725,-0.019074082374572754,0.13838165998458862,-0.3294486403465271,0.2188016176223755,0.3394692838191986,-1.1231224536895752,0.2686344087123871,0.5366044640541077,-0.603586733341217,-0.06682457029819489,-0.20487567782402039,0.4117238521575928,0.023721057921648026,-0.19769567251205444
indianapolis,2023,-1.1074771881103516,-0.4131414592266083,0.05182454735040665,0.0863884910941124,-0.45396560430526733,0.3225574493408203,0.3820187747478485,-1.2005069255828857,0.32224345207214355,0.7028120756149292,-0.6281896233558655,-0.19684596359729767,-0.30633124709129333,0.40645480155944824,-0.019001133739948273,-0.24692583084106445
jacksonville,2013,-1.3390254974365234,-0.5316671133041382,0.14844194054603577,0.07774904370307922,-0.6594345569610596,0.4328179955482483,0.5262477397918701,-1.4106513261795044,0.5056880712509155,0.969683051109314,-0.7724074721336365,-0.28513288497924805,-0.4053700864315033,0.3966550827026367,-0.20445962250232697,-0.38995060324668884
jacksonville,2014,-1.450291395187378,-0.5692469477653503,-0.1742314100265503,0.28778722882270813,-0.346988320350647,0.15873321890830994,0.4545570909976959,-1.3346269130706787,0.3046973943710327,0.4841192662715912,-0.8181541562080383,0.06448163837194443,-0.10325999557971954,0.6922820210456848,0.0810275450348854,-0.24120306968688965
jacksonville,2015,-1.273789882659912,-0.4894966781139374,-0.10222633928060532,0.22501537203788757,-0.3802948594093323,0.22502321004867554,0.4261292815208435,-1.20017671585083,0.3161376714706421,0.5424182415008545,-0.7105646729469299,-0.02204568311572075,-0.1756075918674469,0.5644306540489197,0.044924162328243256,-0.24101969599723816
jacksonville,2016,-1.169206976890564,-0.49606677889823914,-0.14475303888320923,0.2486572563648224,-0.33206266164779663,0.11376890540122986,0.37573254108428955,-1.0187846422195435,0.31318923830986023,0.3999551832675934,-0.6127908229827881,0.08695736527442932,-0.043774768710136414,0.4480205774307251,-0.014008596539497375,-0.29267609119415283
jacksonville,2017,-1.0702600479125977,-0.47564980387687683,-0.07071623206138611,0.1862710565328598,-0.4100140333175659,0.14458341896533966,0.36252060532569885,-0.9313358664512634,0.3562420904636383,0.46751728653907776,-0.5319921970367432,0.02034948766231537,-0.0692567378282547,0.3068709373474121,-0.10489122569561005,-0.3537987768650055
jacksonville,2018,-0.7171506285667419,-0.3638950288295746,0.10378686338663101,0.012303374707698822,-0.5208069086074829,0.2721112072467804,0.30521440505981445,-0.7012789845466614,0.38230958580970764,0.6033375263214111,-0.31846123933792114,-0.1867102086544037,-0.20950891077518463,-0.025425367057323456,-0.23509056866168976,-0.38289129734039307
jacksonville,2019,-1.7811391353607178,-0.7767500877380371,-0.41281503438949585,0.4929879903793335,-0.14535696804523468,-0.14695388078689575,0.4661848545074463,-1.5337417125701904,0.21881398558616638,0.12430213391780853,-1.029896855354309,0.42654287815093994,0.25004908442497253,0.9311294555664062,0.18066202104091644,-0.2229110300540924
jacksonville,2020,-1.0614800453186035,-0.44298288226127625,-0.004019714891910553,0.1332530975341797,-0.42769959568977356,0.2304077446460724,0.3709733486175537,-1.0487029552459717,0.34251150488853455,0.5676423907279968,-0.5603880286216736,-0.08528278768062592,-0.17863427102565765,0.33542370796203613,-0.040191635489463806,-0.27679580450057983
jacksonville,2021,-1.3731775283813477,-0.5873823165893555,-0.31561094522476196,0.37293699383735657,-0.19463187456130981,-0.03049875795841217,0.38796931505203247,-1.1441874504089355,0.22061079740524292,0.18145431578159332,-0.7485694289207458,0.2699810862541199,0.12030813097953796,0.6619109511375427,0.12587058544158936,-0.23085437715053558
jacksonville,2022,-1.3120396137237549,-0.5675974488258362,-0.30489209294319153,0.3630799651145935,-0.1832921952009201,-0.043161310255527496,0.36989444494247437,-1.0895261764526367,0.2133179008960724,0.15591931343078613,-0.7075095772743225,0.2703021764755249,0.13809381425380707,0.6207711696624756,0.13031792640686035,-0.22341273725032806
jacksonville,2023,-1.4241540431976318,-0.5622459053993225,-0.1208154559135437,0.2504717707633972,-0.3727836012840271,0.2032189667224884,0.45406755805015564,-1.3933110237121582,0.3297981917858124,0.5619641542434692,-0.8163183927536011,0.012820792384445667,-0.15803545713424683,0.6447303295135498,0.061737820506095886,-0.2318550944328308
kansas_city,2013,-0.3640907108783722,-0.022507432848215103,0.25882697105407715,-0.1575060784816742,-0.29430121183395386,0.2916683554649353,0.10773014277219772,-0.5719085335731506,0.07224039733409882,0.6117773056030273,-0.19087781012058258,-0.27582645416259766,-0.38721325993537903,0.09349799901247025,0.029051028192043304,-0.058603398501873016
kansas_city,2014,-1.356851577758789,0.43674638867378235,1.0059194564819336,-0.6609430909156799,-0.4438668191432953,0.8598648905754089,0.3960523009300232,-2.6383962631225586,0.09557346999645233,1.9550890922546387,-1.1802312135696411,-0.8917486071586609,-1.6255522966384888,1.7665220499038696,0.4781208038330078,0.705714762210846
kansas_city,2015,-0.491065114736557,-0.041619811207056046,0.30151695013046265,-0.16298678517341614,-0.30711835622787476,0.3275933861732483,0.1479777991771698,-0.7659081220626831,0.08359287679195404,0.7098589539527893,-0.3020709156990051,-0.3086981475353241,-0.4533717632293701,0.19557371735572815,0.05108761787414551,-0.029679957777261734
kansas_city,2016,-0.21241149306297302,0.2025456428527832,0.34568607807159424,-0.32038256525993347,-0.2061053365468979,0.28951650857925415,0.0463358573615551,-0.5288221836090088,0.021613456308841705,0.6562474370002747,-0.12141294777393341,-0.30512750148773193,-0.4898460805416107,0.19256895780563354,0.07311917841434479,0.1002267450094223
kansas_city,2017,-0.38830283284187317,-0.1048835813999176,0.15008538961410522,-0.08069735020399094,-0.29547297954559326,0.21313908696174622,0.11393774300813675,-0.49218499660491943,0.12229461967945099,0.46502676606178284,-0.1658984273672104,-0.19624848663806915,-0.24155071377754211,0.013784505426883698,-0.014928191900253296,-0.1504838764667511
kansas_city,2018,-0.47852545976638794,-0.1416093409061432,0.3183957040309906,-0.1640775203704834,-0.48798036575317383,0.3788321912288666,0.19427496194839478,-0.6793299317359924,0.24446892738342285,0.7824724912643433,-0.24148152768611908,-0.3747848570346832,-0.4151272773742676,-0.028328634798526764,-0.18063463270664215,-0.25037917494773865
kansas_city,2019,-0.6400993466377258,-0.20509174466133118,0.12622597813606262,-0.012835860252380371,-0.31273114681243896,0.22616273164749146,0.20440557599067688,-0.761876106262207,0.18195468187332153,0.5137680768966675,-0.3449229598045349,-0.16598500311374664,-0.25618186593055725,0.16936779022216797,0.01776035875082016,-0.14785197377204895
kansas_city,2020,-0.9275477528572083,-0.2849424183368683,0.22385531663894653,-0.06243022531270981,-0.4503008723258972,0.3669089078903198,0.32167303562164307,-1.1743470430374146,0.24300089478492737,0.8387342691421509,-0.5675547122955322,-0.3119587302207947,-0.41649556159973145,0.3361743092536926,-0.01885341852903366,-0.16065466403961182
kansas_city,2021,-0.056160714477300644,0.12124700844287872,0.15667659044265747,-0.16775012016296387,-0.13568632304668427,0.1788308322429657,-0.02797245979309082,-0.1706312894821167,0.02809956669807434,0.34468671679496765,0.012624166905879974,-0.16121308505535126,-0.24467509984970093,-0.03684277832508087,0.03809144347906113,-0.010619878768920898
kansas_city,2022,-0.3951490819454193,0.017371755093336105,0.3418644666671753,-0.22307941317558289,-0.2679752707481384,0.28598132729530334,0.0847705602645874,-0.7102192640304565,0.02870168909430504,0.6966102123260498,-0.2530101537704468,-0.294376015663147,-0.43247267603874207,0.15593165159225464,0.07149509340524673,0.02040480077266693
kansas_city,2023,-0.510198175907135,-0.07817739248275757,0.36508333683013916,-0.20490962266921997,-0.42100387811660767,0.36818695068359375,0.1576583981513977,-0.8140521049499512,0.15849874913692474,0.8262630701065063,-0.302737295627594,-0.3763476014137268,-0.4705571234226227,0.0991969034075737,-0.06996871531009674,-0.1299816370010376
las_vegas,2013,-1.1009669303894043,-0.433746874332428,0.0253664031624794,0.12133447080850601,-0.44001704454421997,0.2727453112602234,0.3798593282699585,-1.1351182460784912,0.34712857007980347,0.6334408521652222,-0.6033466458320618,-0.12215805798768997,-0.2429742068052292,0.37511271238327026,-0.0293705016374588,-0.2630707621574402
las_vegas,2014,-1.0970250368118286,-0.4108222723007202,0.25846633315086365,-0.018822886049747467,-0.6414995193481445,0.4461610019207001,0.42324501276016235,-1.2839277982711792,0.4544651210308075,0.9737124443054199,-0.6351134777069092,-0.3629316985607147,-0.4410550892353058,0.24344971776008606,-0.20045997202396393,-0.364018976688385
las_vegas,2015,-1.4561995267868042,-0.5526539087295532,0.006982959806919098,0.17661252617835999,-0.4889335632324219,0.3214173913002014,0.48664069175720215,-1.5329875946044922,0.41793549060821533,0.7854892015457153,-0.8537015914916992,-0.1136537417769432,-0.31714722514152527,0.5901705026626587,-0.017441995441913605,-0.2732034921646118
las_vegas,2016,-1.2029706239700317,-0.506598711013794,0.03901328891515732,0.1283361315727234,-0.517737627029419,0.2814752459526062,0.4370010197162628,-1.1988837718963623,0.42092621326446533,0.7135413885116577,-0.6623552441596985,-0.12355489283800125,-0.23693369328975677,0.36536967754364014,-0.13605917990207672,-0.34425461292266846
las_vegas,2017,-0.9941843152046204,-0.420195072889328,-0.023461855947971344,0.1350420117378235,-0.3798808455467224,0.2030305564403534,0.3317195177078247,-0.9957885146141052,0.30697929859161377,0.4988798201084137,-0.5285110473632812,-0.05099482089281082,-0.15867428481578827,0.29972413182258606,-0.022632695734500885,-0.26124072074890137
las_vegas,2018,-0.5726149082183838,-0.2249205857515335,0.21545079350471497,-0.07090819627046585,-0.4768502414226532,0.31229516863822937,0.20888498425483704,-0.6818763613700867,0.29801493883132935,0.6661438941955566,-0.2598305344581604,-0.2722327709197998,-0.30787649750709534,-0.01767415553331375,-0.18185819685459137,-0.3090924620628357
las_vegas,2019,-0.9768915772438049,-0.3815441429615021,-0.014713935554027557,0.12800006568431854,-0.33677250146865845,0.21217340230941772,0.3204551935195923,-1.0109707117080688,0.2533160448074341,0.4922081530094147,-0.5367399454116821,-0.0788479670882225,-0.17660923302173615,0.3651486039161682,0.045348864048719406,-0.19698330760002136
las_vegas,2020,-0.9502547383308411,-0.395242303609848,0.017566896975040436,0.09553767740726471,-0.4020555019378662,0.2292744219303131,0.32383647561073303,-0.9840767979621887,0.3068307638168335,0.5460033416748047,-0.5003706812858582,-0.11117618530988693,-0.1921168565750122,0.26670926809310913,-0.03987623751163483,-0.2643899619579315
las_vegas,2021,-0.8185940980911255,-0.32642918825149536,0.12943965196609497,0.014828525483608246,-0.4637777805328369,0.2869430184364319,0.28589490056037903,-0.9122286438941956,0.3246764838695526,0.6414698362350464,-0.4264960289001465,-0.21501243114471436,-0.26427021622657776,0.14305055141448975,-0.11124126613140106,-0.2965467572212219
las_vegas,2022,-0.6237818598747253,-0.2627488970756531,0.2261905074119568,-0.06950580328702927,-0.5310298204421997,0.3467484712600708,0.25220921635627747,-0.7361254096031189,0.3366911709308624,0.7159645557403564,-0.3004567623138428,-0.3055097460746765,-0.3218812644481659,-0.025536485016345978,-0.2216554433107376,-0.3443409204483032
las_vegas,2023,-0.9115692973136902,-0.3807719945907593,0.01052846759557724,0.09875652939081192,-0.38458311557769775,0.21835511922836304,0.3061121702194214,-0.9367957711219788,0.2927584946155548,0.5142542123794556,-0.4757196307182312,-0.09499700367450714,-0.17925843596458435,0.2521793246269226,-0.033636659383773804,-0.25768837332725525
miami,2013,-1.0434081554412842,-0.3858012855052948,0.26373475790023804,-0.024106204509735107,-0.6230026483535767,0.4768873453140259,0.4310818612575531,-1.2424867153167725,0.42948246002197266,0.9722422361373901,-0.6238511204719543,-0.3895377218723297,-0.4707318842411041,0.25145670771598816,-0.19199956953525543,-0.33844634890556335
miami,2014,-1.468383550643921,0.3925154507160187,1.0685839653015137,-0.6650757193565369,-0.4700773358345032,0.8735406994819641,0.4202018678188324,-2.813648223876953,0.0993417501449585,2.019932508468628,-1.3087573051452637,-0.9178449511528015,-1.646933674812317,1.802782654762268,0.491007924079895,0.7291752696037292
miami,2015,-0.7630918025970459,-0.30614882707595825,0.28432467579841614,-0.06332554668188095,-0.6070914268493652,0.4487050473690033,0.3457255959510803,-0.9135516285896301,0.4174259305000305,0.8806071877479553,-0.414309561252594,-0.38453295826911926,-0.43062907457351685,0.03653942793607712,-0.2722192406654358,-0.3722710609436035
miami,2016,-0.9134641289710999,-0.18405398726463318,0.29160448908805847,-0.06590785831212997,-0.43478965759277344,0.4542369544506073,0.3394738435745239,-1.2264925241470337,0.23580220341682434,0.8752464056015015,-0.6144388914108276,-0.3709900677204132,-0.5584503412246704,0.4817134737968445,0.0684487521648407,-0.06769031286239624
miami,2017,-0.9227340221405029,-0.36546823382377625,0.22062665224075317,-0.024800755083560944,-0.5984818935394287,0.40619438886642456,0.3735960125923157,-1.062880516052246,0.40157032012939453,0.8495301008224487,-0.519585371017456,-0.3449404835700989,-0.3745517432689667,0.13855192065238953,-0.20082484185695648,-0.360190749168396
miami,2018,-0.7003717422485352,-0.2678334712982178,0.16245314478874207,-0.0100068598985672,-0.48504674434661865,0.35212939977645874,0.28347647190093994,-0.7765331268310547,0.31800878047943115,0.671819806098938,-0.35554051399230957,-0.27696606516838074,-0.32729658484458923,0.08739423006772995,-0.13677267730236053,-0.2998207211494446
miami,2019,-1.9179866313934326,-0.7507915496826172,-0.14915770292282104,0.3373686969280243,-0.4063698649406433,0.1856931447982788,0.5725852847099304,-1.9199192523956299,0.3997451066970825,0.6861437559127808,-1.1524139642715454,0.08226952701807022,-0.1662706881761551,0.947048544883728,0.07932037115097046,-0.24739046394824982
miami,2020,-1.2301409244537354,-0.46185964345932007,0.09446946531534195,0.0828997790813446,-0.5244033336639404,0.3622678220272064,0.438333660364151,-1.3500219583511353,0.37537190318107605,0.8107196688652039,-0.717937171459198,-0.23600967228412628,-0.3386233150959015,0.4520098567008972,-0.04521559178829193,-0.2692418098449707
miami,2021,-0.6813804507255554,-0.26744091510772705,0.2093874216079712,-0.05107402056455612,-0.5013286471366882,0.35051074624061584,0.2768375873565674,-0.8071668744087219,0.3072168231010437,0.7071269750595093,-0.36349064111709595,-0.2988065779209137,-0.33300212025642395,0.0583571121096611,-0.1611759215593338,-0.2960771918296814
miami,2022,-1.1629133224487305,-0.43975090980529785,0.05182059854269028,0.10415372252464294,-0.46814554929733276,0.33038079738616943,0.4132882058620453,-1.2511284351348877,0.34769466519355774,0.716789960861206,-0.6805131435394287,-0.18931464850902557,-0.3141739070415497,0.41629552841186523,-0.034960150718688965,-0.2608683705329895
miami,2023,-0.981834352016449,-0.40085694193840027,0.08896080404520035,0.061532169580459595,-0.5099334716796875,0.33207985758781433,0.38425785303115845,-1.0322672128677368,0.36394235491752625,0.6960991621017456,-0.5439032912254333,-0.21829243004322052,-0.2962377965450287,0.23913249373435974,-0.11240006983280182,-0.30718234181404114
minneapolis,2013,-1.8018767833709717,-0.6786110401153564,-0.05002496391534805,0.2500849962234497,-0.5136324167251587,0.3304014503955841,0.583927571773529,-1.879641056060791,0.46500998735427856,0.8770681619644165,-1.0835260152816772,-0.07168710976839066,-0.3302844762802124,0.8197660446166992,0.009201973676681519,-0.2800341844558716
minneapolis,2014,-1.5175668001174927,-0.5415986776351929,0.048322223126888275,0.16355866193771362,-0.5075932741165161,0.3893231749534607,0.5306462049484253,-1.6525838375091553,0.38122716546058655,0.8627415299415588,-0.9445284008979797,-0.2111593335866928,-0.3712456226348877,0.7030724883079529,0.04107005149126053,-0.21736568212509155
minneapolis,2015,-1.568007469177246,-0.48995140194892883,0.2590872645378113,0.022177450358867645,-0.5990190505981445,0.5024688839912415,0.5251943469047546,-1.93178391456604,0.3999371826648712,1.1653265953063965,-1.0224770307540894,-0.3768075704574585,-0.568973183631897,0.7184070348739624,0.00923188030719757,-0.1972157061100006
minneapolis,2016,-1.501855492591858,-0.47984158992767334,0.25396016240119934,0.024408333003520966,-0.606818437576294,0.5071554183959961,0.5279741883277893,-1.8397841453552246,0.3933130204677582,1.1228094100952148,-0.9911698698997498,-0.38207483291625977,-0.5507775545120239,0.6638468503952026,-0.0018026530742645264,-0.20983019471168518
minneapolis,2017,-1.3449172973632812,-0.3829824924468994,0.3172255754470825,-0.0492381826043129,-0.5641297698020935,0.47281980514526367,0.42345544695854187,-1.7376974821090698,0.34356066584587097,1.1258649826049805,-0.8772947192192078,-0.3889962136745453,-0.5660143494606018,0.58956378698349,-0.00642143189907074,-0.1757168471813202
minneapolis,2018,-0.9270951151847839,-0.14216455817222595,0.42951345443725586,-0.2087855041027069,-0.4831879436969757,0.4802072048187256,0.3053967356681824,-1.4083356857299805,0.17527690529823303,1.0628646612167358,-0.6676732897758484,-0.4564895033836365,-0.6461590528488159,0.49660396575927734,0.06973809003829956,-0.012736387550830841
minneapolis,2019,-2.8291707038879395,-1.1970252990722656,-0.5084266066551208,0.6869814395904541,-0.23205360770225525,-0.21576175093650818,0.7442807555198669,-2.6072731018066406,0.38102105259895325,0.3415238559246063,-1.7325400114059448,0.5891958475112915,0.28813040256500244,1.5209267139434814,0.20893825590610504,-0.29514291882514954
minneapolis,2020,-1.8709670305252075,-0.7257349491119385,-0.13769394159317017,0.31475210189819336,-0.41746774315834045,0.20849516987800598,0.57390958070755,-1.8762526512145996,0.400345116853714,0.7081167697906494,-1.1168742179870605,0.03863896057009697,-0.1920914500951767,0.9171593189239502,0.07154778391122818,-0.24951475858688354
minneapolis,2021,-1.6429368257522583,-0.7033637762069702,-0.33174702525138855,0.426381379365921,-0.18303479254245758,-0.06093273311853409,0.44457709789276123,-1.4589190483093262,0.23626360297203064,0.21785300970077515,-0.9479376673698425,0.32386526465415955,0.1430884748697281,0.8386433124542236,0.15273788571357727,-0.2108592987060547
minneapolis,2022,-1.6800893545150757,-0.6657109260559082,-0.1067817434668541,0.26942962408065796,-0.43865031003952026,0.248427152633667,0.5455963015556335,-1.7038451433181763,0.3974231779575348,0.7048804759979248,-1.0056335926055908,-0.010239309631288052,-0.21473117172718048,0.7623038291931152,0.035236917436122894,-0.25744500756263733
minneapolis,2023,-1.6405420303344727,-0.6552883982658386,-0.1416965126991272,0.2877119779586792,-0.4099169969558716,0.212614506483078,0.53229159116745,-1.6096107959747314,0.3768649995326996,0.6294670104980469,-0.9707629084587097,0.027544304728507996,-0.17165443301200867,0.7488213181495667,0.04161842167377472,-0.2623797357082367
nashville,2013,-1.0918054580688477,-0.4507063627243042,0.018522389233112335,0.12606605887413025,-0.467529833316803,0.2754826247692108,0.3947102427482605,-1.0689291954040527,0.3725913465023041,0.6418768167495728,-0.5818551182746887,-0.1254332959651947,-0.23252929747104645,0.33723825216293335,-0.10012844204902649,-0.3114473223686218
nashville,2014,-1.3847559690475464,-0.5299196839332581,0.020072676241397858,0.15556879341602325,-0.5002145171165466,0.3346635103225708,0.48030948638916016,-1.4523766040802002,0.3984505236148834,0.7827016711235046,-0.8111026883125305,-0.1513545662164688,-0.31123086810112,0.5557273626327515,-0.02910616248846054,-0.27152219414711
nashville,2015,-0.5963032841682434,-0.2700141370296478,0.16547495126724243,-0.016649402678012848,-0.49264147877693176,0.33940911293029785,0.2700892388820648,-0.6202831268310547,0.34265488386154175,0.6426098942756653,-0.25688618421554565,-0.2680741846561432,-0.2967682480812073,-0.01724950224161148,-0.21621693670749664,-0.33079564571380615
nashville,2016,-0.8790186047554016,-0.36807364225387573,0.086031474173069,0.04992029815912247,-0.46231546998023987,0.2815001308917999,0.3256480395793915,-0.9259055256843567,0.335933119058609,0.6249189376831055,-0.45621442794799805,-0.17946304380893707,-0.24457886815071106,0.19369792938232422,-0.10060213506221771,-0.29115116596221924
nashville,2017,-1.3272862434387207,-0.573133647441864,-0.2862895429134369,0.35130611062049866,-0.19459354877471924,-0.014875270426273346,0.3811245560646057,-1.1402039527893066,0.22570905089378357,0.19946470856666565,-0.7283843159675598,0.2434006780385971,0.09815113991498947,0.6202229261398315,0.12027017027139664,-0.21806198358535767
nashville,2018,-0.8152552247047424,-0.33095455169677734,0.2288215160369873,-0.041469134390354156,-0.5803601741790771,0.3902713656425476,0.32488155364990234,-0.9317036271095276,0.4021911323070526,0.8208454847335815,-0.41953611373901367,-0.3336479663848877,-0.3704681992530823,0.0605793222784996,-0.24308885633945465,-0.37234166264533997
nashville,2019,-1.6132917404174805,-0.6997945308685303,-0.34145161509513855,0.4244844615459442,-0.19186915457248688,-0.07691673189401627,0.4444493055343628,-1.408492088317871,0.24229058623313904,0.18985316157341003,-0.9190636277198792,0.3317115902900696,0.17085397243499756,0.7934912443161011,0.15010251104831696,-0.22971874475479126
nashville,2020,-0.6745122671127319,-0.3200433552265167,0.10901037603616714,0.003542572259902954,-0.47751036286354065,0.2726518213748932,0.2766653597354889,-0.6928951740264893,0.3322090208530426,0.5798155665397644,-0.3096206784248352,-0.20720279216766357,-0.22113043069839478,0.002089880406856537,-0.1845792979001999,-0.3386925458908081
nashville,2021,-0.3188196122646332,-0.1408245712518692,0.14680927991867065,-0.05688134580850601,-0.3644016683101654,0.25240403413772583,0.14700202643871307,-0.34816643595695496,0.20004984736442566,0.4589634835720062,-0.09372468292713165,-0.21162362396717072,-0.23272304236888885,-0.10667984932661057,-0.12251314520835876,-0.23431795835494995
nashville,2022,-0.9077372550964355,-0.4179844558238983,-0.0393882617354393,0.14132964611053467,-0.3881300687789917,0.16227585077285767,0.3172139823436737,-0.8122447729110718,0.3259185254573822,0.4450893700122833,-0.4351155161857605,-0.02102832868695259,-0.09417785704135895,0.2067583203315735,-0.104543536901474,-0.3221496045589447
nashville,2023,-0.8041295409202576,-0.3173734247684479,0.10788697749376297,0.026882611215114594,-0.4567428231239319,0.30971962213516235,0.30432963371276855,-0.8712104558944702,0.3066069781780243,0.6272792816162109,-0.42605990171432495,-0.22741125524044037,-0.2799041271209717,0.16210898756980896,-0.09357212483882904,-0.2810567021369934
new_orleans,2013,-1.3277664184570312,-0.5254195332527161,0.010895796120166779,0.153935968875885,-0.4968506991863251,0.30571484565734863,0.463581383228302,-1.3632971048355103,0.4010521173477173,0.7392438650131226,-0.7570315003395081,-0.12864969670772552,-0.2713032066822052,0.49838829040527344,-0.049324631690979004,-0.28941580653190613
new_orleans,2014,-1.5895767211914062,-0.592433512210846,-0.04183552414178848,0.22961539030075073,-0.47118687629699707,0.3133831024169922,0.5276735424995422,-1.6306569576263428,0.3962593078613281,0.7691513299942017,-0.9494190812110901,-0.08672482520341873,-0.28804686665534973,0.7372010946273804,0.04161551594734192,-0.24210338294506073
new_orleans,2015,-1.967454433441162,-0.6720559000968933,0.17899346351623535,0.1519506573677063,-0.6695086359977722,0.5389106869697571,0.6862325072288513,-2.285747766494751,0.5030884742736816,1.228145718574524,-1.300831913948059,-0.33962172269821167,-0.5539066791534424,0.9373832941055298,0.027202986180782318,-0.24145998060703278
new_orleans,2016,-1.7077194452285767,-0.6724001169204712,-0.09822427481412888,0.2791069447994232,-0.4306457042694092,0.2343919277191162,0.5526493787765503,-1.7287425994873047,0.3782674968242645,0.6795452237129211,-1.0339757204055786,-0.007442872039973736,-0.19099590182304382,0.8029869794845581,0.0710047110915184,-0.2343498319387436
new_orleans,2017,-1.9140284061431885,-0.7684544920921326,-0.20616424083709717,0.3600943088531494,-0.3702303469181061,0.1102576032280922,0.5601604580879211,-1.8605389595031738,0.3535521328449249,0.5728925466537476,-1.1318788528442383,0.13186173141002655,-0.0574006587266922,0.9620859622955322,0.11781970411539078,-0.24287086725234985
new_orleans,2018,-1.1122705936431885,-0.4664643108844757,0.04387309402227402,0.0995497852563858,-0.5218180418014526,0.3083035945892334,0.4092414379119873,-1.117617130279541,0.4066981375217438,0.7092498540878296,-0.5924585461616516,-0.1601700484752655,-0.2690388858318329,0.2974001467227936,-0.13602054119110107,-0.3429138958454132
new_orleans,2019,-1.43448805809021,-0.5744171142578125,-0.16741760075092316,0.28296947479248047,-0.3338926136493683,0.1387525498867035,0.439616858959198,-1.3475239276885986,0.3038475811481476,0.4666864573955536,-0.8079988360404968,0.07950098067522049,-0.08225937187671661,0.6677786111831665,0.08786214888095856,-0.23179198801517487
new_orleans,2020,-1.2416898012161255,-0.5041121244430542,-0.14192132651805878,0.24724531173706055,-0.32862037420272827,0.17279036343097687,0.3979679346084595,-1.1651626825332642,0.30127355456352234,0.45694124698638916,-0.690983235836029,0.05140324681997299,-0.122492715716362,0.5281026363372803,0.0453823022544384,-0.2351440191268921
new_orleans,2021,-1.6848238706588745,-0.6106566190719604,0.05972463637590408,0.16093099117279053,-0.5740768313407898,0.40891194343566895,0.5699737668037415,-1.8494925498962402,0.4474731385707855,0.9786227941513062,-1.0322619676589966,-0.21838420629501343,-0.4043123126029968,0.7528243064880371,0.00267106294631958,-0.2639254927635193
new_orleans,2022,-1.808056354522705,-0.7403415441513062,-0.24084749817848206,0.3801269829273224,-0.336445152759552,0.07386476546525955,0.5308716893196106,-1.6961171627044678,0.3401627838611603,0.47313418984413147,-1.061893343925476,0.19210393726825714,-0.011327892541885376,0.8823333978652954,0.10408098995685577,-0.25886666774749756
new_orleans,2023,-1.7221310138702393,-0.6401625871658325,-0.06940377503633499,0.2537178695201874,-0.47477471828460693,0.2939539849758148,0.5531842708587646,-1.7495646476745605,0.3999781906604767,0.781341552734375,-1.0238639116287231,-0.06537369638681412,-0.27066484093666077,0.8310361504554749,0.060416072607040405,-0.24775871634483337
oklahoma_city,2013,-1.232645034790039,-0.46556225419044495,-0.11008654534816742,0.23016276955604553,-0.31689000129699707,0.18989181518554688,0.40168502926826477,-1.1605173349380493,0.25068098306655884,0.46071097254753113,-0.6907225251197815,-0.018865510821342468,-0.1356348991394043,0.6060066223144531,0.11448326706886292,-0.17758682370185852
oklahoma_city,2014,-1.1389154195785522,-0.37480640411376953,0.08212176710367203,0.09800513088703156,-0.44563692808151245,0.368457168340683,0.41025030612945557,-1.2347371578216553,0.30297455191612244,0.7369128465652466,-0.6736007332801819,-0.23699405789375305,-0.3558640480041504,0.5081878900527954,0.0549473762512207,-0.1852380335330963
oklahoma_city,2015,-1.757129192352295,-0.7191228866577148,-0.2573311924934387,0.3947330713272095,-0.25352585315704346,0.00677066296339035,0.49474018812179565,-1.6340467929840088,0.2769862413406372,0.35837921500205994,-1.0279980897903442,0.22850877046585083,0.05730681121349335,0.9095674753189087,0.16716843843460083,-0.20233121514320374
oklahoma_city,2016,-0.9915193319320679,-0.2952035963535309,0.2881958484649658,-0.05362110584974289,-0.51952064037323,0.4516614079475403,0.36782199144363403,-1.2554090023040771,0.3155389130115509,0.9421274662017822,-0.6199643015861511,-0.3607920706272125,-0.512526273727417,0.36023804545402527,-0.06120374798774719,-0.19811980426311493
oklahoma_city,2017,-0.9790921807289124,-0.3834138810634613,0.001960374414920807,0.12076859921216965,-0.36663496494293213,0.23893040418624878,0.3277078866958618,-1.0157158374786377,0.28331199288368225,0.5304561257362366,-0.5370470285415649,-0.09607262164354324,-0.21254020929336548,0.3386685252189636,0.008867427706718445,-0.225187748670578
oklahoma_city,2018,-0.9899221658706665,-0.35855650901794434,0.04963735491037369,0.0861012190580368,-0.4242011308670044,0.30981364846229553,0.34586378931999207,-1.0495827198028564,0.28888562321662903,0.631651759147644,-0.5491707921028137,-0.18587543070316315,-0.2835501730442047,0.3654317855834961,0.008129715919494629,-0.22483521699905396
oklahoma_city,2019,-0.881416916847229,-0.3526688814163208,-0.06409983336925507,0.15986338257789612,-0.28674963116645813,0.1691540628671646,0.28712862730026245,-0.842351496219635,0.2245679646730423,0.3693578541278839,-0.4579036831855774,-0.020456623286008835,-0.11488506197929382,0.3327140808105469,0.06978308409452438,-0.1860077977180481
oklahoma_city,2020,-0.439806193113327,-0.10650020837783813,0.19043436646461487,-0.10206971317529678,-0.3127167820930481,0.2332502007484436,0.12488598376512527,-0.596933901309967,0.12372791767120361,0.5333206057548523,-0.2175086885690689,-0.2200378030538559,-0.2798575460910797,0.055234067142009735,-0.007530882954597473,-0.13199317455291748
oklahoma_city,2021,-0.9127851724624634,-0.3560943603515625,0.003189370036125183,0.11182025074958801,-0.36302894353866577,0.2408882975578308,0.30846697092056274,-0.9340395331382751,0.2686818242073059,0.5091581344604492,-0.4909537434577942,-0.10131153464317322,-0.20908808708190918,0.3053086996078491,0.006646864116191864,-0.22444313764572144
oklahoma_city,2022,-0.669070839881897,-0.19936822354793549,0.27871984243392944,-0.10540331155061722,-0.45828813314437866,0.3643278479576111,0.24878448247909546,-0.886712372303009,0.24307920038700104,0.7763358354568481,-0.38835132122039795,-0.32013773918151855,-0.41077589988708496,0.1405523419380188,-0.09006904065608978,-0.19691818952560425
oklahoma_city,2023,-0.5754086375236511,-0.16407451033592224,0.20767948031425476,-0.07321635633707047,-0.4064682424068451,0.3326170742511749,0.2085452824831009,-0.7172550559043884,0.21266970038414001,0.6568399667739868,-0.3007548451423645,-0.2839938998222351,-0.3627203404903412,0.10554095357656479,-0.06361494958400726,-0.19764171540737152
orlando,2013,-0.9264858365058899,-0.32291314005851746,0.21735414862632751,-0.01392914354801178,-0.5512630939483643,0.43711891770362854,0.3608224093914032,-1.0733425617218018,0.36925041675567627,0.8631583452224731,-0.5183929800987244,-0.33331185579299927,-0.44392815232276917,0.24576666951179504,-0.13441422581672668,-0.2940451502799988
orlando,2014,-1.094267725944519,-0.39329901337623596,0.09090299159288406,0.08047688752412796,-0.49525368213653564,0.366571307182312,0.4041595160961151,-1.153311014175415,0.36028000712394714,0.7595962882041931,-0.6055868864059448,-0.23584316670894623,-0.35073742270469666,0.3971717357635498,-0.04444505274295807,-0.2605666518211365
orlando,2015,-0.8743496537208557,-0.3238724172115326,0.1864774525165558,-0.001634068787097931,-0.523200511932373,0.3975622057914734,0.352619469165802,-0.9953716397285461,0.3531883955001831,0.7816460728645325,-0.4878607392311096,-0.3026224970817566,-0.3865848779678345,0.2017003297805786,-0.1284933090209961,-0.2939925491809845
orlando,2016,-0.6022699475288391,-0.23460707068443298,0.21554648876190186,-0.04968404024839401,-0.5070644617080688,0.3826507329940796,0.26065561175346375,-0.6904954314231873,0.3329932689666748,0.7154563069343567,-0.28398191928863525,-0.31300681829452515,-0.3692511022090912,0.009478025138378143,-0.20308707654476166,-0.31973135471343994
orlando,2017,-0.9067372679710388,-0.4117262661457062,-0.15034699440002441,0.21838787198066711,-0.27146244049072266,0.07835870236158371,0.2917630076408386,-0.7439061999320984,0.24651560187339783,0.26319512724876404,-0.43622666597366333,0.08708611875772476,0.009946636855602264,0.29821962118148804,0.005351312458515167,-0.26308131217956543
orlando,2018,-0.7537029385566711,-0.3172342777252197,0.06794667989015579,0.04537101462483406,-0.4423898458480835,0.2838989794254303,0.29478490352630615,-0.7547085881233215,0.3030100166797638,0.5620836019515991,-0.36780375242233276,-0.18544580042362213,-0.23801255226135254,0.1322837471961975,-0.09885057806968689,-0.2862238883972168
orlando,2019,-1.9182047843933105,-0.8232845067977905,-0.37849706411361694,0.485392689704895,-0.20471037924289703,-0.10280374437570572,0.5198657512664795,-1.7171361446380615,0.27327555418014526,0.239854633808136,-1.1255706548690796,0.3844764828681946,0.19186201691627502,0.9828215837478638,0.16503874957561493,-0.24097003042697906
orlando,2020,-1.0616369247436523,-0.41275250911712646,0.12074384838342667,0.05102014169096947,-0.5217515230178833,0.3505913019180298,0.3931993246078491,-1.1592931747436523,0.3807249367237091,0.7706315517425537,-0.5905740857124329,-0.23702329397201538,-0.33073684573173523,0.30507978796958923,-0.09954173862934113,-0.2984313368797302
orlando,2021,-1.0220468044281006,-0.4303787052631378,-0.16024503111839294,0.2356548011302948,-0.25117871165275574,0.11778206378221512,0.32171908020973206,-0.9202130436897278,0.2252822369337082,0.3070722818374634,-0.543964684009552,0.07823352515697479,-0.045508429408073425,0.42974668741226196,0.08139520138502121,-0.19280362129211426
orlando,2022,-0.8865015506744385,-0.434662789106369,-0.19863972067832947,0.25124427676200867,-0.23042325675487518,0.019014872610569,0.28244566917419434,-0.6792332530021667,0.23137545585632324,0.18019583821296692,-0.4302738308906555,0.1412416398525238,0.08356010913848877,0.3077632486820221,-0.0016999095678329468,-0.27530616521835327
orlando,2023,-1.495626449584961,-0.5911981463432312,-0.12175141274929047,0.2660660147666931,-0.3597305417060852,0.18346300721168518,0.4628102481365204,-1.480128288269043,0.32966944575309753,0.5586615204811096,-0.8670012354850769,0.034565821290016174,-0.14292626082897186,0.697006344795227,0.08113264292478561,-0.2180967479944229
philadelphia,2013,-0.6078399419784546,-0.17382469773292542,0.17008990049362183,-0.04542265087366104,-0.3553406298160553,0.27204012870788574,0.18418395519256592,-0.7455622553825378,0.2033490538597107,0.5884637832641602,-0.3107912540435791,-0.22742871940135956,-0.3115943372249603,0.13175398111343384,-0.030110672116279602,-0.18435519933700562
philadelphia,2014,-0.43101656436920166,-0.10400985181331635,0.19889894127845764,-0.10068074613809586,-0.3313644230365753,0.2588682472705841,0.1281336545944214,-0.5704295039176941,0.14832323789596558,0.5598279237747192,-0.19835440814495087,-0.24732226133346558,-0.30507412552833557,0.03154792636632919,-0.04446987807750702,-0.1666327267885208
philadelphia,2015,-1.2289352416992188,-0.10146848857402802,0.5403220653533936,-0.22901135683059692,-0.5293213129043579,0.6335660219192505,0.4080667495727539,-1.868007779121399,0.24796131253242493,1.3082342147827148,-0.9041231274604797,-0.5736461281776428,-0.9323750138282776,0.8998669385910034,0.1762050986289978,0.10421858727931976
philadelphia,2016,-1.477149486541748,0.20208977162837982,0.8251221776008606,-0.461091548204422,-0.4786849915981293,0.7633163332939148,0.44360631704330444,-2.5499024391174316,0.16201592981815338,1.70591402053833,-1.2117115259170532,-0.7606367468833923,-1.3690185546875,1.6227868795394897,0.4492669701576233,0.5450469851493835
philadelphia,2017,-0.7498846054077148,-0.26038891077041626,0.14123418927192688,0.002819053828716278,-0.4159662425518036,0.29526087641716003,0.24721074104309082,-0.8584970831871033,0.2807978093624115,0.6244229078292847,-0.39087921380996704,-0.22983486950397491,-0.3012942969799042,0.15822070837020874,-0.07512640953063965,-0.25481677055358887
philadelphia,2018,-0.5618365406990051,-0.1721414029598236,0.13592681288719177,-0.044381506741046906,-0.3244023323059082,0.23284217715263367,0.16850334405899048,-0.675261378288269,0.16960684955120087,0.5267922878265381,-0.27515536546707153,-0.1920989453792572,-0.26090744137763977,0.11291962116956711,-0.009199507534503937,-0.16569149494171143
philadelphia,2019,-1.0918678045272827,-0.4388938844203949,-0.06253351271152496,0.17506778240203857,-0.321111798286438,0.19721055030822754,0.3419334888458252,-1.110065221786499,0.27397143840789795,0.4904159605503082,-0.6083067059516907,-0.022396788001060486,-0.16573677957057953,0.4371401071548462,0.03388387709856033,-0.2078724354505539
philadelphia,2020,-0.3053107261657715,0.007599081844091415,0.33182376623153687,-0.22200101613998413,-0.30025506019592285,0.2691040635108948,0.057970818132162094,-0.588246762752533,0.07777218520641327,0.6630668640136719,-0.15801389515399933,-0.30202367901802063,-0.39334723353385925,0.02154914289712906,-0.025238581001758575,-0.06767970323562622
philadelphia,2021,-1.0112991333007812,-0.33989012241363525,0.12780097126960754,0.022057294845581055,-0.4023538827896118,0.302795946598053,0.33334124088287354,-1.1932367086410522,0.2605036795139313,0.7191233038902283,-0.5996221899986267,-0.2163260579109192,-0.33191928267478943,0.3856350779533386,0.022586412727832794,-0.1684383749961853
philadelphia,2022,-0.5133308172225952,-0.17354661226272583,0.08869842439889908,-5.755573511123657e-05,-0.31464195251464844,0.2292737066745758,0.1666235625743866,-0.5424230694770813,0.1868535280227661,0.45081302523612976,-0.2157817929983139,-0.16012783348560333,-0.23262356221675873,0.075687475502491,-0.01963542401790619,-0.20085006952285767
philadelphia,2023,-0.31140393018722534,0.016072627156972885,0.2868812680244446,-0.1999988853931427,-0.23520393669605255,0.22170406579971313,0.0457756444811821,-0.5890130400657654,0.03289918974041939,0.5807085037231445,-0.17725078761577606,-0.2543027400970459,-0.3477189838886261,0.06866955012083054,0.043449364602565765,-0.017272543162107468
phoenix,2013,-2.2933197021484375,-0.9959210157394409,-0.504007875919342,0.6161819696426392,-0.15319687128067017,-0.23043501377105713,0.5914862751960754,-2.019918918609619,0.2774297893047333,0.15265758335590363,-1.368543267250061,0.5647616386413574,0.3314937353134155,1.2232823371887207,0.20435285568237305,-0.2612912952899933
phoenix,2014,-1.4235055446624756,-0.5515442490577698,-0.10338495671749115,0.2513394057750702,-0.3632349669933319,0.2118857502937317,0.4457295835018158,-1.4094222784042358,0.3355560004711151,0.5761259198188782,-0.8212047219276428,0.016610324382781982,-0.18349096179008484,0.6534912586212158,0.06323330849409103,-0.22059151530265808
phoenix,2015,-1.9639153480529785,-0.7223242521286011,-0.02979915589094162,0.26804205775260925,-0.5162897706031799,0.3439291715621948,0.6343937516212463,-2.071303367614746,0.46821269392967224,0.9327415227890015,-1.2084742784500122,-0.09591992944478989,-0.35842329263687134,0.9583522081375122,0.04624180495738983,-0.24840445816516876
phoenix,2016,-1.02367103099823,-0.3471395671367645,0.10274667292833328,0.06186463311314583,-0.4055381417274475,0.3088952302932739,0.3387782573699951,-1.1596391201019287,0.2895709276199341,0.6861591339111328,-0.5889524817466736,-0.18696245551109314,-0.32966604828834534,0.397472620010376,0.0268637016415596,-0.1873566210269928
phoenix,2017,-1.2573797702789307,-0.49725648760795593,-0.07083266973495483,0.20569169521331787,-0.3618583679199219,0.21862739324569702,0.39684849977493286,-1.2668683528900146,0.3333146870136261,0.5630510449409485,-0.7089034914970398,-0.006534372456371784,-0.19924606382846832,0.5142461061477661,0.02334267646074295,-0.23291455209255219
phoenix,2018,-1.4581451416015625,-0.5855710506439209,-0.11043932288885117,0.24931567907333374,-0.3852500319480896,0.2124655842781067,0.4603492319583893,-1.458465576171875,0.369894802570343,0.604475200176239,-0.84046870470047,0.026594381779432297,-0.18746550381183624,0.6209439039230347,0.022408783435821533,-0.25387752056121826
phoenix,2019,-1.6172446012496948,-0.6275845766067505,-0.10706645250320435,0.27713289856910706,-0.3911399245262146,0.2123919427394867,0.5072965025901794,-1.6195056438446045,0.37666043639183044,0.638069748878479,-0.9526271224021912,0.024426419287919998,-0.19433186948299408,0.7522778511047363,0.06381779164075851,-0.23590904474258423
phoenix,2020,-0.9930396676063538,-0.35982009768486023,0.08530697971582413,0.06615988910198212,-0.43091756105422974,0.30687224864959717,0.3234998285770416,-1.0989742279052734,0.31684306263923645,0.6746701002120972,-0.5537571310997009,-0.19235838949680328,-0.30723169445991516,0.32308530807495117,-0.043073371052742004,-0.25125652551651
phoenix,2021,-1.2839229106903076,-0.4652442932128906,0.08317745476961136,0.10656017065048218,-0.4659295678138733,0.3229018449783325,0.4036996364593506,-1.4452381134033203,0.3698972463607788,0.7865740060806274,-0.7574509978294373,-0.1791202276945114,-0.33355051279067993,0.4979439973831177,-0.018793828785419464,-0.24932271242141724
phoenix,2022,-1.7873382568359375,-0.7248959541320801,-0.21371738612651825,0.3541361689567566,-0.3381025195121765,0.10639824718236923,0.5277101397514343,-1.7262160778045654,0.3630894422531128,0.5366785526275635,-1.0469547510147095,0.1537812352180481,-0.0729898065328598,0.8571039438247681,0.08028729259967804,-0.25533968210220337
phoenix,2023,-1.2847932577133179,-0.4681535065174103,0.13781613111495972,0.07487794756889343,-0.557949423789978,0.40079188346862793,0.45777037739753723,-1.4275413751602173,0.42717811465263367,0.899631679058075,-0.7453514337539673,-0.25819599628448486,-0.4056592881679535,0.45843344926834106,-0.07781696319580078,-0.29234760999679565
pittsburgh,2013,-0.4169429540634155,0.21749025583267212,0.4957228899002075,-0.38796553015708923,-0.23977619409561157,0.36552849411964417,0.08145967125892639,-0.9535810351371765,0.00237346813082695,0.8874151706695557,-0.3277853727340698,-0.41308772563934326,-0.684524655342102,0.44105780124664307,0.15284013748168945,0.22995814681053162
pittsburgh,2014,-0.4870704412460327,0.047587376087903976,0.3777334988117218,-0.232310950756073,-0.3070913255214691,0.354837566614151,0.14916789531707764,-0.859961211681366,0.07566093653440475,0.7476038932800293,-0.34991133213043213,-0.36697882413864136,-0.5404971241950989,0.31392788887023926,0.11486387252807617,0.07997575402259827
pittsburgh,2015,-0.3057482838630676,-0.03251158073544502,0.25597095489501953,-0.1709621250629425,-0.2855609655380249,0.23525914549827576,0.08051233738660812,-0.5010359883308411,0.08168789744377136,0.5578055381774902,-0.1430100053548813,-0.2468542903661728,-0.31461891531944275,-0.0018914267420768738,-0.016493387520313263,-0.0878201276063919
pittsburgh,2016,-0.37298503518104553,-0.0007227249443531036,0.2993948459625244,-0.18877968192100525,-0.26827365159988403,0.2792864143848419,0.09256182610988617,-0.6451478600502014,0.04233380779623985,0.6437805891036987,-0.21904240548610687,-0.2842216491699219,-0.40877094864845276,0.12511736154556274,0.055012740194797516,-0.01225527748465538
pittsburgh,2017,-0.8426337838172913,-0.35468360781669617,0.18885672092437744,-0.0175543874502182,-0.5489722490310669,0.34566766023635864,0.3388802111148834,-0.9559453129768372,0.3782598674297333,0.7492935657501221,-0.45646148920059204,-0.2951526939868927,-0.3091594874858856,0.084120012819767,-0.1959540992975235,-0.353215754032135
pittsburgh,2018,-0.390251487493515,0.20613212883472443,0.40964674949645996,-0.3382395803928375,-0.22114123404026031,0.33811089396476746,0.095187708735466,-0.8006832003593445,0.008648905903100967,0.7825795412063599,-0.28449398279190063,-0.3566974401473999,-0.5939930081367493,0.4150703549385071,0.15729039907455444,0.20944836735725403
pittsburgh,2019,-0.3536933660507202,-0.09050357341766357,0.1339501440525055,-0.06111275404691696,-0.26332253217697144,0.2063545286655426,0.11129698902368546,-0.42784440517425537,0.11009848117828369,0.4224281311035156,-0.13942961394786835,-0.17626771330833435,-0.23962639272212982,0.017393164336681366,0.005423061549663544,-0.13090699911117554
pittsburgh,2020,-0.9650320410728455,-0.39788171648979187,-0.07025928795337677,0.15137414634227753,-0.3407217264175415,0.19009581208229065,0.32661423087120056,-0.9257298111915588,0.2553764879703522,0.43336889147758484,-0.502889096736908,-0.04962773993611336,-0.12796545028686523,0.34435591101646423,0.03611176460981369,-0.22405073046684265
pittsburgh,2021,-0.9576246738433838,-0.31945276260375977,0.1405705213546753,-0.008486181497573853,-0.4121163785457611,0.2876761853694916,0.2899996042251587,-1.1474380493164062,0.25739240646362305,0.7283596992492676,-0.5432152152061462,-0.22759658098220825,-0.3178747594356537,0.328765869140625,-0.007874511182308197,-0.19116687774658203
pittsburgh,2022,-0.23441576957702637,0.04097282513976097,0.26381513476371765,-0.19475427269935608,-0.22733411192893982,0.22720545530319214,0.0331827811896801,-0.4539487957954407,0.04043728485703468,0.5377388000488281,-0.11430622637271881,-0.2417830526828766,-0.3336483836174011,0.024889029562473297,0.028175167739391327,-0.029632816091179848
pittsburgh,2023,-0.44977256655693054,-0.2159043848514557,0.2604081928730011,-0.11172666400671005,-0.5228047370910645,0.3427020311355591,0.22174698114395142,-0.564924418926239,0.31758686900138855,0.6901068091392517,-0.19421617686748505,-0.326480507850647,-0.3126804232597351,-0.1483766734600067,-0.26800769567489624,-0.34509286284446716
raleigh,2013,-1.5183061361312866,-0.6053908467292786,-0.18971982598304749,0.31256338953971863,-0.31358566880226135,0.10523209720849991,0.4511289596557617,-1.414212703704834,0.2978857457637787,0.4401114881038666,-0.8601747155189514,0.1187167689204216,-0.05072006583213806,0.7364485263824463,0.1112806499004364,-0.22538986802101135
raleigh,2014,-0.8702222108840942,-0.41787561774253845,-0.040346547961235046,0.14440202713012695,-0.38275057077407837,0.12472279369831085,0.29628393054008484,-0.7505533695220947,0.31960204243659973,0.40554115176200867,-0.39952319860458374,-0.0016661277040839195,-0.036831825971603394,0.18505015969276428,-0.11407983303070068,-0.33690547943115234
raleigh,2015,-1.67821204662323,-0.6503061652183533,-0.12241485714912415,0.2851531505584717,-0.4162004590034485,0.21733060479164124,0.533976674079895,-1.6538400650024414,0.3661007583141327,0.6471744775772095,-0.9922797083854675,0.009657400660216808,-0.17719553411006927,0.8044707179069519,0.07595457136631012,-0.24297663569450378
raleigh,2016,-1.3502671718597412,-0.5547948479652405,-0.20046570897102356,0.3015892505645752,-0.2865217328071594,0.08506638556718826,0.4018857479095459,-1.2267104387283325,0.29254981875419617,0.37890976667404175,-0.7421206831932068,0.14701427519321442,-0.023510947823524475,0.6090373992919922,0.07678335905075073,-0.24125447869300842
raleigh,2017,-1.0542036294937134,-0.4479161202907562,-0.013970069587230682,0.13017016649246216,-0.42463046312332153,0.23487964272499084,0.36853840947151184,-1.0625126361846924,0.327924519777298,0.5565913915634155,-0.577726423740387,-0.08279210329055786,-0.18218719959259033,0.3159925937652588,-0.045091405510902405,-0.28179118037223816
raleigh,2018,-1.582834005355835,-0.6545864343643188,-0.2619110345840454,0.35970354080200195,-0.2899460196495056,0.041013576090335846,0.4652034044265747,-1.4192390441894531,0.2923247516155243,0.35923054814338684,-0.8938398957252502,0.20006845891475677,0.03412210941314697,0.7576429843902588,0.11079952865839005,-0.2529679238796234
raleigh,2019,-1.425790786743164,-0.6058580875396729,-0.2927056550979614,0.371337890625,-0.20743989944458008,-0.01820872724056244,0.40181589126586914,-1.2281577587127686,0.23099541664123535,0.22172805666923523,-0.7903284430503845,0.2533102333545685,0.1084679365158081,0.696875810623169,0.1296859085559845,-0.2220865935087204
raleigh,2020,-1.4546066522598267,-0.5923253297805786,-0.1867409646511078,0.3004962205886841,-0.3197449743747711,0.10877364873886108,0.4367368221282959,-1.3612903356552124,0.315978080034256,0.43879449367523193,-0.816136360168457,0.12478132545948029,-0.0550968199968338,0.6569570899009705,0.0823705717921257,-0.24454091489315033
raleigh,2021,-1.4360431432724,-0.618462085723877,-0.2918461561203003,0.36510148644447327,-0.2199065387248993,-0.01927432417869568,0.4090506434440613,-1.2528069019317627,0.2424321174621582,0.2283930480480194,-0.7978700995445251,0.2531401216983795,0.10978137701749802,0.676419734954834,0.12651649117469788,-0.23002856969833374
raleigh,2022,-1.4609959125518799,-0.604318380355835,-0.25543609261512756,0.35011187195777893,-0.2523137927055359,0.022504635155200958,0.419574111700058,-1.2908141613006592,0.27146852016448975,0.3102017343044281,-0.8082529902458191,0.21300719678401947,0.049678489565849304,0.7004776000976562,0.11156543344259262,-0.2379622459411621
raleigh,2023,-1.1674187183380127,-0.5111629962921143,-0.24816906452178955,0.3049948215484619,-0.2062516212463379,0.017911791801452637,0.3391767144203186,-1.0079731941223145,0.21150895953178406,0.20588359236717224,-0.6255441308021545,0.19536755979061127,0.07351478189229965,0.5172311663627625,0.10905615240335464,-0.2076042890548706
sacramento,2013,-0.33807989954948425,-0.009613681584596634,0.28716862201690674,-0.18558022379875183,-0.2783154547214508,0.2791951596736908,0.10420490056276321,-0.5523747205734253,0.06979040801525116,0.6172895431518555,-0.1879177838563919,-0.2715405225753784,-0.37845849990844727,0.06809359043836594,0.015663251280784607,-0.04105357453227043
sacramento,2014,-0.5103358030319214,0.36661726236343384,0.6148664951324463,-0.5293272137641907,-0.23516593873500824,0.451906681060791,0.11464779824018478,-1.198436975479126,-0.031252581626176834,1.110954761505127,-0.4274035692214966,-0.5069480538368225,-0.894578218460083,0.7293974161148071,0.2281862497329712,0.4066532552242279
sacramento,2015,-0.691473662853241,-0.03756106272339821,0.33005577325820923,-0.13814184069633484,-0.336179256439209,0.4025401473045349,0.24347138404846191,-1.040682315826416,0.13156495988368988,0.7864165306091309,-0.4849962592124939,-0.3647468686103821,-0.5604837536811829,0.46835243701934814,0.14801213145256042,0.0584181472659111
sacramento,2016,-1.1870585680007935,0.631659209728241,1.145080804824829,-0.8810636401176453,-0.33937308192253113,0.8550477027893066,0.31400659680366516,-2.580683946609497,-0.028065990656614304,2.0823824405670166,-1.0881078243255615,-0.9413935542106628,-1.731481909751892,1.7765315771102905,0.4820023775100708,0.857753336429596
sacramento,2017,-0.3355298340320587,-0.09705060720443726,0.24161529541015625,-0.14994916319847107,-0.35885751247406006,0.24694880843162537,0.11232180893421173,-0.4967005252838135,0.1522700935602188,0.571213960647583,-0.13876406848430634,-0.2607898414134979,-0.28520503640174866,-0.07442254573106766,-0.10296277701854706,-0.18286293745040894
sacramento,2018,-0.10550594329833984,0.06959322094917297,0.20238235592842102,-0.1847105324268341,-0.19542837142944336,0.2119598686695099,0.03417060151696205,-0.20792779326438904,0.07038463652133942,0.41867589950561523,-0.014539435505867004,-0.19895347952842712,-0.265449583530426,-0.07785644382238388,-0.009424358606338501,-0.05426325276494026
sacramento,2019,-1.2688199281692505,-0.45143118500709534,0.11284538358449936,0.09434504806995392,-0.48415449261665344,0.3551015853881836,0.4208277463912964,-1.440216064453125,0.3771401345729828,0.8173457980155945,-0.7602567076683044,-0.21637845039367676,-0.36808180809020996,0.48698753118515015,-0.022865653038024902,-0.24793291091918945
sacramento,2020,-0.07015521079301834,-0.006886057555675507,0.19500920176506042,-0.1643151342868805,-0.28060686588287354,0.2066507637500763,0.055268291383981705,-0.09812071174383163,0.16714157164096832,0.3969478905200958,0.04645439237356186,-0.1958845555782318,-0.1952567845582962,-0.2631446421146393,-0.14121702313423157,-0.20059943199157715
sacramento,2021,-0.5444995164871216,-0.20065639913082123,0.08443545550107956,-0.009657077491283417,-0.33434849977493286,0.21796953678131104,0.1809849739074707,-0.5994389653205872,0.1822674423456192,0.4563561975955963,-0.2512037754058838,-0.1745276302099228,-0.1985236555337906,0.06603077799081802,-0.02502787858247757,-0.20505626499652863
sacramento,2022,-0.8617828488349915,-0.2961397171020508,0.1129830852150917,0.021256882697343826,-0.3747889995574951,0.2670055031776428,0.27325281500816345,-1.0009217262268066,0.24579326808452606,0.6246753931045532,-0.48564279079437256,-0.18657077848911285,-0.282014399766922,0.2734569013118744,-0.001733243465423584,-0.19002816081047058
sacramento,2023,-0.30581870675086975,-0.04567021504044533,0.29592952132225037,-0.20058488845825195,-0.32047462463378906,0.23353004455566406,0.07663815468549728,-0.5298696756362915,0.10726939141750336,0.603247344493866,-0.14350520074367523,-0.26508405804634094,-0.311362624168396,-0.050807394087314606,-0.06759826838970184,-0.11774997413158417
salt_lake_city,2013,-0.4353821277618408,-0.11238768696784973,0.19291815161705017,-0.0857183113694191,-0.32386845350265503,0.27462664246559143,0.16788429021835327,-0.5660578608512878,0.13649876415729523,0.5467096567153931,-0.22183482348918915,-0.23122535645961761,-0.31649020314216614,0.07149917632341385,-0.007243238389492035,-0.12095899879932404
salt_lake_city,2014,-1.2965900897979736,-0.45510610938072205,0.1266670525074005,0.09188006818294525,-0.5330058336257935,0.41205644607543945,0.4779215157032013,-1.4428842067718506,0.37598082423210144,0.8667832612991333,-0.78936368227005,-0.28060850501060486,-0.3937092423439026,0.5342414379119873,-0.005066126585006714,-0.2376358062028885
salt_lake_city,2015,-1.0915875434875488,-0.37879639863967896,0.13440755009651184,0.04660924896597862,-0.48126906156539917,0.36931079626083374,0.39157360792160034,-1.243645429611206,0.31904953718185425,0.7845367789268494,-0.6500079035758972,-0.25820624828338623,-0.36714598536491394,0.4108777642250061,-0.010554537177085876,-0.21958109736442566
salt_lake_city,2016,-0.9244182705879211,-0.3310778737068176,0.11745602637529373,0.03607400506734848,-0.45115575194358826,0.3377074599266052,0.34088778495788574,-1.0316054821014404,0.2917814552783966,0.688153862953186,-0.5271689295768738,-0.2374422699213028,-0.3233676254749298,0.29874882102012634,-0.027449756860733032,-0.22791467607021332
salt_lake_city,2017,-0.9622824788093567,-0.3706924021244049,0.01305709034204483,0.10996992886066437,-0.3620309829711914,0.23749786615371704,0.32256239652633667,-1.0110307931900024,0.2619989514350891,0.5292325019836426,-0.5337054133415222,-0.10865207761526108,-0.20434211194515228,0.346347838640213,0.02960972860455513,-0.20542055368423462
salt_lake_city,2018,-0.6991675496101379,-0.24479106068611145,0.07941824942827225,0.01618792861700058,-0.3326331377029419,0.23596137762069702,0.23385268449783325,-0.7807420492172241,0.1941744089126587,0.5112412571907043,-0.3647298216819763,-0.1574728935956955,-0.23421525955200195,0.20208168029785156,0.024627182632684708,-0.16827714443206787
salt_lake_city,2019,-1.3609338998794556,-0.5316618084907532,-0.028877973556518555,0.1920534372329712,-0.4426543712615967,0.27046436071395874,0.4626297950744629,-1.3782867193222046,0.37606173753738403,0.6752502918243408,-0.7829185128211975,-0.0793689712882042,-0.23708289861679077,0.5604434013366699,-6.237626075744629e-05,-0.2573547661304474
salt_lake_city,2020,-1.0391631126403809,-0.3893720507621765,0.011835537850856781,0.11802566051483154,-0.3901481628417969,0.27089864015579224,0.36002808809280396,-1.083971619606018,0.27960073947906494,0.5797017812728882,-0.5824283957481384,-0.14290691912174225,-0.23578089475631714,0.40555793046951294,0.036431632936000824,-0.2086077630519867
salt_lake_city,2021,-1.020169973373413,-0.33365553617477417,0.14634788036346436,0.021782204508781433,-0.43101179599761963,0.3402245342731476,0.3477298617362976,-1.2029023170471191,0.2713395953178406,0.7515144348144531,-0.612925112247467,-0.23616302013397217,-0.36716535687446594,0.40049004554748535,0.024154454469680786,-0.1722024530172348
salt_lake_city,2022,-0.2659304738044739,0.011298459023237228,0.23825335502624512,-0.1648012399673462,-0.2611742615699768,0.2435894012451172,0.046725694090127945,-0.4552422761917114,0.0651225596666336,0.5405861735343933,-0.11321555078029633,-0.25195592641830444,-0.3330979347229004,0.018518902361392975,0.0066414326429367065,-0.0799596831202507
salt_lake_city,2023,-1.1210825443267822,-0.42724180221557617,-0.035154469311237335,0.1627255380153656,-0.33219030499458313,0.22525262832641602,0.38149434328079224,-1.1564557552337646,0.2564640939235687,0.5246798992156982,-0.6499257683753967,-0.08242081850767136,-0.1871040165424347,0.4891824722290039,0.08268357813358307,-0.16812069714069366
san_antonio,2013,-0.8940147161483765,-0.3747130334377289,-0.028547219932079315,0.1317477971315384,-0.3420594334602356,0.18676656484603882,0.2965185046195984,-0.8739080429077148,0.27420806884765625,0.4403727352619171,-0.45553427934646606,-0.04371689260005951,-0.14031757414340973,0.2731340825557709,-0.0008675828576087952,-0.23599740862846375
san_antonio,2014,-1.3313384056091309,-0.5210625529289246,-0.19551879167556763,0.30511218309402466,-0.245273157954216,0.07228659093379974,0.391868531703949,-1.1777230501174927,0.22102342545986176,0.3154211938381195,-0.736086905002594,0.12118507921695709,-0.007528424263000488,0.6915140151977539,0.15520460903644562,-0.1781456470489502
san_antonio,2015,-0.8876211047172546,-0.34613779187202454,-0.07527707517147064,0.1720225214958191,-0.29716911911964417,0.15934686362743378,0.2923435866832733,-0.7822118401527405,0.23116570711135864,0.36181640625,-0.4307461380958557,-0.01969067007303238,-0.09277806431055069,0.35692715644836426,0.06652382761240005,-0.20112600922584534
san_antonio,2016,-0.9124833941459656,-0.36831027269363403,-0.10211540758609772,0.19569933414459229,-0.27336081862449646,0.1275688111782074,0.2977427840232849,-0.7885046005249023,0.22736862301826477,0.32190507650375366,-0.448594331741333,0.018384084105491638,-0.05539533495903015,0.3717538118362427,0.06600294262170792,-0.20319029688835144
san_antonio,2017,-0.8206727504730225,-0.3777618408203125,-0.14963838458061218,0.21006855368614197,-0.23390573263168335,0.059496402740478516,0.25730592012405396,-0.6756311655044556,0.21245381236076355,0.2080414742231369,-0.38908785581588745,0.09557698667049408,0.029249049723148346,0.28090596199035645,0.05206040292978287,-0.2220286726951599
san_antonio,2018,-0.5587769150733948,-0.28702881932258606,-0.04505322128534317,0.10639654099941254,-0.28004178404808044,0.12677869200706482,0.1948370486497879,-0.47003883123397827,0.20612943172454834,0.2573188841342926,-0.21926499903202057,-0.036748260259628296,-0.04254121705889702,0.08046720176935196,-0.01872394233942032,-0.23559561371803284
san_antonio,2019,-0.9828481078147888,-0.47248148918151855,-0.24477624893188477,0.3060121536254883,-0.1832902729511261,-0.020623095333576202,0.29494619369506836,-0.7739006280899048,0.22088968753814697,0.1262837052345276,-0.5084215998649597,0.213772252202034,0.12482228875160217,0.39968442916870117,0.05578959733247757,-0.2457442581653595
san_antonio,2020,-0.6720784306526184,-0.3481822609901428,-0.05041063576936722,0.13037019968032837,-0.31626471877098083,0.11483119428157806,0.23613853752613068,-0.5646221041679382,0.2611177861690521,0.2958361506462097,-0.28980565071105957,-0.00012129079550504684,-0.028609193861484528,0.09758803993463516,-0.06835205852985382,-0.28413307666778564
san_antonio,2021,-0.39309144020080566,-0.25482964515686035,0.04266726225614548,0.02796049416065216,-0.3662629723548889,0.17570754885673523,0.17477163672447205,-0.3107597231864929,0.2545802891254425,0.33739835023880005,-0.10463553667068481,-0.11738710850477219,-0.09123457223176956,-0.12823644280433655,-0.1593930423259735,-0.3222673833370209
san_antonio,2022,-0.4302299916744232,-0.2584303617477417,-0.04744821786880493,0.0948886126279831,-0.2602449655532837,0.10701224952936172,0.1570848971605301,-0.314955472946167,0.19197729229927063,0.20098868012428284,-0.13574127852916718,-0.03473180532455444,-0.014357425272464752,0.0004156753420829773,-0.043166399002075195,-0.2498546987771988
san_antonio,2023,-0.5864909887313843,-0.29358306527137756,-0.036690741777420044,0.0978245735168457,-0.31429070234298706,0.14461436867713928,0.21396219730377197,-0.48470956087112427,0.23304474353790283,0.30117180943489075,-0.2248227447271347,-0.04355352744460106,-0.06427640467882156,0.0636492446064949,-0.052022457122802734,-0.2606982886791229
st_louis,2013,-0.5869031548500061,-0.18664388358592987,0.22263535857200623,-0.08762992173433304,-0.4190579056739807,0.322652131319046,0.22744742035865784,-0.7524988651275635,0.2059251368045807,0.6658989787101746,-0.3291817903518677,-0.27564847469329834,-0.3439505398273468,0.10145290940999985,-0.06294125318527222,-0.18509915471076965
st_louis,2014,-1.2846671342849731,-0.48040443658828735,0.12201518565416336,0.07377681136131287,-0.5636368989944458,0.3958112597465515,0.469374418258667,-1.43423593044281,0.4040220081806183,0.8723662495613098,-0.7711432576179504,-0.26757413148880005,-0.3788105547428131,0.44896042346954346,-0.06810060143470764,-0.2926212549209595
st_louis,2015,-1.739044427871704,-0.6203035116195679,0.04085608571767807,0.20460283756256104,-0.5494940876960754,0.4138692617416382,0.6001309156417847,-1.8688901662826538,0.4367011487483978,0.946719765663147,-1.0885282754898071,-0.1954137533903122,-0.40615251660346985,0.8303561210632324,0.04211942106485367,-0.2302553653717041
st_louis,2016,-1.3606688976287842,-0.4118443429470062,0.4547243118286133,-0.09136167913675308,-0.7313565611839294,0.6573827862739563,0.5387400984764099,-1.801713466644287,0.4683149456977844,1.357618808746338,-0.9311180710792542,-0.5435007214546204,-0.7311148047447205,0.5268871784210205,-0.16368119418621063,-0.27372774481773376
st_louis,2017,-1.4082732200622559,-0.5546849966049194,-0.03814832866191864,0.189641535282135,-0.41306114196777344,0.2416096031665802,0.4405689239501953,-1.4975171089172363,0.3479447066783905,0.6644392013549805,-0.8254594802856445,-0.05625190585851669,-0.211635559797287,0.5962213277816772,0.03759940713644028,-0.2330123633146286
st_louis,2018,-1.097463846206665,-0.4459019899368286,0.14283230900764465,0.03826070576906204,-0.5588113069534302,0.35447052121162415,0.4085662364959717,-1.2222973108291626,0.40702107548713684,0.8119721412658691,-0.6235517859458923,-0.24912862479686737,-0.32717791199684143,0.2785286009311676,-0.14166726171970367,-0.3289465606212616
st_louis,2019,-2.0234134197235107,-0.7541990280151367,0.004053555428981781,0.25205937027931213,-0.5847386121749878,0.392871230840683,0.6607508063316345,-2.1845903396606445,0.5201306343078613,1.0337796211242676,-1.2612866163253784,-0.12131298333406448,-0.40329933166503906,0.9361276626586914,0.00607716292142868,-0.28097155690193176
st_louis,2020,-0.43346107006073,-0.12185411155223846,0.48938870429992676,-0.2955965995788574,-0.5736404657363892,0.41295188665390015,0.17837998270988464,-0.7709652781486511,0.2592015564441681,0.9742964506149292,-0.2368478924036026,-0.4461041986942291,-0.4886414706707001,-0.10964877158403397,-0.25644832849502563,-0.25156739354133606
st_louis,2021,-1.6394667625427246,-0.6605945825576782,-0.12655356526374817,0.27798882126808167,-0.4012259840965271,0.20454490184783936,0.5215838551521301,-1.6470391750335693,0.36156967282295227,0.6274493932723999,-0.9761565327644348,0.020749971270561218,-0.15667931735515594,0.7561839818954468,0.06221422553062439,-0.2377985417842865
st_louis,2022,-1.3860198259353638,-0.5805312991142273,-0.21787232160568237,0.30818280577659607,-0.2678452730178833,0.05288536101579666,0.4052596688270569,-1.2722185850143433,0.26474079489707947,0.3366667330265045,-0.7673607468605042,0.1577715128660202,0.022186100482940674,0.6389716863632202,0.11455080658197403,-0.21957871317863464
st_louis,2023,-1.22969388961792,-0.49124398827552795,0.006655298173427582,0.14299461245536804,-0.4344164729118347,0.25367745757102966,0.40203481912612915,-1.3073910474777222,0.3465014398097992,0.6454509496688843,-0.7044523358345032,-0.09308130294084549,-0.2203112095594406,0.45088398456573486,-0.0038715973496437073,-0.25593507289886475
tampa,2013,-1.1624646186828613,-0.45357370376586914,-0.11696396768093109,0.21920084953308105,-0.3295195996761322,0.17992082238197327,0.37994900345802307,-1.0761311054229736,0.2780248820781708,0.4533805549144745,-0.6256073117256165,0.002195938490331173,-0.12512056529521942,0.5126893520355225,0.06781715154647827,-0.2188969999551773
tampa,2014,-1.505634069442749,-0.5547214150428772,-0.08914516121149063,0.2572506070137024,-0.37837594747543335,0.22026664018630981,0.47646281123161316,-1.4721277952194214,0.3279156982898712,0.5988907814025879,-0.8715396523475647,-0.0164775587618351,-0.19382603466510773,0.7456490993499756,0.10653217881917953,-0.2055158168077469
tampa,2015,-1.3306883573532104,-0.5011275410652161,-0.09752137213945389,0.2303895354270935,-0.37313342094421387,0.2298591434955597,0.43289947509765625,-1.2820703983306885,0.3164099454879761,0.5680947303771973,-0.7500514984130859,-0.024789590388536453,-0.19086726009845734,0.6189159750938416,0.06481698900461197,-0.22286543250083923
tampa,2016,-1.2507503032684326,-0.4708879888057709,-0.08579573035240173,0.2117665708065033,-0.35421714186668396,0.2297918200492859,0.41735005378723145,-1.2135071754455566,0.2847600281238556,0.5351372957229614,-0.7055074572563171,-0.053092531859874725,-0.18428513407707214,0.5864244699478149,0.08609656244516373,-0.19469024240970612
tampa,2017,-1.416995644569397,-0.5450267791748047,-0.09529192745685577,0.23658901453018188,-0.40644389390945435,0.2509690523147583,0.4695517420768738,-1.3902984857559204,0.3451867401599884,0.6175093650817871,-0.8201689124107361,-0.030741192400455475,-0.21000567078590393,0.6391225457191467,0.046676330268383026,-0.23986020684242249
tampa,2018,-0.9290507435798645,-0.3666929304599762,0.0746665969491005,0.06362058967351913,-0.47803446650505066,0.3163866400718689,0.3531012535095215,-0.9620435833930969,0.34275099635124207,0.6502078771591187,-0.49746137857437134,-0.20363931357860565,-0.28708407282829285,0.22917121648788452,-0.08796896040439606,-0.29360049962997437
tampa,2019,-1.078874945640564,-0.46895432472229004,-0.19163978099822998,0.26203256845474243,-0.23080959916114807,0.07340776175260544,0.33031177520751953,-0.9683970808982849,0.22529149055480957,0.26463446021080017,-0.5798256993293762,0.12829001247882843,0.006060764193534851,0.44996869564056396,0.08975471556186676,-0.197960764169693
tampa,2020,-0.39832237362861633,-0.18908679485321045,0.17190638184547424,-0.05001554638147354,-0.42429450154304504,0.30542707443237305,0.19520723819732666,-0.43974655866622925,0.26549777388572693,0.5433485507965088,-0.14598064124584198,-0.25750601291656494,-0.2714882791042328,-0.10821721702814102,-0.1819872409105301,-0.2915164828300476
tampa,2021,-1.3654805421829224,-0.5775848031044006,-0.26569700241088867,0.3391582667827606,-0.23208242654800415,0.024369090795516968,0.4029694199562073,-1.1899712085723877,0.24550864100456238,0.26562732458114624,-0.754855215549469,0.20331719517707825,0.05400105565786362,0.6406382322311401,0.1088145300745964,-0.22751377522945404
tampa,2022,-1.0478942394256592,-0.42492687702178955,-0.0985737144947052,0.1859944760799408,-0.32316628098487854,0.1866474747657776,0.34820669889450073,-0.9939497113227844,0.2602592706680298,0.43423381447792053,-0.5584995150566101,-0.02051769196987152,-0.12859268486499786,0.4206801652908325,0.053285785019397736,-0.21071146428585052
tampa,2023,-1.2254024744033813,-0.5016905665397644,-0.061227746307849884,0.1809670329093933,-0.42152246832847595,0.2530730664730072,0.43211251497268677,-1.2095513343811035,0.33992066979408264,0.5892375707626343,-0.6949365735054016,-0.07045549154281616,-0.2020980715751648,0.46018660068511963,-0.012436777353286743,-0.264970600605011
