{
  "train_means": {
    "gdp_millions": 203595.1607142857,
    "unemployment_rate": 4.901190476190477,
    "employment_thousands": 1592.7273809523806,
    "total_permits": 23966.87012987013,
    "modis_red_mean": 0.28942391959329444,
    "modis_red_std": 0.21268015993492945,
    "modis_green_mean": 0.30051385416161447,
    "modis_green_std": 0.20696034357838688,
    "modis_blue_mean": 0.299332170968964,
    "modis_blue_std": 0.20217962749302387,
    "modis_brightness_mean": 0.2964233146714313,
    "modis_brightness_std": 0.20652262684667394,
    "modis_ndvi_proxy_mean": 0.04723187021001996,
    "modis_dark_frac": 0.36608056795029414,
    "viirs_mean": 0.06624034277739979,
    "viirs_std": 0.049207616020880994,
    "viirs_median": 0.05361276465867247,
    "viirs_p90": 0.13312593457244695,
    "viirs_max": 0.29323743283748627,
    "viirs_lit_frac": 0.5873533998216901,
    "viirs_bright_frac": 0.09805130958557129,
    "viirs_gini": 0.3875639871531803,
    "modis_brightness_mean_delta": 0.013025931588241032,
    "modis_ndvi_proxy_mean_delta": -0.004698995075055531,
    "modis_dark_frac_delta": 0.0038707869393484933,
    "viirs_mean_delta": 0.035728828396115984,
    "viirs_lit_frac_delta": -0.16352019991193498,
    "viirs_bright_frac_delta": -0.01755108152117048,
    "modis_brightness_mean_growth": 16.55796135354951,
    "viirs_mean_growth": Infinity,
    "viirs_mean_lag1": 0.04375958293676376,
    "viirs_lit_frac_lag1": 0.6691134997776577,
    "modis_brightness_mean_lag1": 0.2872390975909574,
    "gdp_millions_growth": 3.790654307396287,
    "employment_thousands_growth": 2.9493934381460853,
    "total_permits_growth": 10.852504215635628,
    "gdp_millions_lag1": 199867.16142857145,
    "employment_thousands_lag1": 1570.0199999999998,
    "unemployment_rate_lag1": 5.1642857142857155,
    "total_permits_lag1": 23008.265625,
    "gdp_per_employee": 124.18865443079656,
    "permits_per_1k_emp": 15.104379020319032
  },
  "train_stds": {
    "gdp_millions": 129573.62217002164,
    "unemployment_rate": 1.421054592917803,
    "employment_thousands": 879.705138079881,
    "total_permits": 14764.916662882295,
    "modis_red_mean": 0.14691633478570762,
    "modis_red_std": 0.06994142539747397,
    "modis_green_mean": 0.1469846823389129,
    "modis_green_std": 0.0739755987421769,
    "modis_blue_mean": 0.1513546853845776,
    "modis_blue_std": 0.07465010420673512,
    "modis_brightness_mean": 0.1456966682480515,
    "modis_brightness_std": 0.07309316549738616,
    "modis_ndvi_proxy_mean": 0.054208126226558524,
    "modis_dark_frac": 0.21168627647316035,
    "viirs_mean": 0.11453549173712392,
    "viirs_std": 0.0801316766954216,
    "viirs_median": 0.10259813960113316,
    "viirs_p90": 0.22488747382276703,
    "viirs_max": 0.42741735484476095,
    "viirs_lit_frac": 0.23928177583959176,
    "viirs_bright_frac": 0.14264687689982714,
    "viirs_gini": 0.1095406255695547,
    "modis_brightness_mean_delta": 0.14323719183934872,
    "modis_ndvi_proxy_mean_delta": 0.047985666561219505,
    "modis_dark_frac_delta": 0.26644318749883417,
    "viirs_mean_delta": 0.1201208194357135,
    "viirs_lit_frac_delta": 0.3673358935502088,
    "viirs_bright_frac_delta": 0.1889594351521974,
    "modis_brightness_mean_growth": 58.0891524924632,
    "viirs_mean_growth": NaN,
    "viirs_mean_lag1": 0.09590473065442752,
    "viirs_lit_frac_lag1": 0.17976013852072348,
    "modis_brightness_mean_lag1": 0.14177453312050484,
    "gdp_millions_growth": 1.5725423607116062,
    "employment_thousands_growth": 0.9749781154444183,
    "total_permits_growth": 16.665739070105438,
    "gdp_millions_lag1": 127462.89210646992,
    "employment_thousands_lag1": 869.6489699289885,
    "unemployment_rate_lag1": 1.3991752968756856,
    "total_permits_lag1": 14355.220382491894,
    "gdp_per_employee": 14.099263445671237,
    "permits_per_1k_emp": 4.263302944232133
  },
  "viirs_min": 11.0,
  "viirs_max": 218.0,
  "train_years": [
    2013,
    2014,
    2015,
    2016,
    2017,
    2018
  ],
  "val_years": [
    2019,
    2020
  ],
  "test_years": [
    2021,
    2022,
    2023
  ]
}