{
  "train_means": {
    "gdp_millions": 204617.87333333338,
    "employment_thousands": 1631.4566666666665,
    "unemployment_rate": 4.5633333333333335,
    "total_permits": 26100.533333333333,
    "modis_red_mean": 0.3127518191933632,
    "modis_red_std": 0.20504975244402884,
    "modis_green_mean": 0.3270003393292427,
    "modis_green_std": 0.19966108053922654,
    "modis_blue_mean": 0.314068723966678,
    "modis_blue_std": 0.19845385315517586,
    "modis_brightness_mean": 0.3179402862985929,
    "modis_brightness_std": 0.20025113920370738,
    "modis_ndvi_proxy_mean": 0.04891012809239328,
    "modis_dark_frac": 0.3449366251627604,
    "viirs_mean": 0.06884317720929782,
    "viirs_std": 0.05215519244472186,
    "viirs_median": 0.05611039474606514,
    "viirs_p90": 0.14236146489779167,
    "viirs_max": 0.29984965523084006,
    "viirs_lit_frac": 0.5849767684936523,
    "viirs_bright_frac": 0.11065006256103516,
    "viirs_gini": 0.3814905832825689,
    "modis_brightness_mean_delta": 0.018306939601898192,
    "modis_ndvi_proxy_mean_delta": -0.006313232630491257,
    "modis_dark_frac_delta": 0.008568344116210937,
    "viirs_mean_delta": 0.03275522619485855,
    "viirs_lit_frac_delta": -0.23280677795410157,
    "viirs_bright_frac_delta": -0.05328102111816406,
    "modis_brightness_mean_growth": 23.872504534612855,
    "viirs_mean_growth": Infinity,
    "viirs_mean_lag1": 0.049856586456298826,
    "viirs_lit_frac_lag1": 0.7013801574707031,
    "modis_brightness_mean_lag1": 0.2993644863367081,
    "gdp_millions_growth": 4.193421325936095,
    "employment_thousands_growth": 3.1427219823716244,
    "total_permits_growth": 11.992689900254668,
    "gdp_millions_lag1": 200393.63600000003,
    "employment_thousands_lag1": 1605.968,
    "unemployment_rate_lag1": 4.796,
    "total_permits_lag1": 24925.44,
    "gdp_per_employee": 123.09805263604977,
    "permits_per_1k_emp": 16.96801741769546
  },
  "train_stds": {
    "gdp_millions": 142352.02376336686,
    "employment_thousands": 1051.8406089698958,
    "unemployment_rate": 1.2138520427173962,
    "total_permits": 15846.579895845105,
    "modis_red_mean": 0.1761512376935988,
    "modis_red_std": 0.06899343541201039,
    "modis_green_mean": 0.17672849858375,
    "modis_green_std": 0.0717556339433234,
    "modis_blue_mean": 0.18030280878993682,
    "modis_blue_std": 0.07310208249897741,
    "modis_brightness_mean": 0.17550257454370924,
    "modis_brightness_std": 0.07153614176432059,
    "modis_ndvi_proxy_mean": 0.05172003551521084,
    "modis_dark_frac": 0.23231420357227525,
    "viirs_mean": 0.1221453401476079,
    "viirs_std": 0.09104562884113936,
    "viirs_median": 0.10509227373742898,
    "viirs_p90": 0.262667177837266,
    "viirs_max": 0.44067789944448366,
    "viirs_lit_frac": 0.2677441514807378,
    "viirs_bright_frac": 0.144917287641768,
    "viirs_gini": 0.12027492333900121,
    "modis_brightness_mean_delta": 0.184005862073714,
    "modis_ndvi_proxy_mean_delta": 0.04789025374687314,
    "modis_dark_frac_delta": 0.32478162261248766,
    "viirs_mean_delta": 0.13027716170527767,
    "viirs_lit_frac_delta": 0.4185502106912747,
    "viirs_bright_frac_delta": 0.10553333891218072,
    "modis_brightness_mean_growth": 77.72190720784579,
    "viirs_mean_growth": NaN,
    "viirs_mean_lag1": 0.1082036268752577,
    "viirs_lit_frac_lag1": 0.19612613057233572,
    "modis_brightness_mean_lag1": 0.162805106216878,
    "gdp_millions_growth": 1.312695246039107,
    "employment_thousands_growth": 0.7061444608904145,
    "total_permits_growth": 11.438446065858225,
    "gdp_millions_lag1": 139861.69252388494,
    "employment_thousands_lag1": 1040.4967382297104,
    "unemployment_rate_lag1": 1.1823282116231515,
    "total_permits_lag1": 15295.607842013558,
    "gdp_per_employee": 11.0632238350081,
    "permits_per_1k_emp": 4.525326256038791
  },
  "viirs_min": 12.0,
  "viirs_max": 206.0,
  "train_years": [
    2013,
    2014,
    2015,
    2016,
    2017,
    2018
  ],
  "val_years": [
    2019,
    2020
  ],
  "test_years": [
    2021,
    2022,
    2023
  ]
}