{
  "train_means": {
    "gdp_millions": 203595.1607142857,
    "unemployment_rate": 4.901190476190477,
    "employment_thousands": 1592.7273809523806,
    "total_permits": 23966.87012987013,
    "modis_red_mean": 0.2441385824765478,
    "modis_red_std": 0.1570306493945065,
    "modis_green_mean": 0.26192235609605197,
    "modis_green_std": 0.1491540851781056,
    "modis_blue_mean": 0.25781274267605375,
    "modis_blue_std": 0.14685963626418794,
    "modis_brightness_mean": 0.2546245613623233,
    "modis_brightness_std": 0.15022155527202857,
    "modis_ndvi_proxy_mean": 0.06919869818236857,
    "modis_dark_frac": 0.32558763594854445,
    "viirs_mean": 0.06624034375307106,
    "viirs_std": 0.04920761553304536,
    "viirs_median": 0.05361276465867247,
    "viirs_p90": 0.13312593457244692,
    "viirs_max": 0.29323743283748627,
    "viirs_lit_frac": 0.5873533998216901,
    "viirs_bright_frac": 0.09805130958557129,
    "viirs_gini": 0.3875640027515009,
    "modis_brightness_mean_delta": 0.0008581027388572693,
    "modis_ndvi_proxy_mean_delta": -0.002002329538975443,
    "modis_dark_frac_delta": 0.00330047607421875,
    "viirs_mean_delta": 0.03572882871542658,
    "viirs_lit_frac_delta": -0.16352019991193498,
    "viirs_bright_frac_delta": -0.01755108152117048,
    "modis_brightness_mean_growth": 3.5319890787450987,
    "viirs_mean_growth": Infinity,
    "viirs_mean_lag1": 0.04375958378825869,
    "viirs_lit_frac_lag1": 0.6691134997776577,
    "modis_brightness_mean_lag1": 0.2537086786968367,
    "gdp_millions_growth": 3.790654307396287,
    "employment_thousands_growth": 2.9493934381460853,
    "total_permits_growth": 10.852504215635628,
    "gdp_millions_lag1": 199867.16142857145,
    "employment_thousands_lag1": 1570.0199999999998,
    "unemployment_rate_lag1": 5.1642857142857155,
    "total_permits_lag1": 23008.265625,
    "gdp_per_employee": 124.18865443079656,
    "permits_per_1k_emp": 15.104379020319032
  },
  "train_stds": {
    "gdp_millions": 129573.62217002164,
    "unemployment_rate": 1.421054592917803,
    "employment_thousands": 879.705138079881,
    "total_permits": 14764.916662882295,
    "modis_red_mean": 0.08820102428332265,
    "modis_red_std": 0.0540211191962033,
    "modis_green_mean": 0.09005773862412372,
    "modis_green_std": 0.05598414831826073,
    "modis_blue_mean": 0.08508591402540983,
    "modis_blue_std": 0.05721775779174437,
    "modis_brightness_mean": 0.08097522230674888,
    "modis_brightness_std": 0.055849021437932175,
    "modis_ndvi_proxy_mean": 0.05823882775653869,
    "modis_dark_frac": 0.23683459151292283,
    "viirs_mean": 0.11453549656062048,
    "viirs_std": 0.08013167584524988,
    "viirs_median": 0.10259813960113316,
    "viirs_p90": 0.224887473822767,
    "viirs_max": 0.42741735484476095,
    "viirs_lit_frac": 0.23928177583959176,
    "viirs_bright_frac": 0.14264687689982714,
    "viirs_gini": 0.10954065193235436,
    "modis_brightness_mean_delta": 0.06844743906202883,
    "modis_ndvi_proxy_mean_delta": 0.049930178491475706,
    "modis_dark_frac_delta": 0.23593673009760976,
    "viirs_mean_delta": 0.1201208236628703,
    "viirs_lit_frac_delta": 0.3673358935502088,
    "viirs_bright_frac_delta": 0.1889594351521974,
    "modis_brightness_mean_growth": 27.1064433789095,
    "viirs_mean_growth": NaN,
    "viirs_mean_lag1": 0.09590473458753307,
    "viirs_lit_frac_lag1": 0.17976013852072348,
    "modis_brightness_mean_lag1": 0.07808800765976912,
    "gdp_millions_growth": 1.5725423607116062,
    "employment_thousands_growth": 0.9749781154444183,
    "total_permits_growth": 16.665739070105438,
    "gdp_millions_lag1": 127462.89210646992,
    "employment_thousands_lag1": 869.6489699289885,
    "unemployment_rate_lag1": 1.3991752968756856,
    "total_permits_lag1": 14355.220382491894,
    "gdp_per_employee": 14.099263445671237,
    "permits_per_1k_emp": 4.263302944232133
  },
  "viirs_min": 11.0,
  "viirs_max": 218.0,
  "train_years": [
    2013,
    2014,
    2015,
    2016,
    2017,
    2018
  ],
  "val_years": [
    2019
  ],
  "test_years": [
    2021,
    2022,
    2023
  ]
}