year,metro,gdp_millions,unemployment_rate,employment_thousands,total_permits,interpolated,modis_red_mean,modis_red_std,modis_green_mean,modis_green_std,modis_blue_mean,modis_blue_std,modis_brightness_mean,modis_brightness_std,modis_ndvi_proxy_mean,modis_dark_frac,viirs_available,viirs_mean,viirs_std,viirs_median,viirs_p90,viirs_max,viirs_lit_frac,viirs_bright_frac,viirs_gini,modis_brightness_mean_delta,modis_ndvi_proxy_mean_delta,modis_dark_frac_delta,viirs_mean_delta,viirs_lit_frac_delta,viirs_bright_frac_delta,modis_brightness_mean_growth,viirs_mean_growth,viirs_mean_lag1,viirs_lit_frac_lag1,modis_brightness_mean_lag1,gdp_millions_growth,employment_thousands_growth,total_permits_growth,gdp_millions_lag1,employment_thousands_lag1,unemployment_rate_lag1,total_permits_lag1,gdp_per_employee,permits_per_1k_emp,split
2013,atlanta,328009.7,7.7,2578.8,24297,False,0.1381942480802536,0.10846683382987976,0.15554407238960266,0.10700661689043045,0.20552320778369904,0.10255402326583862,0.16642051935195923,0.10580208897590637,0.07988767325878143,0.592808723449707,False,0.0,0.0,0.0,0.0,0.0,,,,,,,,,,,,,,,,,,,,,,127.19470296261827,9.421824104234528,train
2014,atlanta,343124.6,6.8,2622.2,26683,False,0.1654404252767563,0.15870817005634308,0.18072818219661713,0.15728026628494263,0.22833949327468872,0.14889805018901825,0.19150269031524658,0.15481466054916382,0.0754072368144989,0.5171957015991211,False,0.0,0.0,0.0,0.0,0.0,,,,0.025082170963287354,-0.004480436444282532,-0.07561302185058594,0.0,,,15.071561524358422,,0.0,,0.16642051935195923,4.608064944420831,1.6829533116177853,9.820142404412069,328009.7,2578.8,7.7,24297.0,130.85371062466632,10.17580657463199,train
2015,atlanta,361249.2,5.8,2660.1,30342,False,0.2167252153158188,0.2271500825881958,0.23619602620601654,0.22230574488639832,0.2784539759159088,0.20902150869369507,0.24379172921180725,0.21929611265659332,0.11054659634828568,0.49066925048828125,False,0.0,0.0,0.0,0.0,0.0,,,,0.05228903889656067,0.035139359533786774,-0.026526451110839844,0.0,,,27.30459755446979,,0.0,,0.19150269031524658,5.28222109402825,1.445351231790104,13.712850878836713,343124.6,2622.2,6.8,26683.0,135.80286455396416,11.40633810758994,train
2016,atlanta,380373.0,5.2,2788.8,36357,False,0.24432189762592316,0.12860256433486938,0.2631078064441681,0.1259099692106247,0.28837817907333374,0.12086208164691925,0.26526936888694763,0.1249963566660881,0.04500608518719673,0.05576515197753906,False,0.0,0.0,0.0,0.0,0.0,,,,0.02147763967514038,-0.06554051116108894,-0.4349040985107422,0.0,,,8.809831139300272,,0.0,,0.24379172921180725,5.2937971904159165,4.838163978797794,19.824006327862364,361249.2,2660.1,5.8,30342.0,136.3930722891566,13.036790017211704,train
2017,atlanta,398606.4,4.6,2922.4,33832,False,0.16008055210113525,0.13827373087406158,0.17851141095161438,0.13750059902668,0.22015276551246643,0.1331532895565033,0.18624821305274963,0.13611842691898346,0.08138921111822128,0.5619306564331055,True,0.14739610254764557,0.09085535258054733,0.12747524678707123,0.2586633563041687,0.817141056060791,0.6632041931152344,0.008501052856445312,0.32319385561160674,-0.079021155834198,0.03638312593102455,0.5061655044555664,0.14739610254764557,,,-29.78902395167804,inf,0.0,,0.26526936888694763,4.79355790237479,4.790590935169248,-6.945017465687487,380373.0,2788.8,5.2,36357.0,136.39693402682727,11.576786203120722,train
2018,atlanta,413426.3,3.8,2965.7,39441,False,0.2236061841249466,0.2637387216091156,0.24440041184425354,0.2565441429615021,0.2950282692909241,0.23450607061386108,0.2543448805809021,0.2514669895172119,0.10920394957065582,0.6048059463500977,True,0.11977332085371017,0.12251749634742737,0.06961634010076523,0.2970297038555145,0.8635519742965698,0.3700981140136719,0.020020484924316406,0.492865595221472,0.06809666752815247,0.02781473845243454,0.04287528991699219,-0.027622781693935394,-0.2931060791015625,0.011519432067871094,36.56231993424064,-18.740510241786325,0.14739610254764557,0.6632041931152344,0.18624821305274963,3.717928262065029,1.481658910484529,16.57897848191061,398606.4,2922.4,4.6,33832.0,139.40260309539065,13.299052500252893,train
2019,atlanta,430131.0,3.4,3005.5,32836,False,0.2165343016386032,0.1524626761674881,0.23403966426849365,0.15031194686889648,0.26762980222702026,0.14373059570789337,0.23940135538578033,0.14865340292453766,0.05232704058289528,0.2005462646484375,True,0.3744029402732849,0.0896025225520134,0.3681930601596832,0.48174503445625305,0.9953588843345642,0.9999837875366211,0.07306385040283203,0.1302219881088289,-0.014943525195121765,-0.056876908987760544,-0.40425968170166016,0.25462961941957474,0.6298856735229492,0.053043365478515625,-5.875300167627529,212.59293606009018,0.11977332085371017,0.3700981140136719,0.2543448805809021,4.04055087932238,1.3420103179687892,-16.74653279582161,413426.3,2965.7,3.8,39441.0,143.11462319081684,10.925303610048244,val
2021,atlanta,445869.9,3.9,3009.7,39466,False,0.1822381615638733,0.20145563781261444,0.2007419764995575,0.19757728278636932,0.2581355571746826,0.1841317117214203,0.21370522677898407,0.19413970410823822,0.11324650049209595,0.545374870300293,True,0.15501117706298828,0.12821191549301147,0.09746287018060684,0.3756188154220581,0.9805074334144592,0.48824214935302734,0.010098457336425781,0.42649338356597255,-0.02239951491355896,0.05593080073595047,0.2277069091796875,0.06134095788002014,0.19050979614257812,0.00733184814453125,-9.487109302839725,65.48608342658137,0.09367021918296814,0.2977323532104492,0.23610474169254303,3.659094554914666,0.1397438030277698,20.191253502253616,430131.0,3005.5,3.4,32836.0,148.14430009635512,13.112934844004387,test
2022,atlanta,465763.0,3.0,3098.5,48501,False,0.17162711918354034,0.1442895084619522,0.18993420898914337,0.142329141497612,0.23786701261997223,0.13525424897670746,0.19980941712856293,0.14044854044914246,0.07591529935598373,0.48268985748291016,True,0.503134548664093,0.1270182728767395,0.4866955578327179,0.6800742149353027,0.999690592288971,1.0,0.4516735076904297,0.1386766427277515,-0.013895809650421143,-0.03733120113611221,-0.06268501281738281,0.34812337160110474,0.5117578506469727,0.4415750503540039,-6.502325591124791,224.57952916494915,0.15501117706298828,0.48824214935302734,0.21370522677898407,4.461637800623008,2.950460178755354,22.893123194648556,445869.9,3009.7,3.9,39466.0,150.31886396643537,15.65305793125706,test
2023,atlanta,472033.3,3.2,3161.9,38639,False,0.1624651849269867,0.1873132288455963,0.1829141527414322,0.18509116768836975,0.23237717151641846,0.17428544163703918,0.1925855278968811,0.1821070909500122,0.11805868148803711,0.6390447616577148,True,0.15720690786838531,0.1277209371328354,0.11850247532129288,0.3285891115665436,1.0,0.6078863143920898,0.02969646453857422,0.39435543425532105,-0.007223889231681824,0.042143382132053375,0.1563549041748047,-0.3459276407957077,-0.39211368560791016,-0.42197704315185547,-3.615389772662103,-68.75449950996287,0.503134548664093,1.0,0.19980941712856293,1.3462426169532637,2.046151363563009,-20.33360136904394,465763.0,3098.5,3.0,48501.0,149.28786489136277,12.220184066542268,test
2013,austin,113901.7,5.2,961.3,20852,False,0.2907046973705292,0.11221517622470856,0.29063305258750916,0.10556139051914215,0.17281748354434967,0.12014058232307434,0.2513850927352905,0.11037150025367737,0.006264562718570232,0.045139312744140625,False,0.0,0.0,0.0,0.0,0.0,,,,,,,,,,,,,,,,,,,,,,118.48715281389785,21.691459481951526,train
2014,austin,120357.5,4.3,999.1,20276,False,0.19885948300361633,0.08829941600561142,0.23725828528404236,0.08773026615381241,0.15562523901462555,0.09919938445091248,0.1972476691007614,0.09110281616449356,0.09877524524927139,0.35016632080078125,False,0.0,0.0,0.0,0.0,0.0,,,,-0.054137423634529114,0.09251068253070116,0.3050270080566406,0.0,,,-21.535653942509647,,0.0,,0.2513850927352905,5.667869750846566,3.932175179444508,-2.7623249568386687,113901.7,961.3,5.2,20852.0,120.46591932739466,20.29426483835452,train
2015,austin,129623.3,3.4,1032.2,22370,False,0.2569769024848938,0.07021394371986389,0.26864519715309143,0.05017068237066269,0.14957661926746368,0.041113998740911484,0.22506624460220337,0.051231395453214645,0.031313471496105194,0.040325164794921875,False,0.0,0.0,0.0,0.0,0.0,,,,0.027818575501441956,-0.0674617737531662,-0.3098411560058594,0.0,,,14.103373504115368,,0.0,,0.1972476691007614,7.698564692686372,3.3129816835151704,10.32748076543697,120357.5,999.1,4.3,20276.0,125.57963572950979,21.67215655880643,train
2016,austin,135022.5,3.3,1066.2,21861,False,0.22763776779174805,0.06941376626491547,0.20523422956466675,0.05322332680225372,0.11019094288349152,0.048594359308481216,0.18102096021175385,0.055162154138088226,-0.044221796095371246,0.2750511169433594,False,0.0,0.0,0.0,0.0,0.0,,,,-0.044045284390449524,-0.07553526759147644,0.2347259521484375,0.0,,,-19.56992016652609,,0.0,,0.22506624460220337,4.165300528531524,3.293935283859728,-2.2753687974966463,129623.3,1032.2,3.4,22370.0,126.63899831176138,20.50365785030951,train
2017,austin,141102.9,3.2,1104.7,26700,False,0.28499388694763184,0.09079978615045547,0.25590795278549194,0.07118859142065048,0.13895092904567719,0.06282017379999161,0.22661758959293365,0.07304385304450989,-0.045237962156534195,0.12520980834960938,True,0.19315843284130096,0.18506862223148346,0.12871286273002625,0.41707921028137207,1.0,0.6132125854492188,0.07608413696289062,0.4670614521102614,0.04559662938117981,-0.0010161660611629486,-0.14984130859375,0.19315843284130096,,,25.188591049258612,inf,0.0,,0.18102096021175385,4.503249458423597,3.610954792721821,22.135309455194175,135022.5,1066.2,3.3,21861.0,127.72960984882772,24.169457771340635,train
2018,austin,149306.1,3.0,1146.5,30035,False,0.19912290573120117,0.07510998100042343,0.21772441267967224,0.06578024476766586,0.11270508170127869,0.06618373095989227,0.17651745676994324,0.06713876873254776,0.05679278075695038,0.3357696533203125,True,0.12053357064723969,0.06972444802522659,0.10736385732889175,0.16646039485931396,1.0,0.6042289733886719,0.007808685302734375,0.21850794382542316,-0.05010013282299042,0.10203074291348457,0.21055984497070312,-0.07262486219406128,-0.008983612060546875,-0.06827545166015625,-22.107786475438107,-37.59859775510288,0.19315843284130096,0.6132125854492188,0.22661758959293365,5.813629627739769,3.7838327147641904,12.49063670411985,141102.9,1104.7,3.2,26700.0,130.22773658962058,26.197121674662014,train
2019,austin,159055.7,2.8,1186.9,32037,False,0.23523445427417755,0.0752892941236496,0.2488514930009842,0.05775612220168114,0.12119176983833313,0.04976453632116318,0.2017592340707779,0.05869574099779129,0.040049176663160324,0.15383529663085938,True,0.6360412240028381,0.15832625329494476,0.6327351331710815,0.8468440771102905,1.0,0.9999542236328125,0.7991676330566406,0.14123136542970172,0.025241777300834656,-0.016743604093790054,-0.18193435668945312,0.5155076533555984,0.3957252502441406,0.7913589477539062,14.299875923168592,427.6880296397359,0.12053357064723969,0.6042289733886719,0.17651745676994324,6.529940839657589,3.5237679895333773,6.66555685034127,149306.1,1146.5,3.0,30035.0,134.00935209368944,26.992164462043977,val
2021,austin,182249.0,4.1,1255.3,50907,False,0.3174460530281067,0.14428986608982086,0.31997019052505493,0.13840697705745697,0.21128961443901062,0.16074299812316895,0.28290194272994995,0.14596928656101227,0.00945255160331726,0.011325836181640625,True,0.22465704381465912,0.12266810238361359,0.23422029614448547,0.34189358353614807,1.0,0.7874908447265625,0.02045440673828125,0.28661670906828984,0.10674844682216644,-0.07537688314914703,-0.2774162292480469,0.13176806271076202,0.5815467834472656,0.01848602294921875,60.59967545466674,141.85542907761942,0.0928889811038971,0.20594406127929688,0.1761534959077835,14.581872891068958,5.7629117870081625,58.90064612791459,159055.7,1186.9,2.8,32037.0,145.1836214450729,40.55365251334342,test
2022,austin,198966.5,3.0,1351.6,42362,False,0.29478248953819275,0.09330552816390991,0.26633843779563904,0.07364405691623688,0.13877864181995392,0.06592681258916855,0.2332998663187027,0.0754995197057724,-0.041844889521598816,0.1086273193359375,True,0.30417680740356445,0.14353002607822418,0.26949256658554077,0.44306930899620056,1.0,0.9986343383789062,0.072723388671875,0.21880223873820182,-0.04960207641124725,-0.05129744112491608,0.09730148315429688,0.07951976358890533,0.21114349365234375,0.05226898193359375,-17.53331063498421,35.39606959953978,0.22465704381465912,0.7874908447265625,0.28290194272994995,9.172889837529974,7.671472954672187,-16.785510833480664,182249.0,1255.3,4.1,50907.0,147.20812370523825,31.34211305119858,test
2023,austin,209210.2,3.5,1406.6,38773,False,0.3679671585559845,0.09289070218801498,0.34118643403053284,0.07175736129283905,0.19626380503177643,0.06406044214963913,0.3018058240413666,0.07385608553886414,-0.03195478394627571,0.003795623779296875,True,0.257424920797348,0.09295592457056046,0.2534034848213196,0.351794570684433,1.0,0.991943359375,0.0264892578125,0.17928134875250623,0.06850595772266388,0.009890105575323105,-0.10483169555664062,-0.04675188660621643,-0.00669097900390625,-0.046234130859375,29.363907833997782,-15.369970842053283,0.30417680740356445,0.9986343383789062,0.2332998663187027,5.148454639348832,4.06925125776858,-8.472215664982762,198966.5,1351.6,3.0,42362.0,148.73467936869048,27.565050476325894,test
2013,boston,392748.5,6.0,2376.0,12021,False,0.6416081190109253,0.13115589320659637,0.5830293893814087,0.13029174506664276,0.48054492473602295,0.16584597527980804,0.5683940649032593,0.13893090188503265,-0.048809077590703964,0.002666473388671875,False,0.0,0.0,0.0,0.0,0.0,,,,,,,,,,,,,,,,,,,,,,165.29819023569024,5.059343434343434,train
2014,boston,400941.1,5.1,2442.2,12024,False,0.6755938529968262,0.09821467846632004,0.5963798761367798,0.07665392011404037,0.46523499488830566,0.07919622957706451,0.5790695548057556,0.081507109105587,-0.06070733442902565,0.000759124755859375,False,0.0,0.0,0.0,0.0,0.0,,,,0.010675489902496338,-0.011898256838321686,-0.0019073486328125,0.0,,,1.8781846190306872,,0.0,,0.5683940649032593,2.0859659553123633,2.786195286195281,0.02495632642876,392748.5,2376.0,6.0,12021.0,164.1720989271968,4.923429694537712,train
2015,boston,416957.5,4.3,2489.1,15036,False,0.44011539220809937,0.3325406312942505,0.39998695254325867,0.30025580525398254,0.3255305290222168,0.25531741976737976,0.3885442614555359,0.2939077317714691,-0.030589640140533447,0.3456306457519531,False,0.0,0.0,0.0,0.0,0.0,,,,-0.19052529335021973,0.030117694288492203,0.34487152099609375,0.0,,,-32.901970371094706,,0.0,,0.5790695548057556,3.994701466125572,1.9203996396691458,25.049900199600806,400941.1,2442.2,5.1,12024.0,167.51335824193484,6.040737616005785,train
2016,boston,424185.2,3.5,2545.1,13247,False,0.6062182784080505,0.1422053873538971,0.552523672580719,0.09128199517726898,0.4035587012767792,0.09720645844936371,0.5207667350769043,0.10930309444665909,-0.038302235305309296,0.0,False,0.0,0.0,0.0,0.0,0.0,,,,0.1322224736213684,-0.007712595164775848,-0.3456306457519531,0.0,,,34.03022171169028,,0.0,,0.3885442614555359,1.7334380602339605,2.2498091679723498,-11.898111199787175,416957.5,2489.1,4.3,15036.0,166.6674001021571,5.204903540135947,train
2017,boston,433844.4,3.4,2600.5,14757,False,0.49945637583732605,0.24932755529880524,0.4479479193687439,0.21525907516479492,0.3148377537727356,0.18276041746139526,0.42074739933013916,0.21317309141159058,-0.04462847858667374,0.15018844604492188,True,0.1419699341058731,0.04054791107773781,0.14077970385551453,0.19306930899620056,0.8715965151786804,0.8542633056640625,0.000244140625,0.15791100671350544,-0.10001933574676514,-0.006326243281364441,0.15018844604492188,0.1419699341058731,,,-19.206168330239983,inf,0.0,,0.5207667350769043,2.2771185793375226,2.1767317590664526,11.39880727711935,424185.2,2545.1,3.5,13247.0,166.8311478561815,5.674677946548741,train
2018,boston,451341.5,3.1,2678.5,14183,False,0.6680806279182434,0.20595642924308777,0.6146149039268494,0.19202002882957458,0.5274437069892883,0.1855887770652771,0.6033797860145569,0.19131124019622803,-0.038935016840696335,0.069061279296875,True,0.2689390778541565,0.06005934998393059,0.260519802570343,0.351794570684433,0.5405321717262268,1.0,0.00016021728515625,0.1268611655981764,0.18263238668441772,0.005693461745977402,-0.08112716674804688,0.1269691437482834,0.1457366943359375,-8.392333984375e-05,43.406658478503246,89.43382593500186,0.1419699341058731,0.8542633056640625,0.42074739933013916,4.033035807307872,2.9994231878484934,-3.889679474147867,433844.4,2600.5,3.4,14757.0,168.50532014187044,5.295127870076535,train
2019,boston,467439.9,2.7,2715.2,15088,False,0.6538852453231812,0.259265273809433,0.6001880764961243,0.24523945152759552,0.5164943933486938,0.23985427618026733,0.5901893377304077,0.24424433708190918,-0.03905005007982254,0.12082672119140625,True,0.2533603608608246,0.09060288965702057,0.24381189048290253,0.3097153306007385,1.0,0.9998435974121094,0.016368865966796875,0.14206364796226878,-0.01319044828414917,-0.00011503323912620544,0.05176544189453125,-0.01557871699333191,-0.000156402587890625,0.016208648681640625,-2.1860938317597056,-5.792656507054772,0.2689390778541565,1.0,0.6033797860145569,3.5667892272259527,1.3701698711965582,6.380878516533883,451341.5,2678.5,3.1,14183.0,172.15671037124338,5.556865055981143,val
2021,boston,497542.9,4.8,2573.3,16602,False,0.4653608500957489,0.3918161988258362,0.4406206011772156,0.3744140565395355,0.4082898497581482,0.3572100102901459,0.43809041380882263,0.3730185031890869,-0.018453851342201233,0.4066963195800781,True,0.2558651268482208,0.0897601991891861,0.24412129819393158,0.3762376308441162,0.7676361203193665,0.9900436401367188,0.0066680908203125,0.1972370809898807,-0.12144806981086731,0.03142625838518143,0.40662384033203125,0.0939544141292572,0.1306610107421875,0.00189208984375,-21.705043239423325,58.02853470995368,0.16191071271896362,0.8593826293945312,0.5595384836196899,6.43997228306783,-5.22613435474365,10.034464475079542,467439.9,2715.2,2.7,15088.0,193.34819103874403,6.451637974585163,test
2022,boston,507663.0,3.3,2642.3,13595,False,0.753237783908844,0.21884985268115997,0.7461923956871033,0.21578015387058258,0.7277743816375732,0.2274576872587204,0.7424015998840332,0.2198794037103653,-0.004045299254357815,0.0520172119140625,True,0.7453384399414062,0.1057407557964325,0.7490717768669128,0.8830445408821106,1.0,1.0,0.9958229064941406,0.0813591664806963,0.30431118607521057,0.014408552087843418,-0.3546791076660156,0.4894733130931854,0.00995635986328125,0.9891548156738281,69.46310087670813,191.30129968182064,0.2558651268482208,0.9900436401367188,0.43809041380882263,2.0340155592613263,2.681381883185008,-18.11227562944223,497542.9,2573.3,4.8,16602.0,192.1292056163191,5.145138704916171,test
2023,boston,514060.6,3.2,2679.2,10822,False,0.6020479202270508,0.1642337143421173,0.551800549030304,0.13379213213920593,0.4433988332748413,0.1294734627008438,0.5324158668518066,0.1407182365655899,-0.03835951164364815,0.0313720703125,True,0.2627292573451996,0.1350003480911255,0.228032186627388,0.4727723002433777,0.8595296740531921,0.9681777954101562,0.08103561401367188,0.27694766650694636,-0.20998573303222656,-0.03431421238929033,-0.0206451416015625,-0.48260918259620667,-0.03182220458984375,-0.9147872924804688,-28.28465524118312,-64.75034115161782,0.7453384399414062,1.0,0.7424015998840332,1.2602060815934957,1.3965106157514118,-20.397204854726002,507663.0,2642.3,3.3,13595.0,191.87093162137953,4.039265452373844,test
2013,charlotte,146142.4,7.7,1099.3,14009,False,0.27582988142967224,0.15737779438495636,0.3035460114479065,0.15133562684059143,0.32407721877098083,0.1446155160665512,0.3011510372161865,0.15087470412254333,0.06108278036117554,0.01880645751953125,False,0.0,0.0,0.0,0.0,0.0,,,,,,,,,,,,,,,,,,,,,,132.94132629855363,12.743564086236697,train
2014,charlotte,151014.5,6.0,1133.1,18537,False,0.2912670373916626,0.1064281165599823,0.3039460778236389,0.1025933250784874,0.3282075822353363,0.09952059388160706,0.30780693888664246,0.10268930345773697,0.026197493076324463,0.000621795654296875,False,0.0,0.0,0.0,0.0,0.0,,,,0.006655901670455933,-0.034885287284851074,-0.018184661865234375,0.0,,,2.2101539918250035,,0.0,,0.3011510372161865,3.3338031946922975,3.074683889748009,32.32207866371619,146142.4,1099.3,7.7,14009.0,133.2755273144471,16.359544612126026,train
2015,charlotte,157406.8,5.4,1168.8,19543,False,0.2270682454109192,0.1575755923986435,0.24571360647678375,0.15456506609916687,0.27305683493614197,0.15298938751220703,0.24861286580562592,0.15494921803474426,0.05669020116329193,0.2665748596191406,False,0.0,0.0,0.0,0.0,0.0,,,,-0.05919407308101654,0.030492708086967468,0.26595306396484375,0.0,,,-19.230909249520277,,0.0,,0.30780693888664246,4.232904787288638,3.1506486629600206,5.426983870097635,151014.5,1133.1,6.0,18537.0,134.6738535249829,16.720568104038332,train
2016,charlotte,162171.4,4.8,1206.6,20574,False,0.15871097147464752,0.12415336072444916,0.17940418422222137,0.12176492065191269,0.23168274760246277,0.1157965362071991,0.18993262946605682,0.12039437890052795,0.0861746221780777,0.5595779418945312,False,0.0,0.0,0.0,0.0,0.0,,,,-0.05868023633956909,0.029484421014785767,0.2930030822753906,0.0,,,-23.603056965461843,,0.0,,0.24861286580562592,3.026934033345441,3.234086242299794,5.275546231387196,157406.8,1168.8,5.4,19543.0,134.40361345930714,17.051218299353557,train
2017,charlotte,168119.9,4.3,1244.9,22869,False,0.19415339827537537,0.17770718038082123,0.2095436155796051,0.17422616481781006,0.24801629781723022,0.16356080770492554,0.21723772585391998,0.17173580825328827,0.06976170092821121,0.4866752624511719,True,0.15307728946208954,0.1831744909286499,0.0764232650399208,0.49381187558174133,0.9427599310874939,0.3943328857421875,0.09595489501953125,0.5692815484148925,0.02730509638786316,-0.016412921249866486,-0.07290267944335938,0.15307728946208954,,,14.376200900616132,inf,0.0,,0.18993262946605682,3.668032711069902,3.174208519807742,11.154855643044614,162171.4,1206.6,4.8,20574.0,135.0469113985059,18.370150212868502,train
2018,charlotte,171578.3,3.8,1274.0,26209,False,0.21987032890319824,0.12027312815189362,0.24060378968715668,0.11819101870059967,0.2797352075576782,0.1133427694439888,0.24673648178577423,0.11715244501829147,0.054317206144332886,0.03734588623046875,True,0.12141457945108414,0.09067254513502121,0.08879950642585754,0.26290222108364464,0.6175742149353027,0.42879486083984375,0.00066375732421875,0.37970370357202965,0.029498755931854248,-0.015444494783878326,-0.4493293762207031,-0.0316627100110054,0.03446197509765625,-0.0952911376953125,13.579020778228212,-20.684132912378782,0.15307728946208954,0.3943328857421875,0.21723772585391998,2.057103293542295,2.3375371515784282,14.604923695832795,168119.9,1244.9,4.3,22869.0,134.67684458398745,20.57221350078493,train
2019,charlotte,177466.7,3.6,1308.9,24637,False,0.3199382722377777,0.16288737952709198,0.3357698321342468,0.16038861870765686,0.359153151512146,0.15552926063537598,0.3382870852947235,0.15951797366142273,0.03405362367630005,0.10540771484375,True,0.5048915147781372,0.12800079584121704,0.5055692791938782,0.6723390817642212,0.9637994766235352,0.9999427795410156,0.5156021118164062,0.14426252013187812,0.09155060350894928,-0.020263582468032837,0.06806182861328125,0.38347693532705307,0.5711479187011719,0.5149383544921875,37.104607655238,315.8409287095125,0.12141457945108414,0.42879486083984375,0.24673648178577423,3.4319025191414276,2.739403453689171,-5.997939639055283,171578.3,1274.0,3.8,26209.0,135.58461303384522,18.82267552907021,val
2021,charlotte,191078.3,4.7,1306.0,30126,False,0.16939900815486908,0.1496729701757431,0.19203396141529083,0.1448328047990799,0.2638016939163208,0.1329309493303299,0.20841152966022491,0.1422841101884842,0.09263743460178375,0.477569580078125,True,0.19031137228012085,0.08131691068410873,0.19585396349430084,0.29300743341445923,0.5340346693992615,0.7990531921386719,2.288818359375e-05,0.24315250124591947,-0.1493649035692215,0.06486083939671516,0.45652008056640625,0.0778568685054779,0.4745521545410156,-0.02234649658203125,-41.74811130542854,69.23410436410964,0.11245450377464294,0.32450103759765625,0.3577764332294464,7.669945967327951,-0.22156008862403986,22.27949831554166,177466.7,1308.9,3.6,24637.0,146.30803981623276,23.067381316998468,test
2022,charlotte,199145.3,3.5,1388.0,27212,False,0.19404184818267822,0.11543645709753036,0.22217296063899994,0.1148085743188858,0.288784384727478,0.11323703080415726,0.23499973118305206,0.11428995430469513,0.0864441767334938,0.22752761840820312,True,0.4890189468860626,0.08659568428993225,0.47772279381752014,0.6014851331710815,0.9801980257034302,1.0,0.3850669860839844,0.09638356984798913,0.02658820152282715,-0.0061932578682899475,-0.2500419616699219,0.2987075746059418,0.20094680786132812,0.3850440979003906,12.757548282561014,156.9572911104186,0.19031137228012085,0.7990531921386719,0.20841152966022491,4.221829480375328,6.278713629402755,-9.67270795990175,191078.3,1306.0,4.7,30126.0,143.4764409221902,19.605187319884728,test
2023,charlotte,209323.6,3.3,1421.1,29419,False,0.4161086678504944,0.1600162833929062,0.4306040108203888,0.15273167192935944,0.4357629418373108,0.13279971480369568,0.42749181389808655,0.14823296666145325,0.025616567581892014,0.00433349609375,True,0.2900661528110504,0.12980976700782776,0.25371286273002625,0.4826732873916626,0.9656559228897095,0.9999923706054688,0.0866546630859375,0.23936185987248693,0.19249208271503448,-0.06082760915160179,-0.22319412231445312,-0.1989527940750122,-7.62939453125e-06,-0.2984123229980469,81.9116182584454,-40.68406660762095,0.4890189468860626,1.0,0.23499973118305206,5.1109918235579865,2.3847262247838508,8.110392473908568,199145.3,1388.0,3.5,27212.0,147.29688269650273,20.701569206952364,test
2013,chicago,623384.4,9.1,4412.7,11627,False,0.41604381799697876,0.16803058981895447,0.4306136965751648,0.16157391667366028,0.4435575604438782,0.1481671929359436,0.4300716817378998,0.1591513454914093,0.02189594693481922,0.000308990478515625,False,0.0,0.0,0.0,0.0,0.0,,,,,,,,,,,,,,,,,,,,,,141.27051465089403,2.6348947356493757,train
2014,chicago,637832.5,7.2,4491.6,15679,False,0.4212307929992676,0.31778058409690857,0.43781906366348267,0.3105168640613556,0.47710543870925903,0.2804242968559265,0.4453850984573364,0.302754670381546,0.06719271838665009,0.26033782958984375,False,0.0,0.0,0.0,0.0,0.0,,,,0.015313416719436646,0.045296771451830864,0.2600288391113281,0.0,,,3.5606661330399136,,0.0,,0.4300716817378998,2.317687128519741,1.7880209395608304,34.849918293626914,623384.4,4412.7,9.1,11627.0,142.00563273666398,3.4907382669872646,train
2015,chicago,653033.8,6.0,4557.7,15813,False,0.2077193409204483,0.30646324157714844,0.2138260155916214,0.309927374124527,0.22405312955379486,0.31512928009033203,0.21519950032234192,0.3101262152194977,0.008897263556718826,0.6374740600585938,False,0.0,0.0,0.0,0.0,0.0,,,,-0.2301855981349945,-0.05829545482993126,0.37713623046875,0.0,,,-51.68237530449036,,0.0,,0.4453850984573364,2.383274605793839,1.471635942648497,0.8546463422412165,637832.5,4491.6,7.2,15679.0,143.2814358119227,3.4695131316234065,train
2016,chicago,658066.0,5.9,4629.7,19941,False,0.3647243082523346,0.296928346157074,0.38752681016921997,0.285780668258667,0.438435822725296,0.2558538019657135,0.3968956470489502,0.2790938913822174,0.0823994055390358,0.2646293640136719,False,0.0,0.0,0.0,0.0,0.0,,,,0.18169614672660828,0.07350214198231697,-0.3728446960449219,0.0,,,84.43149099066225,,0.0,,0.21519950032234192,0.7705879848791897,1.5797441692081637,26.105103395940056,653033.8,4557.7,6.0,15813.0,142.14009547054886,4.3071905307039335,train
2017,chicago,667334.2,4.9,4644.1,22132,False,0.4207439422607422,0.2667677700519562,0.43854352831840515,0.2613629996776581,0.456626832485199,0.2580870985984802,0.4386381208896637,0.26190370321273804,0.031122379004955292,0.0456390380859375,True,0.2520441710948944,0.1033497080206871,0.22431930899620056,0.41986384987831116,0.624690592288971,0.9956130981445312,0.028564453125,0.22313758239891546,0.0417424738407135,-0.051277026534080505,-0.21899032592773438,0.2520441710948944,,,10.517241534665978,inf,0.0,,0.3968956470489502,1.4083997653730806,0.31103527226388206,10.987412867960478,658066.0,4629.7,5.9,19941.0,143.69505393940696,4.765616588790078,train
2018,chicago,683985.9,4.1,4675.0,17681,False,0.4595353901386261,0.20611926913261414,0.4679880440235138,0.20160971581935883,0.47153350710868835,0.19285641610622406,0.46635228395462036,0.1998525857925415,0.013224661350250244,0.025814056396484375,True,0.21732498705387115,0.123558908700943,0.19801980257034302,0.3883044719696045,0.8174504637718201,0.8203315734863281,0.021678924560546875,0.31309918340453957,0.027714163064956665,-0.017897717654705048,-0.019824981689453125,-0.034719184041023254,-0.17528152465820312,-0.006885528564453125,6.318229480088422,-13.775039466376516,0.2520441710948944,0.9956130981445312,0.4386381208896637,2.495256499666887,0.6653603496910021,-20.111151274173146,667334.2,4644.1,4.9,22132.0,146.30714438502673,3.7820320855614975,train
2019,chicago,690363.3,3.9,4695.1,18085,False,0.43325504660606384,0.3132013976573944,0.4505555033683777,0.3023475408554077,0.49162498116493225,0.2721158266067505,0.45847854018211365,0.29557040333747864,0.06396105140447617,0.23185348510742188,True,0.32758527994155884,0.0848168209195137,0.31219059228897095,0.4508044719696045,0.6952351927757263,1.0,0.052364349365234375,0.1419815712162289,-0.007873743772506714,0.05073639005422592,0.2060394287109375,0.11026029288768768,0.17966842651367188,0.0306854248046875,-1.6883682236394693,50.73521198938622,0.21732498705387115,0.8203315734863281,0.46635228395462036,0.9323876413241949,0.4299465240641842,2.2849386346926126,683985.9,4675.0,4.1,17681.0,147.03910459841111,3.8518881386977912,val
2021,chicago,691450.5,6.2,4446.5,18511,False,0.17251822352409363,0.28562217950820923,0.1767568439245224,0.2860751450061798,0.1885547935962677,0.2933233976364136,0.17927661538124084,0.28794223070144653,0.010017668828368187,0.6624794006347656,True,0.1720782071352005,0.10743872076272964,0.13056930899620056,0.3165222704410553,1.0,0.7929954528808594,0.017986297607421875,0.296643864415272,-0.36620768904685974,-0.01703816093504429,0.5638084411621094,-0.023311391472816467,0.09865951538085938,-0.01905059814453125,-67.1344135979863,-11.930722842408247,0.19538959860801697,0.6943359375,0.5454843044281006,0.1574822995370706,-5.294881898149139,2.355543267901572,690363.3,4695.1,3.9,18085.0,155.50444169571574,4.163049589564826,test
2022,chicago,703302.5,4.6,4639.4,17635,False,0.575656533241272,0.26743921637535095,0.5905796885490417,0.26387861371040344,0.6073406338691711,0.25911736488342285,0.5911922454833984,0.2632942795753479,0.0186911690980196,0.07836532592773438,True,0.6383588910102844,0.10748095065355301,0.6293317079544067,0.7840346097946167,1.0,1.0,0.9152450561523438,0.09478316394810826,0.4119156301021576,0.008673500269651413,-0.5841140747070312,0.4662806838750839,0.20700454711914062,0.8972587585449219,229.7653986975368,270.97021269447026,0.1720782071352005,0.7929954528808594,0.17927661538124084,1.71407786963782,4.338243562352395,-4.732321322456922,691450.5,4446.5,6.2,18511.0,151.5934172522309,3.8011380781997675,test
2023,chicago,715910.6,4.4,4683.7,15028,False,0.403635710477829,0.26821446418762207,0.42194658517837524,0.2611735165119171,0.45933759212493896,0.25609102845191956,0.42830657958984375,0.26164811849594116,0.04338617995381355,0.14670181274414062,True,0.27019888162612915,0.19944696128368378,0.2175123691558838,0.5362005233764648,1.0,0.7907638549804688,0.12192535400390625,0.3909976572332359,-0.1628856658935547,0.024695010855793953,0.06833648681640625,-0.3681600093841553,-0.20923614501953125,-0.7933197021484375,-27.552064009291676,-57.67288817760414,0.6383588910102844,1.0,0.5911922454833984,1.7926994429850573,0.9548648532137882,-14.783101786220588,703302.5,4639.4,4.6,17635.0,152.85150628776395,3.208574417661251,test
2013,cleveland,124743.5,6.8,1015.3,2741,False,0.41473451256752014,0.38478296995162964,0.4140741527080536,0.38372802734375,0.40635666251182556,0.37797972559928894,0.4117218554019928,0.38209471106529236,-0.0009028295171447098,0.4406280517578125,False,0.0,0.0,0.0,0.0,0.0,,,,,,,,,,,,,,,,,,,,,,122.8636856101645,2.6996946715256573,train
2014,cleveland,127640.2,6.1,1023.1,2926,False,0.45710575580596924,0.2916386127471924,0.4671747088432312,0.28678444027900696,0.48298415541648865,0.28289681673049927,0.46908828616142273,0.2869381308555603,0.019956884905695915,0.14616966247558594,False,0.0,0.0,0.0,0.0,0.0,,,,0.05736643075942993,0.020859714422840625,-0.29445838928222656,0.0,,,13.933297445047966,,0.0,,0.4117218554019928,2.3221250005010186,0.768245838668391,6.7493615468807056,124743.5,1015.3,6.8,2741.0,124.75828364773726,2.8599354901769134,train
2015,cleveland,128522.3,5.1,1027.5,2938,False,0.5589844584465027,0.35576778650283813,0.5651469230651855,0.3569149374961853,0.5715806484222412,0.35672861337661743,0.5652373433113098,0.3563840091228485,0.005350733641535044,0.2520561218261719,False,0.0,0.0,0.0,0.0,0.0,,,,0.09614905714988708,-0.014606151264160872,0.10588645935058594,0.0,,,20.497006637424377,,0.0,,0.46908828616142273,0.6910832167295267,0.4300654872446463,0.41011619958988277,127640.2,1023.1,6.1,2926.0,125.0825304136253,2.859367396593674,train
2016,cleveland,128733.4,5.4,1033.6,3053,False,0.49270951747894287,0.30768880248069763,0.5022631287574768,0.30498382449150085,0.52107173204422,0.29749107360839844,0.5053481459617615,0.3031795620918274,0.01760421320796013,0.17823028564453125,False,0.0,0.0,0.0,0.0,0.0,,,,-0.05988919734954834,0.012253479566425085,-0.07382583618164062,0.0,,,-10.595407054796057,,0.0,,0.5652373433113098,0.1642516512698533,0.5936739659367252,3.914227365554801,128522.3,1027.5,5.1,2938.0,124.54856811145511,2.9537538699690407,train
2017,cleveland,131610.3,5.5,1041.7,3227,False,0.2459821254014969,0.2319117784500122,0.26503729820251465,0.22656959295272827,0.3162841200828552,0.20896930992603302,0.27576780319213867,0.22229063510894775,0.09902262687683105,0.4413642883300781,True,0.12847720086574554,0.055401816964149475,0.12128712981939316,0.20266088843345642,0.42110151052474976,0.6628570556640625,0.0,0.23887026554811697,-0.2295803427696228,0.08141841366887093,0.2631340026855469,0.12847720086574554,,,-45.430134572413095,inf,0.0,,0.5053481459617615,2.2347735708060146,0.7836687306501666,5.69931215198165,128733.4,1033.6,5.4,3053.0,126.34184506095804,3.0978208697321685,train
2018,cleveland,133764.5,4.7,1054.3,2981,False,0.3500232994556427,0.29352909326553345,0.3562491834163666,0.2932918667793274,0.34472668170928955,0.2873021960258484,0.35033300518989563,0.29107439517974854,0.009668808430433273,0.3292217254638672,True,0.26399263739585876,0.22480647265911102,0.1735767275094986,0.6259282231330872,0.9848390817642212,0.7539100646972656,0.1596698760986328,0.4385734593322761,0.07456520199775696,-0.08935381844639778,-0.11214256286621094,0.13551543653011322,0.09105300903320312,0.1596698760986328,27.039125356416015,105.47819816818892,0.12847720086574554,0.6628570556640625,0.27576780319213867,1.6368019828235436,1.2095612940385747,-7.623179423613258,131610.3,1041.7,5.5,3227.0,126.87517784311866,2.827468462486958,train
2019,cleveland,137159.3,4.1,1071.0,3032,False,0.525275707244873,0.2919297218322754,0.5371449589729309,0.28834637999534607,0.5501325130462646,0.2840403616428375,0.5375175476074219,0.28794044256210327,0.020126398652791977,0.1380748748779297,True,0.3985710144042969,0.10350685566663742,0.3883044719696045,0.535581648349762,0.9993811845779419,0.999969482421875,0.15232276916503906,0.14433391345657243,0.18718454241752625,0.010457590222358704,-0.1911468505859375,0.1345783770084381,0.24605941772460938,-0.00734710693359375,53.43046177338162,50.97807966766774,0.26399263739585876,0.7539100646972656,0.35033300518989563,2.53789308822594,1.5839893768377244,1.7108352901710866,133764.5,1054.3,4.7,2981.0,128.06657329598505,2.830999066293184,val
2021,cleveland,139805.6,5.8,999.7,3340,False,0.4881548583507538,0.3376743495464325,0.49625349044799805,0.3341742157936096,0.5178626179695129,0.32477590441703796,0.5007569789886475,0.33190417289733887,0.019848724827170372,0.23222923278808594,True,0.20360402762889862,0.10687848925590515,0.19183167815208435,0.3511757254600525,0.9814356565475464,0.8071880340576172,0.0067844390869140625,0.29496074366713265,0.2049863636493683,-0.03486249782145023,-0.08769798278808594,0.00834628939628601,0.1386089324951172,-0.0576019287109375,69.30585833018874,4.27449865589602,0.1952577382326126,0.6685791015625,0.2957706153392792,1.9293624274839605,-6.657329598506068,10.158311345646442,137159.3,1071.0,4.1,3032.0,139.84755426627987,3.341002300690207,test
2022,cleveland,142547.8,4.6,1024.6,3733,False,0.4748978614807129,0.38526225090026855,0.4782307744026184,0.38253113627433777,0.47946709394454956,0.3756733536720276,0.47753190994262695,0.3809848129749298,0.008356603793799877,0.3401031494140625,True,0.4959561824798584,0.10408142954111099,0.47896039485931396,0.6435643434524536,0.9245049357414246,1.0,0.42370033264160156,0.11708681476943594,-0.023225069046020508,-0.011492121033370495,0.10787391662597656,0.2923521548509598,0.1928119659423828,0.4169158935546875,-4.63799208408976,143.5885911765061,0.20360402762889862,0.8071880340576172,0.5007569789886475,1.9614378823165746,2.4907472241672446,11.766467065868259,139805.6,999.7,5.8,3340.0,139.1253171969549,3.6433730236189734,test
2023,cleveland,143786.8,3.7,1045.1,3491,False,0.31019169092178345,0.27209800481796265,0.3341588079929352,0.2617260813713074,0.37607628107070923,0.2364831566810608,0.34014230966567993,0.256495863199234,0.09594187140464783,0.33882713317871094,True,0.31550148129463196,0.20472928881645203,0.2657797038555145,0.5810643434524536,1.0,0.8864307403564453,0.16344070434570312,0.3514832410936124,-0.13738960027694702,0.08758526761084795,-0.0012760162353515625,-0.18045470118522644,-0.11356925964355469,-0.26025962829589844,-28.770768490309617,-36.38521054076285,0.4959561824798584,1.0,0.47753190994262695,0.8691821269777522,2.0007807925043863,-6.482721671577818,142547.8,1024.6,4.6,3733.0,137.581858195388,3.3403502057219407,test
2013,columbus,115366.2,6.4,949.7,8363,False,0.2174363136291504,0.30836036801338196,0.21687953174114227,0.3071043789386749,0.2093225121498108,0.297128826379776,0.21454612910747528,0.30412834882736206,-0.0016283683944493532,0.656768798828125,False,0.0,0.0,0.0,0.0,0.0,,,,,,,,,,,,,,,,,,,,,,121.47646625250079,8.805938717489733,train
2014,columbus,119475.0,5.0,980.1,7052,False,0.4861593544483185,0.27444717288017273,0.4957868456840515,0.2688162624835968,0.5122590661048889,0.2614873945713043,0.4980683922767639,0.26813220977783203,0.01737874001264572,0.06327438354492188,False,0.0,0.0,0.0,0.0,0.0,,,,0.28352226316928864,0.019007108407095075,-0.5934944152832031,0.0,,,132.14979191130513,,0.0,,0.21454612910747528,3.561528419935822,3.2010108455301722,-15.676192753796482,115366.2,949.7,6.4,8363.0,121.90082644628099,7.195184164881135,train
2015,columbus,121934.7,4.2,998.8,7555,False,0.5839582681655884,0.375476211309433,0.5883806347846985,0.3767900764942169,0.5897054076194763,0.3752826452255249,0.5873481631278992,0.3757936954498291,0.0034410376101732254,0.2739677429199219,False,0.0,0.0,0.0,0.0,0.0,,,,0.08927977085113525,-0.013937702402472496,0.210693359375,0.0,,,17.925203091692033,,0.0,,0.4980683922767639,2.0587570621468876,1.9079685746352437,7.132728304027225,119475.0,980.1,5.0,7052.0,122.08119743692431,7.564076892270725,train
2016,columbus,124496.5,4.2,1016.0,8637,False,0.41155457496643066,0.28114554286003113,0.4238503575325012,0.2781001031398773,0.4499679207801819,0.2637306749820709,0.4284576177597046,0.2740727663040161,0.028025783598423004,0.19449996948242188,False,0.0,0.0,0.0,0.0,0.0,,,,-0.15889054536819458,0.02458474598824978,-0.0794677734375,0.0,,,-27.05219073505386,,0.0,,0.5873481631278992,2.1009605961223476,1.7220664797757301,14.321641297154208,121934.7,998.8,4.2,7555.0,122.5359251968504,8.500984251968504,train
2017,columbus,129945.5,4.1,1037.2,8892,False,0.2627578377723694,0.2349647581577301,0.28408029675483704,0.22795307636260986,0.34004053473472595,0.20654024183750153,0.2956262230873108,0.22294753789901733,0.10943508893251419,0.3894500732421875,True,0.1283600926399231,0.04881896823644638,0.12376237660646439,0.19183167815208435,0.38737624883651733,0.6953315734863281,0.0,0.21136959515262177,-0.1328313946723938,0.08140930533409119,0.19495010375976562,0.1283600926399231,,,-31.002224996473448,inf,0.0,,0.4284576177597046,4.3768298707192566,2.0866141732283516,2.95241403265023,124496.5,1016.0,4.2,8637.0,125.28490165831083,8.573081372927112,train
2018,columbus,131538.9,3.8,1047.8,9440,False,0.36203861236572266,0.2499568909406662,0.3692355155944824,0.25048062205314636,0.34549179673194885,0.2442946881055832,0.35892197489738464,0.2479838877916336,0.010755760595202446,0.250030517578125,True,0.180462047457695,0.13134954869747162,0.1469678282737732,0.356435626745224,0.8115717768669128,0.704833984375,0.0505828857421875,0.35948514461807246,0.06329575181007385,-0.09867932833731174,-0.1394195556640625,0.05210195481777191,0.009502410888671875,0.0505828857421875,21.41073655410466,40.59046214926689,0.1283600926399231,0.6953315734863281,0.2956262230873108,1.22620637113251,1.0219822599305761,6.162843004948271,129945.5,1037.2,4.1,8892.0,125.53817522427944,9.009352929948465,train
2019,columbus,135688.5,3.6,1068.9,8090,False,0.5121461153030396,0.30588334798812866,0.5206867456436157,0.3047136068344116,0.5355890989303589,0.3004879355430603,0.522807240486145,0.30351659655570984,0.010473486967384815,0.15893936157226562,True,0.350490540266037,0.07480324804782867,0.3490099012851715,0.44771039485931396,0.9993811845779419,1.0,0.02155303955078125,0.1202237706601148,0.16388526558876038,-0.00028227362781763077,-0.09109115600585938,0.17002849280834198,0.295166015625,-0.02902984619140625,45.66041564761114,94.21842165910319,0.180462047457695,0.704833984375,0.35892197489738464,3.1546561511461624,2.0137430807406043,-14.30084745762712,131538.9,1047.8,3.8,9440.0,126.9421835531855,7.568528393675741,val
2021,columbus,143977.3,4.8,1058.5,12062,False,0.4619610011577606,0.2743649184703827,0.4745880365371704,0.2659289538860321,0.5100810527801514,0.24096368253231049,0.48221009969711304,0.260271281003952,0.03584258630871773,0.1378326416015625,True,0.21366339921951294,0.11934681981801987,0.19771039485931396,0.38118812441825867,0.9814356565475464,0.7878379821777344,0.012340545654296875,0.3144210120152815,0.11547431349754333,-0.005996275693178177,-0.026580810546875,-0.06075841188430786,-0.08678817749023438,-0.10857009887695312,31.487059033476683,-22.140518510506226,0.2744218111038208,0.8746261596679688,0.3667357861995697,6.108697494629234,-0.9729628590139483,49.09765142150804,135688.5,1068.9,3.6,8090.0,136.02012281530466,11.395370807746811,test
2022,columbus,145918.7,3.4,1080.4,12075,False,0.3394089639186859,0.38732966780662537,0.3410188853740692,0.3860381543636322,0.3399958610534668,0.38094016909599304,0.3401411473751068,0.3846496641635895,0.0035336955916136503,0.5262832641601562,True,0.5188001990318298,0.11439516395330429,0.4953589141368866,0.6896658539772034,0.9245049357414246,1.0,0.48378753662109375,0.12406876498963193,-0.14206895232200623,-0.03230889071710408,0.38845062255859375,0.3051367998123169,0.21216201782226562,0.4714469909667969,-29.462044119615683,142.81191861916707,0.21366339921951294,0.7878379821777344,0.48221009969711304,1.348407005826635,2.0689655172413834,0.10777648814459528,143977.3,1058.5,4.8,12062.0,135.05988522769346,11.176416142169566,test
2023,columbus,148444.3,3.3,1099.8,11440,False,0.2873128056526184,0.2567993104457855,0.3157937824726105,0.24501806497573853,0.3668608069419861,0.21783718466758728,0.32332244515419006,0.23956041038036346,0.10791976749897003,0.3300895690917969,True,0.22522448003292084,0.14774389564990997,0.17110148072242737,0.43842819333076477,1.0,0.7738227844238281,0.03943634033203125,0.3500905896277493,-0.016818702220916748,0.10438607190735638,-0.19619369506835938,-0.293575718998909,-0.22617721557617188,-0.4443511962890625,-4.944624415689736,-56.58743376482347,0.5188001990318298,1.0,0.3401411473751068,1.7308268234297541,1.7956312476860248,-5.258799171842654,145918.7,1080.4,3.4,12075.0,134.97390434624478,10.401891252955084,test
2013,dallas,419673.3,6.2,3217.9,37910,False,0.32542961835861206,0.2058599442243576,0.36362141370773315,0.20169441401958466,0.31627166271209717,0.21000434458255768,0.33510756492614746,0.20479433238506317,0.08331149816513062,0.22257232666015625,False,0.0,0.0,0.0,0.0,0.0,,,,,,,,,,,,,,,,,,,,,,130.41837844557008,11.780975170142018,train
2014,dallas,435515.7,5.1,3315.6,43752,False,0.35802388191223145,0.17171962559223175,0.38376665115356445,0.1648271232843399,0.3355516195297241,0.1753673553466797,0.35911405086517334,0.1699935793876648,0.051121290773153305,0.10231399536132812,False,0.0,0.0,0.0,0.0,0.0,,,,0.02400648593902588,-0.03219020739197731,-0.12025833129882812,0.0,,,7.1638149811140694,,0.0,,0.33510756492614746,3.7749363612124,3.036141583019969,15.410182010023732,419673.3,3217.9,6.2,37910.0,131.3535106768006,13.19580166485704,train
2015,dallas,456281.3,4.1,3394.0,57146,False,0.2638453245162964,0.13448823988437653,0.32906240224838257,0.12478584051132202,0.259169340133667,0.1343444287776947,0.284025639295578,0.12872804701328278,0.1317453235387802,0.0387420654296875,False,0.0,0.0,0.0,0.0,0.0,,,,-0.07508841156959534,0.08062403276562691,-0.06357192993164062,0.0,,,-20.909349380424747,,0.0,,0.35911405086517334,4.768048545666659,2.3645795632766253,30.613457670506495,435515.7,3315.6,5.1,43752.0,134.4376252209782,16.837360047142017,train
2016,dallas,466835.9,3.9,3502.1,55800,False,0.34660953283309937,0.14834795892238617,0.3726555109024048,0.14493121206760406,0.31440651416778564,0.16193337738513947,0.3445571959018707,0.15046651661396027,0.044725481420755386,0.041042327880859375,False,0.0,0.0,0.0,0.0,0.0,,,,0.060531556606292725,-0.08701984211802483,0.002300262451171875,0.0,,,21.312004351585713,,0.0,,0.284025639295578,2.313178295932805,3.1850324101355243,-2.3553704546249943,456281.3,3394.0,4.1,57146.0,133.30170469147083,15.933297164558407,train
2017,dallas,483732.0,3.7,3601.8,62524,False,0.23103471100330353,0.13983172178268433,0.2731529772281647,0.13202670216560364,0.19257362186908722,0.14191466569900513,0.2322537899017334,0.13498176634311676,0.11233818531036377,0.2809486389160156,True,0.14056481420993805,0.16217347979545593,0.08879950642585754,0.34931930899620056,1.0,0.4380912780761719,0.043025970458984375,0.5128899598813961,-0.11230340600013733,0.06761270388960838,0.23990631103515625,0.14056481420993805,,,-32.593545378202215,inf,0.0,,0.3445571959018707,3.619280350975562,2.8468633105850794,12.050179211469537,466835.9,3502.1,3.9,55800.0,134.30284857571215,17.359098228663445,train
2018,dallas,506225.3,3.6,3685.3,63893,False,0.19361405074596405,0.15109114348888397,0.23869124054908752,0.14346735179424286,0.1681993007659912,0.15393179655075073,0.2001682072877884,0.1480012983083725,0.142851784825325,0.49550628662109375,True,0.10535190999507904,0.06314042955636978,0.09560643881559372,0.13459159433841705,1.0,0.43892669677734375,0.00494384765625,0.21493819723400542,-0.03208558261394501,0.030513599514961243,0.21455764770507812,-0.03521290421485901,0.000835418701171875,-0.038082122802734375,-13.814880104871662,-25.051008968906974,0.14056481420993805,0.4380912780761719,0.2322537899017334,4.649950799202851,2.3182853017935434,2.1895592092636473,483732.0,3601.8,3.7,62524.0,137.3633896833365,17.337258839171845,train
2019,dallas,526159.6,3.3,3772.8,62708,False,0.39898088574409485,0.18610364198684692,0.43508774042129517,0.169580340385437,0.3819958567619324,0.1870659440755844,0.4053548276424408,0.17916063964366913,0.06401050090789795,0.00627899169921875,True,0.6766428351402283,0.16330267488956451,0.676980197429657,0.8997524976730347,1.0,1.0,0.851165771484375,0.13755405301340984,0.2051866203546524,-0.07884128391742706,-0.489227294921875,0.5712909251451492,0.5610733032226562,0.846221923828125,102.50709797268098,542.2691673761151,0.10535190999507904,0.43892669677734375,0.2001682072877884,3.937831633464395,2.374297886196519,-1.8546632651464168,506225.3,3685.3,3.6,63893.0,139.46130195080576,16.621077184054283,val
2021,dallas,565955.4,5.1,3871.7,78705,False,0.40333110094070435,0.21918319165706635,0.4450210630893707,0.20471537113189697,0.40433624386787415,0.21208280324935913,0.4175628125667572,0.21064679324626923,0.0718422681093216,0.05739593505859375,True,0.2528988718986511,0.12957407534122467,0.26639851927757263,0.37530940771102905,1.0,0.8490562438964844,0.025493621826171875,0.27059249056319623,0.15182656049728394,-0.03735898435115814,-0.2004241943359375,0.1783250793814659,0.7473335266113281,0.02210235595703125,57.134304903792675,239.12566782810686,0.07457379251718521,0.10172271728515625,0.26573625206947327,7.563446528391782,2.621395250212033,25.510301715889526,526159.6,3772.8,3.3,62708.0,146.17749309089032,20.32827956711522,test
2022,dallas,594977.8,3.6,4086.3,77927,False,0.2531096339225769,0.17687270045280457,0.2979167401790619,0.1678728461265564,0.25821101665496826,0.18392688035964966,0.2697458267211914,0.17472955584526062,0.1252879649400711,0.34664154052734375,True,0.34101077914237976,0.1799134910106659,0.2939356565475464,0.5609529614448547,1.0,0.9952735900878906,0.13001632690429688,0.2613235865498995,-0.1478169858455658,0.05344569683074951,0.28924560546875,0.08811190724372864,0.14621734619140625,0.104522705078125,-35.39994017593072,34.84076721348104,0.2528988718986511,0.8490562438964844,0.4175628125667572,5.128036590869178,5.542784823204294,-0.9885013658598618,565955.4,3871.7,5.1,78705.0,145.60306389643443,19.070308102684578,test
2023,dallas,621457.5,3.8,4215.1,68029,False,0.40239217877388,0.16815292835235596,0.42302241921424866,0.16273579001426697,0.37615811824798584,0.1785808950662613,0.4005243182182312,0.16875110566616058,0.034985192120075226,0.0532684326171875,True,0.4005028009414673,0.18161101639270782,0.3418935537338257,0.6646039485931396,1.0,0.9999923706054688,0.2874031066894531,0.2509282216939839,0.1307784914970398,-0.09030277281999588,-0.29337310791015625,0.059492021799087524,0.004718780517578125,0.15738677978515625,48.48211855088758,17.445789235374363,0.34101077914237976,0.9952735900878906,0.2697458267211914,4.450535801503852,3.151995692925147,-12.701631013640968,594977.8,4086.3,3.6,77927.0,147.43600389077363,16.139356124409858,test
2013,denver,173273.5,6.5,1367.5,15475,False,0.24877673387527466,0.21790196001529694,0.28032055497169495,0.2105814814567566,0.3092116117477417,0.18761472404003143,0.27943626046180725,0.20472276210784912,0.10482137650251389,0.3751220703125,False,0.0,0.0,0.0,0.0,0.0,,,,,,,,,,,,,,,,,,,,,,126.70822669104204,11.316270566727605,train
2014,denver,181137.5,4.8,1414.0,15767,False,0.29504817724227905,0.11730800569057465,0.315020889043808,0.11441808938980103,0.2961835265159607,0.11090437322854996,0.30208417773246765,0.11346091330051422,0.037108030170202255,0.0003509521484375,False,0.0,0.0,0.0,0.0,0.0,,,,0.0226479172706604,-0.06771334633231163,-0.3747711181640625,0.0,,,8.104859846475021,,0.0,,0.27943626046180725,4.538489728665951,3.400365630712976,1.886914378029081,173273.5,1367.5,6.5,15475.0,128.10289957567184,11.15063649222065,train
2015,denver,190647.4,3.5,1449.5,18326,False,0.3880270719528198,0.1403091549873352,0.40185844898223877,0.13617417216300964,0.3917538821697235,0.12801985442638397,0.39387983083724976,0.13425607979297638,0.023659508675336838,0.0213470458984375,False,0.0,0.0,0.0,0.0,0.0,,,,0.0917956531047821,-0.013448521494865417,0.02099609375,0.0,,,30.38744160446507,,0.0,,0.30208417773246765,5.25010006210751,2.5106082036775,16.230100843533958,181137.5,1414.0,4.8,15767.0,131.5263194204898,12.642980338047602,train
2016,denver,194782.1,2.9,1511.1,21947,False,0.3016201853752136,0.18747763335704803,0.32271385192871094,0.18521858751773834,0.3305450975894928,0.1829463541507721,0.318293035030365,0.18461813032627106,0.04772437363862991,0.15149307250976562,False,0.0,0.0,0.0,0.0,0.0,,,,-0.07558679580688477,0.024064864963293076,0.13014602661132812,0.0,,,-19.190318947333218,,0.0,,0.39387983083724976,2.168768102790808,4.249741290100029,19.758812615955467,190647.4,1449.5,3.5,18326.0,128.90086691813912,14.523856793064656,train
2017,denver,202210.2,2.5,1560.0,22735,False,0.2039007991552353,0.21026907861232758,0.22432702779769897,0.21098563075065613,0.23897607624530792,0.19837678968906403,0.22240130603313446,0.2058275043964386,0.11842158436775208,0.5153388977050781,True,0.19223228096961975,0.22796447575092316,0.1110767349600792,0.46318069100379944,1.0,0.570068359375,0.09321975708007812,0.4986521135554598,-0.09589172899723053,0.07069721072912216,0.3638458251953125,0.19223228096961975,,,-30.126870035997644,inf,0.0,,0.318293035030365,3.8135434416201486,3.2360532062735814,3.5904679455050825,194782.1,1511.1,2.9,21947.0,129.62192307692308,14.573717948717949,train
2018,denver,211188.5,2.9,1597.5,21729,False,0.4197896420955658,0.16777485609054565,0.4313536584377289,0.16008718311786652,0.41802817583084106,0.15487302839756012,0.42305710911750793,0.16033625602722168,0.0230177640914917,0.045623779296875,True,0.324279248714447,0.19922739267349243,0.323019802570343,0.5847772359848022,1.0,0.8086929321289062,0.195709228515625,0.34978852213086054,0.20065580308437347,-0.09540382027626038,-0.4697151184082031,0.13204696774482727,0.23862457275390625,0.10248947143554688,90.22240321487985,68.69135978555853,0.19223228096961975,0.570068359375,0.22240130603313446,4.440082646671617,2.4038461538461453,-4.424895535517925,202210.2,1560.0,2.5,22735.0,132.19937402190922,13.6018779342723,train
2019,denver,222491.6,2.5,1631.9,19308,False,0.1980469673871994,0.1521151065826416,0.2231837809085846,0.15144263207912445,0.21194155514240265,0.14938512444496155,0.21105742454528809,0.1501827836036682,0.08257269859313965,0.5001373291015625,True,0.3453221321105957,0.1612883359193802,0.30631187558174133,0.5,1.0,0.9999465942382812,0.09990310668945312,0.22050427683954887,-0.21199968457221985,0.05955493450164795,0.4545135498046875,0.02104288339614868,0.191253662109375,-0.09580612182617188,-50.1113632186559,6.489124259282653,0.324279248714447,0.8086929321289062,0.42305710911750793,5.3521380188788825,2.153364632237875,-11.141792075107004,211188.5,1597.5,2.9,21729.0,136.3389913597647,11.831607328880445,val
2021,denver,239008.3,5.5,1617.4,30006,False,0.1745014190673828,0.17051762342453003,0.19808337092399597,0.17079195380210876,0.22288641333580017,0.15810297429561615,0.19849038124084473,0.16581308841705322,0.09857622534036636,0.5806427001953125,True,0.18311573565006256,0.1341841071844101,0.13985148072242737,0.32085397839546204,1.0,0.8329124450683594,0.032405853271484375,0.3128277506405923,-0.10127583146095276,0.0532807819545269,0.49527740478515625,0.08671557903289795,0.5465812683105469,0.000499725341796875,-33.78493878551293,89.95377401436475,0.09640015661716461,0.2863311767578125,0.2997662127017975,7.423516213645809,-0.888534836693422,55.40708514605346,222491.6,1631.9,2.5,19308.0,147.7731544454062,18.55199703227402,test
2022,denver,252123.7,3.0,1686.7,23009,False,0.24072660505771637,0.2031208872795105,0.26397988200187683,0.2031552642583847,0.27101364731788635,0.18802815675735474,0.25857338309288025,0.1975051760673523,0.09344075620174408,0.4391975402832031,True,0.6718396544456482,0.17655795812606812,0.6785272359848022,0.8876856565475464,1.0,0.9897384643554688,0.8890266418457031,0.14106417301846763,0.06008300185203552,-0.005135469138622284,-0.14144515991210938,0.48872391879558563,0.15682601928710938,0.8566207885742188,30.269981586227026,266.89345787821634,0.18311573565006256,0.8329124450683594,0.19849038124084473,5.487424495299975,4.28465438357859,-23.318669599413454,239008.3,1617.4,5.5,30006.0,149.47750044465525,13.6414300112646,test
2023,denver,261705.4,3.2,1704.7,20650,False,0.14291170239448547,0.14122000336647034,0.1688406765460968,0.14591427147388458,0.17648743093013763,0.11715985089540482,0.1627466231584549,0.13297225534915924,0.13105270266532898,0.6525917053222656,True,0.31603214144706726,0.25643667578697205,0.2620668411254883,0.7233911156654358,1.0,0.7469978332519531,0.2223663330078125,0.44843291451303324,-0.09582675993442535,0.0376119464635849,0.2133941650390625,-0.35580751299858093,-0.24274063110351562,-0.6666603088378906,-37.05979277070607,-52.96018337770887,0.6718396544456482,0.9897384643554688,0.25857338309288025,3.8003963927230933,1.0671725855220249,-10.252509887435346,252123.7,1686.7,3.0,23009.0,153.5199155276588,12.113568369801138,test
2013,detroit,241776.8,9.7,1853.2,6352,False,0.2411513775587082,0.29358890652656555,0.24228332936763763,0.29194265604019165,0.23366525769233704,0.2798686921596527,0.23903332650661469,0.28831011056900024,0.0003770802868530154,0.5595664978027344,False,0.0,0.0,0.0,0.0,0.0,,,,,,,,,,,,,,,,,,,,,,130.4644938484783,3.4275847183250594,train
2014,detroit,245151.1,8.1,1872.6,6295,False,0.3621193766593933,0.1980634480714798,0.3737777769565582,0.1905847042798996,0.38703396916389465,0.18287725746631622,0.37431034445762634,0.19034527242183685,0.02663801982998848,0.054351806640625,False,0.0,0.0,0.0,0.0,0.0,,,,0.13527701795101166,0.026260939543135464,-0.5052146911621094,0.0,,,56.59337127924218,,0.0,,0.23903332650661469,1.395626048487708,1.0468379020073248,-0.8973551637279642,241776.8,1853.2,9.7,6352.0,130.91482430844815,3.3616362277047958,train
2015,detroit,249284.3,5.9,1912.0,7304,False,0.40750840306282043,0.2927270531654358,0.42410174012184143,0.2835405170917511,0.45881354808807373,0.2548200786113739,0.43014127016067505,0.27688297629356384,0.056591298431158066,0.2541351318359375,False,0.0,0.0,0.0,0.0,0.0,,,,0.055830925703048706,0.029953278601169586,0.1997833251953125,0.0,,,14.915678000817056,,0.0,,0.37431034445762634,1.6859806054306814,2.1040264872369985,16.028594122319294,245151.1,1872.6,8.1,6295.0,130.3788179916318,3.8200836820083683,train
2016,detroit,253977.7,5.3,1994.1,7659,False,0.37532684206962585,0.2013481855392456,0.38931727409362793,0.19517111778259277,0.4127062261104584,0.17674759030342102,0.39245009422302246,0.1908736377954483,0.02944335713982582,0.04291534423828125,False,0.0,0.0,0.0,0.0,0.0,,,,-0.03769117593765259,-0.027147941291332245,-0.21121978759765625,0.0,,,-8.762510959149171,,0.0,,0.43014127016067505,1.8827499365182687,4.293933054393295,4.860350492880605,249284.3,1912.0,5.9,7304.0,127.36457549771828,3.84083044982699,train
2017,detroit,256207.3,4.5,2048.2,10089,False,0.41882723569869995,0.25969818234443665,0.43577784299850464,0.2472655475139618,0.4757671654224396,0.21654930710792542,0.4434574544429779,0.24094896018505096,0.052006617188453674,0.10386276245117188,True,0.13091237843036652,0.06219872459769249,0.12128712981939316,0.1955445557832718,1.0,0.6687889099121094,0.003055572509765625,0.22725971849921134,0.051007360219955444,0.022563260048627853,0.060947418212890625,0.13091237843036652,,,12.997158357406047,inf,0.0,,0.39245009422302246,0.8778723486353224,2.7130033599117365,31.727379553466516,253977.7,1994.1,5.3,7659.0,125.08900497998243,4.925788497217069,train
2018,detroit,261547.7,4.3,2072.9,7163,False,0.5148298144340515,0.11116532236337662,0.510129988193512,0.10739253461360931,0.46474137902259827,0.10035306215286255,0.49656710028648376,0.10602826625108719,-0.004670284688472748,0.0249786376953125,True,0.15576650202274323,0.04801170900464058,0.14511138200759888,0.20730197429656982,0.9885519742965698,0.996826171875,0.0007171630859375,0.1483112411324854,0.05310964584350586,-0.05667690187692642,-0.07888412475585938,0.02485412359237671,0.3280372619628906,-0.002338409423828125,11.976266338834307,18.985312076960568,0.13091237843036652,0.6687889099121094,0.4434574544429779,2.0844058697781165,1.2059369202226389,-29.001883239171377,256207.3,2048.2,4.5,10089.0,126.1747792947079,3.455545371219065,train
2019,detroit,262684.0,4.2,2097.4,7813,False,0.4210873246192932,0.1710459291934967,0.43180137872695923,0.1655331552028656,0.45131054520606995,0.15082691609859467,0.4347330927848816,0.1621209979057312,0.017493797466158867,0.000377655029296875,True,0.3085964322090149,0.06822595000267029,0.3056930601596832,0.385519802570343,1.0,0.9999961853027344,0.006862640380859375,0.11520570651864248,-0.06183400750160217,0.022164082154631615,-0.024600982666015625,0.15282993018627167,0.003170013427734375,0.006145477294921875,-12.452296470291401,98.1147603635326,0.15576650202274323,0.996826171875,0.49656710028648376,0.43445230067020724,1.181919050605429,9.074410163339387,261547.7,2072.9,4.3,7163.0,125.24268141508534,3.7250882044435967,val
2021,detroit,263068.8,6.1,1975.1,8598,False,0.6521111726760864,0.23658087849617004,0.6548902988433838,0.22661751508712769,0.6698147654533386,0.20213042199611664,0.6589388251304626,0.22161997854709625,0.010910015553236008,0.017261505126953125,True,0.28490060567855835,0.118719182908535,0.30352723598480225,0.4275990128517151,1.0,0.8952980041503906,0.01373291015625,0.23658145596954827,0.16366532444953918,-0.005348166450858116,-0.00037384033203125,0.05471128225326538,0.0208587646484375,-0.010986328125,33.0454434215691,23.767949546548685,0.23018932342529297,0.8744392395019531,0.49527350068092346,0.14648779522163924,-5.831028892915047,10.047356969153975,262684.0,2097.4,4.2,7813.0,133.192648473495,4.353197306465495,test
2022,detroit,270553.7,3.9,2035.5,7945,False,0.2858717441558838,0.35278376936912537,0.2914879620075226,0.35448944568634033,0.29575997591018677,0.3523795008659363,0.29103991389274597,0.35297825932502747,0.008657771162688732,0.5516853332519531,True,0.5081174373626709,0.0917578637599945,0.49969062209129333,0.6284034848213196,1.0,1.0,0.4986152648925781,0.1009215397989518,-0.3678989112377167,-0.0022522443905472755,0.534423828125,0.22321683168411255,0.10470199584960938,0.4848823547363281,-55.83202828652216,78.34901970547543,0.28490060567855835,0.8952980041503906,0.6589388251304626,2.84522527947062,3.0580730089615704,-7.594789485926956,263068.8,1975.1,6.1,8598.0,132.91756325227217,3.9032178825841317,test
2023,detroit,279459.2,3.6,2091.4,6734,False,0.44369831681251526,0.309856653213501,0.45857229828834534,0.30119821429252625,0.47921812534332275,0.28203725814819336,0.4604962468147278,0.2970733344554901,0.034717340022325516,0.18163299560546875,True,0.21643023192882538,0.07601457834243774,0.20637376606464386,0.3193069398403168,1.0,0.9938545227050781,0.00092315673828125,0.1958259415379633,0.1694563329219818,0.026059568859636784,-0.3700523376464844,-0.2916872054338455,-0.006145477294921875,-0.4976921081542969,58.2244306821881,-57.405470465217,0.5081174373626709,1.0,0.29103991389274597,3.291583149666777,2.746253991648251,-15.242290748898679,270553.7,2035.5,3.9,7945.0,133.62302763698958,3.219852730228555,test
2013,houston,445260.8,6.1,2984.9,51333,False,0.3168104887008667,0.1207534447312355,0.2677733898162842,0.10759084671735764,0.17715944349765778,0.11792338639497757,0.2539144456386566,0.1128389835357666,-0.07736588269472122,0.0628662109375,False,0.0,0.0,0.0,0.0,0.0,,,,,,,,,,,,,,,,,,,,,,149.17109450902876,17.197561057321852,train
2014,houston,452983.4,5.0,3076.2,63749,False,0.2847493588924408,0.08569598942995071,0.23429402709007263,0.07757685333490372,0.15071646869182587,0.08216410130262375,0.2232532799243927,0.07902716100215912,-0.095692940056324,0.074737548828125,False,0.0,0.0,0.0,0.0,0.0,,,,-0.030661165714263916,-0.018327057361602783,0.011871337890625,0.0,,,-12.075392416978726,,0.0,,0.2539144456386566,1.734399255447605,3.0587289356427183,24.187170046558748,445260.8,2984.9,6.1,51333.0,147.25420973928874,20.723294974318968,train
2015,houston,477810.9,4.6,3104.3,56901,False,0.24427543580532074,0.08271390199661255,0.20629864931106567,0.05889689549803734,0.13322794437408447,0.06021564453840256,0.1946006566286087,0.06532537937164307,-0.07024750113487244,0.21982574462890625,False,0.0,0.0,0.0,0.0,0.0,,,,-0.028652623295783997,0.02544543892145157,0.14508819580078125,0.0,,,-12.834133189661333,,0.0,,0.2232532799243927,5.480885171509597,0.9134646641961064,-10.74212928830256,452983.4,3076.2,5.0,63749.0,153.91904777244469,18.329736172406015,train
2016,houston,467700.0,5.2,3168.7,44732,False,0.2961452901363373,0.08253530412912369,0.2496933937072754,0.06643761694431305,0.16109009087085724,0.07090449333190918,0.2356429398059845,0.07029804587364197,-0.08072416484355927,0.033039093017578125,False,0.0,0.0,0.0,0.0,0.0,,,,0.04104228317737579,-0.010476663708686829,-0.18678665161132812,0.0,,,21.09051628520664,,0.0,,0.1946006566286087,-2.116088184677245,2.0745417646490294,-21.386267376671764,477810.9,3104.3,4.6,56901.0,147.59996212957995,14.116830245842145,train
2017,houston,470995.6,5.0,3206.3,42395,False,0.439728319644928,0.0736546590924263,0.36338910460472107,0.05740664154291153,0.257313072681427,0.05525781586766243,0.3534768223762512,0.06050065532326698,-0.09332417696714401,3.4332275390625e-05,True,0.2880076467990875,0.17352676391601562,0.2360767275094986,0.510519802570343,1.0,0.9785919189453125,0.104522705078125,0.2919962632056894,0.11783388257026672,-0.012600012123584747,-0.0330047607421875,0.2880076467990875,,,50.00526757444321,inf,0.0,,0.2356429398059845,0.7046397263202886,1.1866064947770427,-5.224447822587852,467700.0,3168.7,5.2,44732.0,146.89692168543178,13.222405888407197,train
2018,houston,491516.1,4.3,3274.3,57288,False,0.20874720811843872,0.08258035778999329,0.18824781477451324,0.05520682781934738,0.09631238132715225,0.04941945895552635,0.16443581879138947,0.06044408679008484,-0.03254907950758934,0.4851570129394531,True,0.1807798147201538,0.16958968341350555,0.09653465449810028,0.46503713726997375,1.0,0.47769927978515625,0.08478164672851562,0.4422583066784638,-0.18904100358486176,0.06077509745955467,0.4851226806640625,-0.10722783207893372,-0.5008926391601562,-0.019741058349609375,-53.480452357252695,-37.23089760659558,0.2880076467990875,0.9785919189453125,0.3534768223762512,4.356834755993466,2.1208246265165487,35.1291425875693,470995.6,3206.3,5.0,42395.0,150.11333720184464,17.496258742326603,train
2019,houston,487279.3,3.8,3338.2,63672,False,0.3264760673046112,0.10153241455554962,0.2699001431465149,0.09654279798269272,0.19064906239509583,0.10289134830236435,0.2623417377471924,0.09820308536291122,-0.09497838467359543,0.02938079833984375,True,0.5763656497001648,0.161788210272789,0.5507425665855408,0.8035272359848022,1.0,1.0,0.6427993774414062,0.15533465554661752,0.09790591895580292,-0.06242930516600609,-0.4557762145996094,0.395585834980011,0.5223007202148438,0.5580177307128906,59.540506244573564,218.82190530639485,0.1807798147201538,0.47769927978515625,0.16443581879138947,-0.8619860061552354,1.951562165959131,11.143695014662747,491516.1,3274.3,4.3,57288.0,145.9706728176862,19.07375232161045,val
2021,houston,516658.2,6.2,3292.3,69263,False,0.3543841540813446,0.17423957586288452,0.34953898191452026,0.17425307631492615,0.2771744430065155,0.19919444620609283,0.32703253626823425,0.1811617910861969,-0.003957332111895084,0.043834686279296875,True,0.29847291111946106,0.10535884648561478,0.279084175825119,0.4096534550189972,1.0,1.0,0.037296295166015625,0.17320471826723827,0.11077715456485748,0.07925868686288595,-0.011234283447265625,0.16535702347755432,0.5660400390625,0.01619720458984375,51.2251550422931,124.22035145975889,0.13311588764190674,0.4339599609375,0.21625538170337677,6.029170539360074,-1.3749925109340255,8.780939816559874,487279.3,3338.2,3.8,63672.0,156.9292591805121,21.037876256720224,test
2022,houston,531329.6,4.2,3449.8,75633,False,0.2699289917945862,0.13742925226688385,0.31829676032066345,0.12491840124130249,0.21711118519306183,0.14466151595115662,0.2684456408023834,0.13489776849746704,0.1005711629986763,0.030307769775390625,True,0.43398717045783997,0.26435068249702454,0.3326113820075989,0.8499380946159363,1.0,0.9775772094726562,0.3497428894042969,0.3390272119370028,-0.05858689546585083,0.10452849511057138,-0.01352691650390625,0.1355142593383789,-0.02242279052734375,0.31244659423828125,-17.914699293955717,45.40253211928522,0.29847291111946106,1.0,0.32703253626823425,2.8396723404370494,4.783889681985243,9.196829476055047,516658.2,3292.3,6.2,69263.0,154.01750826134847,21.923879645196823,test
2023,houston,564514.4,4.2,3578.7,68755,False,0.37761831283569336,0.06657321006059647,0.31804242730140686,0.049883048981428146,0.20718879997730255,0.04438834637403488,0.3009498417377472,0.05082912743091583,-0.08302338421344757,0.0001068115234375,True,0.2020604908466339,0.15876595675945282,0.11788366734981537,0.4619430601596832,1.0,0.58074951171875,0.06731414794921875,0.40156353887946383,0.03250420093536377,-0.18359454721212387,-0.030200958251953125,-0.23192667961120605,-0.39682769775390625,-0.2824287414550781,12.108299035219483,-53.440906874397285,0.43398717045783997,0.9775772094726562,0.2684456408023834,6.245614774708597,3.7364484897675077,-9.093914032234608,531329.6,3449.8,4.2,75633.0,157.74286752172577,19.21228379020315,test
2013,indianapolis,129568.7,7.2,901.4,8151,False,0.5147460103034973,0.1766405999660492,0.5237261652946472,0.16988052427768707,0.5144655704498291,0.16071507334709167,0.5176458954811096,0.16885040700435638,0.012901503592729568,0.000553131103515625,False,0.0,0.0,0.0,0.0,0.0,,,,,,,,,,,,,,,,,,,,,,143.74162414022632,9.042600399378744,train
2014,indianapolis,132378.9,5.7,929.6,8005,False,0.4294840097427368,0.22635091841220856,0.4402744770050049,0.22184954583644867,0.4709368944168091,0.20225763320922852,0.446898490190506,0.2166500687599182,0.024536767974495888,0.08838653564453125,False,0.0,0.0,0.0,0.0,0.0,,,,-0.07074740529060364,0.01163526438176632,0.08783340454101562,0.0,,,-13.66714310075804,,0.0,,0.5176458954811096,2.168888010761849,3.1284668293765305,-1.7911912648754802,129568.7,901.4,7.2,8151.0,142.40415232358004,8.611230636833046,train
2015,indianapolis,128971.3,4.5,958.3,8735,False,0.629754900932312,0.26168081164360046,0.6424607038497925,0.2548869252204895,0.6566783785820007,0.23885396122932434,0.6429646015167236,0.2514285445213318,0.01700354553759098,0.060985565185546875,False,0.0,0.0,0.0,0.0,0.0,,,,0.19606611132621765,-0.007533222436904907,-0.027400970458984375,0.0,,,43.8726278181512,,0.0,,0.446898490190506,-2.5741262391513975,3.0873493975903443,9.11930043722673,132378.9,929.6,5.7,8005.0,134.5834289888344,9.115099655640197,train
2016,indianapolis,132102.3,4.0,992.5,7773,False,0.16601955890655518,0.2132805585861206,0.18468116223812103,0.20946729183197021,0.25028643012046814,0.19207443296909332,0.20032905042171478,0.20480427145957947,0.16514484584331512,0.6512947082519531,False,0.0,0.0,0.0,0.0,0.0,,,,-0.44263555109500885,0.14814130030572414,0.5903091430664062,0.0,,,-68.84291142169448,,0.0,,0.6429646015167236,2.42767189289399,3.5688197850360037,-11.013165426445337,128971.3,958.3,4.5,8735.0,133.10055415617128,7.831738035264483,train
2017,indianapolis,135234.7,3.3,1005.5,9079,False,0.15913401544094086,0.2729935050010681,0.16630642116069794,0.27609536051750183,0.1791657954454422,0.2813606560230255,0.16820210218429565,0.27625221014022827,0.020302101969718933,0.6913185119628906,True,0.2020462602376938,0.07899196445941925,0.18595297634601593,0.3165222704410553,0.49814358353614807,0.9393692016601562,0.0,0.22258043119752613,-0.03212694823741913,-0.1448427438735962,0.0400238037109375,0.2020462602376938,,,-16.03708906411144,inf,0.0,,0.20032905042171478,2.371192628743035,1.3098236775818561,16.80174964621124,132102.3,992.5,4.0,7773.0,134.4949776230731,9.029338637493785,train
2018,indianapolis,140197.3,3.2,1026.0,8894,False,0.4273780584335327,0.169100821018219,0.4358973205089569,0.15929336845874786,0.42210832238197327,0.15133216977119446,0.42846131324768066,0.15964528918266296,0.016691390424966812,7.62939453125e-05,True,0.24667754769325256,0.11980417370796204,0.22586633265018463,0.4195544421672821,0.9260519742965698,0.9610595703125,0.051219940185546875,0.25463789051547603,0.260259211063385,-0.003610711544752121,-0.6912422180175781,0.04463128745555878,0.02169036865234375,0.051219940185546875,154.73005847348108,22.089637988376065,0.2020462602376938,0.9393692016601562,0.16820210218429565,3.66962029715745,2.0387866732968662,-2.037669346844362,135234.7,1005.5,3.3,9079.0,136.64454191033138,8.668615984405458,train
2019,indianapolis,143308.5,3.0,1041.4,9721,False,0.26773178577423096,0.2529756426811218,0.2842566967010498,0.24852026998996735,0.3387616276741028,0.22644419968128204,0.2969166934490204,0.242514967918396,0.08454954624176025,0.413330078125,True,0.3080579340457916,0.06640569120645523,0.3050742447376251,0.395730197429657,0.6899752616882324,0.9999923706054688,0.004459381103515625,0.12102844672972668,-0.13154461979866028,0.06785815581679344,0.4132537841796875,0.06138038635253906,0.03893280029296875,-0.04676055908203125,-30.701632966946136,24.882842774514092,0.24667754769325256,0.9610595703125,0.42846131324768066,2.219158286215217,1.5009746588694028,9.298403418034628,140197.3,1026.0,3.2,8894.0,137.61138851545994,9.334549644709044,val
2021,indianapolis,151423.1,3.8,1036.4,13451,False,0.5645542144775391,0.2907480001449585,0.5753414034843445,0.27880847454071045,0.6089053750038147,0.24987627565860748,0.5829336643218994,0.27274322509765625,0.027549220249056816,0.06325912475585938,True,0.24928008019924164,0.1558743715286255,0.21194306015968323,0.45111387968063354,1.0,0.8568840026855469,0.06391143798828125,0.33036827489494147,0.0725775957107544,0.010150264948606491,-0.01270294189453125,-0.0568685382604599,0.055912017822265625,-0.18783187866210938,14.220972410157295,-18.575467871316075,0.30614861845970154,0.8009719848632812,0.510356068611145,5.662329868779592,-0.4801229114653305,38.37053801049275,143308.5,1041.4,3.0,9721.0,146.10488228483212,12.97857969895793,test
2022,indianapolis,155899.3,2.9,1067.3,13533,False,0.4813765287399292,0.32921355962753296,0.49219179153442383,0.3307648003101349,0.5059790015220642,0.3370586335659027,0.4931824803352356,0.3321961462497711,0.011823956854641438,0.2589263916015625,True,0.5976524949073792,0.09753543138504028,0.587871253490448,0.7332921028137207,0.9925742745399475,1.0,0.8450355529785156,0.09141666531611814,-0.08975118398666382,-0.01572526339441538,0.19566726684570312,0.3483724147081375,0.14311599731445312,0.7811241149902344,-15.396466095514894,139.75140509811075,0.24928008019924164,0.8568840026855469,0.5829336643218994,2.956087941668062,2.98147433423388,0.6096201025945991,151423.1,1036.4,3.8,13451.0,146.0688653611918,12.679658952496956,test
2023,indianapolis,160074.4,3.1,1083.6,12554,False,0.15956491231918335,0.28464096784591675,0.1647842526435852,0.2877195477485657,0.1753331869840622,0.29858577251434326,0.1665608137845993,0.29006773233413696,0.010851118713617325,0.7079582214355469,True,0.1962229609489441,0.13468565046787262,0.15346534550189972,0.38273516297340393,1.0,0.6802406311035156,0.023563385009765625,0.36306147340106554,-0.3266216665506363,-0.0009728381410241127,0.4490318298339844,-0.40142953395843506,-0.3197593688964844,-0.82147216796875,-66.22734577445222,-67.16771658765457,0.5976524949073792,1.0,0.4931824803352356,2.678074885519055,1.527218214185333,-7.234168329269197,155899.3,1067.3,2.9,13533.0,147.72462163159838,11.58545588778147,test
2013,jacksonville,69428.6,7.3,653.5,7358,False,0.16669927537441254,0.20829835534095764,0.1917657107114792,0.2031838595867157,0.2640785276889801,0.18610574305057526,0.20751452445983887,0.19887350499629974,0.16517488658428192,0.5987033843994141,False,0.0,0.0,0.0,0.0,0.0,,,,,,,,,,,,,,,,,,,,,,106.24116296863046,11.25937260902831,train
2014,jacksonville,71128.7,6.5,665.6,7781,False,0.1642100065946579,0.18710178136825562,0.18923981487751007,0.1828283965587616,0.2592821419239044,0.16558578610420227,0.204244002699852,0.178240105509758,0.13547176122665405,0.5612354278564453,False,0.0,0.0,0.0,0.0,0.0,,,,-0.0032705217599868774,-0.02970312535762787,-0.03746795654296875,0.0,,,-1.5760447460244298,,0.0,,0.20751452445983887,2.448702696007099,1.8515684774292218,5.748844794781194,69428.6,653.5,7.3,7358.0,106.86403245192307,11.690204326923077,train
2015,jacksonville,74123.6,5.4,680.4,9671,False,0.14823020994663239,0.15662908554077148,0.16959799826145172,0.15251357853412628,0.2316650003194809,0.14184172451496124,0.18316438794136047,0.14995168149471283,0.11539679765701294,0.6206340789794922,False,0.0,0.0,0.0,0.0,0.0,,,,-0.021079614758491516,-0.020074963569641113,0.059398651123046875,0.0,,,-10.320799866750164,,0.0,,0.204244002699852,4.2105366750692985,2.223557692307687,24.28993702608919,71128.7,665.6,6.5,7781.0,108.94121105232217,14.213697824808936,train
2016,jacksonville,76911.8,4.7,702.1,11768,False,0.19436727464199066,0.15902221202850342,0.21196436882019043,0.15720927715301514,0.27375316619873047,0.14874926209449768,0.2266949713230133,0.15482299029827118,0.0660640224814415,0.30875396728515625,False,0.0,0.0,0.0,0.0,0.0,,,,0.04353058338165283,-0.04933277517557144,-0.31188011169433594,0.0,,,23.765855290379378,,0.0,,0.18316438794136047,3.7615550243107476,3.189300411522633,21.68338331092958,74123.6,680.4,5.4,9671.0,109.54536390827518,16.76114513602051,train
2017,jacksonville,80341.7,4.1,723.0,12959,False,0.19904081523418427,0.1921081393957138,0.22491522133350372,0.18737253546714783,0.2979537844657898,0.1709909290075302,0.24063661694526672,0.18320314586162567,0.11021462827920914,0.4411640167236328,True,0.3007470667362213,0.23943853378295898,0.21658416092395782,0.702351450920105,1.0,0.8312549591064453,0.20012855529785156,0.42006198502913916,0.013941645622253418,0.04415060579776764,0.13241004943847656,0.3007470667362213,,,6.1499580431310985,inf,0.0,,0.2266949713230133,4.459523766184126,2.9767839339125413,10.12066621346024,76911.8,702.1,4.7,11768.0,111.12268326417704,17.92392807745505,train
2018,jacksonville,82993.6,3.5,741.0,15450,False,0.2283485382795334,0.20826561748981476,0.24993789196014404,0.2039003074169159,0.3099122643470764,0.18616655468940735,0.26273292303085327,0.1992742121219635,0.07811839878559113,0.3566169738769531,True,0.07313734292984009,0.07801911979913712,0.054146040230989456,0.1556311994791031,0.6717202663421631,0.17467689514160156,0.0020275115966796875,0.4858643186962539,0.022096306085586548,-0.03209622949361801,-0.08454704284667969,-0.22760972380638123,-0.6565780639648438,-0.19810104370117188,9.182437139486721,-75.6814443034993,0.3007470667362213,0.8312549591064453,0.24063661694526672,3.300776558126106,2.4896265560165887,19.22216220387376,80341.7,723.0,4.1,12959.0,112.00215924426452,20.850202429149796,train
2019,jacksonville,86527.4,3.2,755.5,14687,False,0.18433329463005066,0.1408378630876541,0.19976398348808289,0.14023377001285553,0.2520546317100525,0.1316900998353958,0.2120506465435028,0.13727505505084991,0.06614949554204941,0.3615379333496094,True,0.42859703302383423,0.13191793859004974,0.41646039485931396,0.6073638796806335,0.96875,0.9997978210449219,0.2755546569824219,0.17312887312935876,-0.050682276487350464,-0.011968903243541718,0.00492095947265625,0.35545969009399414,0.8251209259033203,0.2735271453857422,-19.290417014619344,486.01668566902003,0.07313734292984009,0.17467689514160156,0.26273292303085327,4.257918682886386,1.9568151147098423,-4.938511326860839,82993.6,741.0,3.5,15450.0,114.52998014559893,19.44010589013898,val
2021,jacksonville,94752.9,4.2,764.8,22738,False,0.16780035197734833,0.16742946207523346,0.18544206023216248,0.16435866057872772,0.2647516131401062,0.14954541623592377,0.2059980034828186,0.16018807888031006,0.09284297376871109,0.5164852142333984,True,0.15342004597187042,0.08771773427724838,0.17110148072242737,0.260519802570343,0.5092821717262268,0.6374969482421875,7.62939453125e-06,0.3242491889194077,-0.06881269812583923,0.04322084039449692,0.2586803436279297,0.0887451171875,0.45523643493652344,-0.01049041748046875,-25.040035822124374,137.21718578675336,0.06467492878437042,0.18226051330566406,0.27481070160865784,9.506237330602785,1.2309728656518804,54.8171852658814,86527.4,755.5,3.2,14687.0,123.89239016736401,29.730648535564857,test
2022,jacksonville,100863.6,3.0,803.0,23163,False,0.18808302283287048,0.17031943798065186,0.2128812074661255,0.1676168292760849,0.27999112010002136,0.1595441699028015,0.2269851714372635,0.16547910869121552,0.08933664113283157,0.39653968811035156,True,0.6163820028305054,0.17870044708251953,0.5971534848213196,0.8685024380683899,1.0,1.0,0.6576900482177734,0.16658977154916688,0.020987167954444885,-0.0035063326358795166,-0.11994552612304688,0.46296195685863495,0.3625030517578125,0.6576824188232422,10.188044349757664,301.7610599227164,0.15342004597187042,0.6374969482421875,0.2059980034828186,6.449090212542319,4.994769874477001,1.8691177764095457,94752.9,764.8,4.2,22738.0,125.60846824408469,28.845579078455792,test
2023,jacksonville,105893.1,3.1,822.1,20326,False,0.2820785641670227,0.19536519050598145,0.30106380581855774,0.19230952858924866,0.3415442705154419,0.17503692209720612,0.30822885036468506,0.187349334359169,0.0640069842338562,0.189422607421875,True,0.23801733553409576,0.16913557052612305,0.17636138200759888,0.4900990128517151,1.0,0.8277454376220703,0.09430503845214844,0.36495576687604503,0.08124367892742157,-0.025329656898975372,-0.20711708068847656,-0.3783646672964096,-0.1722545623779297,-0.563385009765625,35.7925050403024,-61.38476878930768,0.6163820028305054,1.0,0.2269851714372635,4.986437128954346,2.378580323785795,-12.24798169494452,100863.6,803.0,3.0,23163.0,128.80805254835178,24.724486072253985,test
2013,kansas_city,120822.3,6.3,1011.8,7532,False,0.39561381936073303,0.3398802876472473,0.40617382526397705,0.3337380886077881,0.42076247930526733,0.31698545813560486,0.4075167179107666,0.3299795985221863,0.03817332163453102,0.3140411376953125,False,0.0,0.0,0.0,0.0,0.0,,,,,,,,,,,,,,,,,,,,,,119.41322395730383,7.444158924688674,train
2014,kansas_city,124078.3,5.6,1034.1,8207,False,0.1091424971818924,0.21274417638778687,0.11562807857990265,0.2179822474718094,0.12524782121181488,0.2263730764389038,0.11667279899120331,0.21860580146312714,0.014607101678848267,0.7192420959472656,False,0.0,0.0,0.0,0.0,0.0,,,,-0.2908439189195633,-0.023566219955682755,0.4052009582519531,0.0,,,-71.36981285348128,,0.0,,0.4075167179107666,2.6948667588681863,2.2039928839691525,8.961763143919278,120822.3,1011.8,6.3,7532.0,119.98675176481966,7.936369790155692,train
2015,kansas_city,128812.0,4.8,1057.2,8954,False,0.4630225896835327,0.3353702127933502,0.4746128022670746,0.3313150405883789,0.4950765371322632,0.32737329602241516,0.4775705933570862,0.331232488155365,0.025505848228931427,0.199798583984375,False,0.0,0.0,0.0,0.0,0.0,,,,0.3608977943658829,0.01089874655008316,-0.5194435119628906,0.0,,,309.3247076322333,,0.0,,0.11667279899120331,3.8150909546633027,2.233826515810855,9.101986109418792,124078.3,1034.1,5.6,8207.0,121.842603102535,8.469542186908816,train
2016,kansas_city,129510.1,4.3,1087.0,10389,False,0.5384006500244141,0.3049761950969696,0.5537934303283691,0.2975068986415863,0.5747391581535339,0.2928200662136078,0.5556445717811584,0.2982005476951599,0.029958922415971756,0.13125228881835938,False,0.0,0.0,0.0,0.0,0.0,,,,0.07807397842407227,0.004453074187040329,-0.06854629516601562,0.0,,,16.348154494867572,,0.0,,0.4775705933570862,0.5419526131105856,2.818766553159291,16.02635693544785,128812.0,1057.2,4.8,8954.0,119.14452621895124,9.557497700091997,train
2017,kansas_city,133753.9,3.8,1094.9,9851,False,0.5636552572250366,0.2412252426147461,0.57487952709198,0.23840640485286713,0.5916979312896729,0.2313670665025711,0.5767441391944885,0.23683764040470123,0.013288763351738453,0.05518341064453125,True,0.4081171751022339,0.2470165193080902,0.38799503445625305,0.7694925665855408,1.0,0.9381179809570312,0.333282470703125,0.34091153138957186,0.021099567413330078,-0.016670159064233303,-0.07606887817382812,0.4081171751022339,,,3.797313693840998,inf,0.0,,0.5556445717811584,3.2768100711836334,0.7267709291628455,-5.178554240061606,129510.1,1087.0,4.3,10389.0,122.16083660608273,8.997168691204676,train
2018,kansas_city,136390.2,3.4,1100.7,10268,False,0.36607638001441956,0.3565472960472107,0.3795952796936035,0.34742188453674316,0.4197083115577698,0.3183542788028717,0.3884600102901459,0.34056761860847473,0.0874590054154396,0.4444122314453125,True,0.25771892070770264,0.1948031783103943,0.19647277891635895,0.5495049357414246,0.9557549357414246,0.777099609375,0.13198471069335938,0.40792461543085223,-0.18828412890434265,0.07417024206370115,0.38922882080078125,-0.15039825439453125,-0.16101837158203125,-0.20129776000976562,-32.64604113139499,-36.85173366125949,0.4081171751022339,0.9381179809570312,0.5767441391944885,1.9710079481794596,0.5297287423508878,4.233072784488878,133753.9,1094.9,3.8,9851.0,123.91223766693922,9.328609066957391,train
2019,kansas_city,139467.0,3.2,1113.2,9347,False,0.4185744822025299,0.3334865868091583,0.429573118686676,0.3309240937232971,0.44009995460510254,0.330630898475647,0.42941591143608093,0.33154359459877014,0.026871563866734505,0.3136711120605469,True,0.5837352275848389,0.12835150957107544,0.5819925665855408,0.7515470385551453,0.999690592288971,1.0,0.7303466796875,0.12490867802516892,0.04095590114593506,-0.0605874415487051,-0.13074111938476562,0.32601630687713623,0.222900390625,0.5983619689941406,10.543144741036414,126.50072644332333,0.25771892070770264,0.777099609375,0.3884600102901459,2.2558805544679705,1.1356409557554237,-8.969614335800546,136390.2,1100.7,3.4,10268.0,125.28476464247214,8.396514552641035,val
2021,kansas_city,140983.2,4.1,1102.8,11254,False,0.5685561299324036,0.2739826738834381,0.5796229243278503,0.26905855536460876,0.6069507598876953,0.25842341780662537,0.5850431323051453,0.266877144575119,0.01659020222723484,0.06862258911132812,True,0.21012338995933533,0.09385209530591965,0.18471534550189972,0.34591585397720337,0.6949257254600525,0.9633522033691406,0.010486602783203125,0.23796836924299436,0.3790147751569748,0.017539957130793482,-0.6955451965332031,-0.3180563747882843,-0.0046539306640625,-0.5450172424316406,183.96243138724677,-60.21744792518913,0.5281797647476196,0.9680061340332031,0.20602835714817047,1.087138893071482,-0.9342436219906602,20.402268107414145,139467.0,1113.2,3.2,9347.0,127.84113166485312,10.20493289807762,test
2022,kansas_city,148481.2,2.7,1128.0,11213,False,0.5514149069786072,0.3407568633556366,0.5588398575782776,0.33678698539733887,0.5664526224136353,0.3260849714279175,0.5589025020599365,0.3343174457550049,0.01599881611764431,0.19794082641601562,True,0.33943629264831543,0.15133194625377655,0.3038366436958313,0.5689975619316101,0.922339141368866,0.9942741394042969,0.16024017333984375,0.24692950404020886,-0.02614063024520874,-0.0005913861095905304,0.1293182373046875,0.1293129026889801,0.03092193603515625,0.14975357055664062,-4.468154363629784,61.54141274515212,0.21012338995933533,0.9633522033691406,0.5850431323051453,5.31836417388738,2.2850924918389692,-0.36431491025412654,140983.2,1102.8,4.1,11254.0,131.6322695035461,9.940602836879433,test
2023,kansas_city,148409.4,3.0,1146.6,7514,False,0.37603098154067993,0.29693591594696045,0.3930489718914032,0.29134249687194824,0.416967511177063,0.27450376749038696,0.3953491449356079,0.28744664788246155,0.06473958492279053,0.30242156982421875,True,0.6293659210205078,0.2450527846813202,0.6333539485931396,0.9535890817642212,1.0,1.0,0.67376708984375,0.22415776536808507,-0.1635533571243286,0.04874076880514622,0.10448074340820312,0.2899296283721924,0.005725860595703125,0.5135269165039062,-29.263307378571945,85.41503506007942,0.33943629264831543,0.9942741394042969,0.5589025020599365,-0.04835629022396093,1.6489361702127558,-32.98849549629894,148481.2,1128.0,2.7,11213.0,129.43432757718472,6.553287981859411,test
2013,las_vegas,102677.7,10.0,897.4,8573,False,0.33400002121925354,0.28911304473876953,0.36302319169044495,0.27921178936958313,0.3281434178352356,0.2955542206764221,0.3417221009731293,0.2873801290988922,0.08040858060121536,0.321319580078125,False,0.0,0.0,0.0,0.0,0.0,,,,,,,,,,,,,,,,,,,,,,114.41687096055271,9.553153554713617,train
2014,las_vegas,104183.5,8.3,925.9,10036,False,0.44513535499572754,0.26180434226989746,0.47180187702178955,0.24827387928962708,0.4546342194080353,0.2560287415981293,0.45719048380851746,0.2547317445278168,0.0575893335044384,0.11913871765136719,False,0.0,0.0,0.0,0.0,0.0,,,,0.11546838283538818,-0.022819247096776962,-0.2021808624267578,0.0,,,33.79014190377691,,0.0,,0.3417221009731293,1.4665307072519118,3.1758413193670565,17.065204712469374,102677.7,897.4,10.0,8573.0,112.52133059725672,10.83918349713792,train
2015,las_vegas,108812.8,7.0,954.5,10605,False,0.4414040148258209,0.27560389041900635,0.46900901198387146,0.26190999150276184,0.4531532824039459,0.2705836594104767,0.45452210307121277,0.2687801122665405,0.06336604058742523,0.1420612335205078,False,0.0,0.0,0.0,0.0,0.0,,,,-0.0026683807373046875,0.005776707082986832,0.022922515869140625,0.0,,,-0.5836474799467362,,0.0,,0.45719048380851746,4.443409944952892,3.088886488821685,5.669589477879633,104183.5,925.9,8.3,10036.0,113.99979046621267,11.11052907281299,train
2016,las_vegas,112331.2,5.9,971.1,13577,False,0.2815544009208679,0.22745588421821594,0.3187977075576782,0.21769040822982788,0.2935689687728882,0.21871459484100342,0.2979736924171448,0.21987299621105194,0.10550332814455032,0.2644081115722656,False,0.0,0.0,0.0,0.0,0.0,,,,-0.156548410654068,0.04213728755712509,0.12234687805175781,0.0,,,-34.442419762706365,,0.0,,0.45452210307121277,3.233443124338309,1.7391304347826209,28.024516737388016,108812.8,954.5,7.0,10605.0,115.67418391514776,13.981052414787355,train
2017,las_vegas,116332.4,5.2,1002.1,14073,False,0.38938188552856445,0.23999856412410736,0.42316675186157227,0.22722838819026947,0.4050304591655731,0.23043420910835266,0.40585964918136597,0.23173511028289795,0.0742935761809349,0.10378265380859375,True,0.2010728418827057,0.2028035819530487,0.1336633712053299,0.3870668411254883,1.0,0.7051124572753906,0.07552719116210938,0.4396037281762317,0.10788595676422119,-0.031209751963615417,-0.16062545776367188,0.2010728418827057,,,36.206537526536906,inf,0.0,,0.2979736924171448,3.5619667554517287,3.192256204304389,3.653237092141115,112331.2,971.1,5.9,13577.0,116.08861391078734,14.043508631873067,train
2018,las_vegas,122721.4,4.6,1040.3,12044,False,0.4525797963142395,0.27365347743034363,0.4800244867801666,0.2602078914642334,0.45683154463768005,0.2673393487930298,0.46314525604248047,0.26657143235206604,0.053737808018922806,0.07372093200683594,True,0.5235804319381714,0.17475280165672302,0.5451732873916626,0.7351484894752502,1.0,0.9951686859130859,0.5945110321044922,0.18954599679036122,0.0572856068611145,-0.0205557681620121,-0.030061721801757812,0.3225075900554657,0.2900562286376953,0.5189838409423828,14.11463469617187,160.39341118160456,0.2010728418827057,0.7051124572753906,0.40585964918136597,5.492021139424619,3.8119948108971125,-14.417679243942306,116332.4,1002.1,5.2,14073.0,117.96731712006152,11.577429587618957,train
2019,las_vegas,128195.3,4.3,1081.2,13903,False,0.4524114429950714,0.279772013425827,0.47914135456085205,0.2610478103160858,0.42701882123947144,0.2944903075695038,0.45285725593566895,0.2775266468524933,0.05764555186033249,0.1137237548828125,True,0.5223600268363953,0.15691249072551727,0.49907177686691284,0.7035890817642212,1.0,0.9999942779541016,0.49650001525878906,0.15891914545761,-0.010288000106811523,0.003907743841409683,0.04000282287597656,-0.001220405101776123,0.004825592041015625,-0.09801101684570312,-2.2213333662793433,-0.23308837140044725,0.5235804319381714,0.9951686859130859,0.46314525604248047,4.4604282545668505,3.9315582043641273,15.435071404848877,122721.4,1040.3,4.6,12044.0,118.56761006289308,12.858860525342212,val
2021,las_vegas,130270.4,7.8,1007.6,16307,False,0.47566863894462585,0.26642554998397827,0.5004761219024658,0.2551434636116028,0.4918610453605652,0.26632604002952576,0.489335298538208,0.26234307885169983,0.04679024592041969,0.11588668823242188,True,0.3507562577724457,0.14906564354896545,0.3490099012851715,0.5213490128517151,1.0,0.9435539245605469,0.13686370849609375,0.23157507327181204,0.017747104167938232,-0.020260516554117203,0.018537521362304688,-0.005586802959442139,0.14786148071289062,-0.19072914123535156,3.763263029015529,-1.5678158423984678,0.3563430607318878,0.7956924438476562,0.4715881943702698,1.6187020897021842,-6.807251202367737,17.29123210817809,128195.3,1081.2,4.3,13903.0,129.28781262405715,16.184001587931718,test
2022,las_vegas,141930.9,5.6,1081.8,13066,False,0.3398931920528412,0.24012616276741028,0.3734838366508484,0.22598038613796234,0.3367677330970764,0.23722484707832336,0.35004836320877075,0.23312801122665405,0.08149860054254532,0.13172531127929688,True,0.331802636384964,0.21489529311656952,0.29084157943725586,0.5761138796806335,1.0,0.9323062896728516,0.16082763671875,0.3422147380326923,-0.13928693532943726,0.034708354622125626,0.015838623046875,-0.01895362138748169,-0.011247634887695312,0.02396392822265625,-28.464518244551197,-5.4036445444625265,0.3507562577724457,0.9435539245605469,0.489335298538208,8.950997310210141,7.364033346566101,-19.874900349543147,130270.4,1007.6,7.8,16307.0,131.19883527454243,12.078018117951563,test
2023,las_vegas,147606.3,5.4,1124.2,13073,False,0.36180922389030457,0.24461856484413147,0.39273425936698914,0.23354870080947876,0.3692266643047333,0.2509550452232361,0.37459006905555725,0.2425520271062851,0.07452695071697235,0.21292495727539062,True,0.585330069065094,0.20039226114749908,0.5987005233764648,0.837561845779419,1.0,0.9871978759765625,0.682647705078125,0.1938639631296084,0.0245417058467865,-0.0069716498255729675,0.08119964599609375,0.25352743268013,0.05489158630371094,0.521820068359375,7.010947179361526,76.40910736645941,0.331802636384964,0.9323062896728516,0.35004836320877075,3.9987064127684713,3.91939360325384,0.05357416194704534,141930.9,1081.8,5.6,13066.0,131.2989681551325,11.628713752001422,test
2013,miami,298062.3,7.3,2690.6,19921,False,0.20997227728366852,0.2618073523044586,0.22749640047550201,0.2569931149482727,0.3006872534751892,0.23026631772518158,0.24605199694633484,0.24954383075237274,0.16436491906642914,0.5981636047363281,False,0.0,0.0,0.0,0.0,0.0,,,,,,,,,,,,,,,,,,,,,,110.77911989890731,7.403924775143091,train
2014,miami,308201.7,6.3,2765.8,15259,False,0.268586665391922,0.3304402232170105,0.28158634901046753,0.3247910737991333,0.316723108291626,0.315557599067688,0.2889653742313385,0.32200509309768677,0.065534308552742,0.5286216735839844,False,0.0,0.0,0.0,0.0,0.0,,,,0.04291337728500366,-0.09883061051368713,-0.06954193115234375,0.0,,,17.440775859406376,,0.0,,0.24605199694633484,3.4017720456428258,2.7949156322010005,-23.40243963656443,298062.3,2690.6,7.3,19921.0,111.43311157712054,5.517029430906066,train
2015,miami,321882.4,5.5,2806.2,23450,False,0.26855504512786865,0.2206432819366455,0.29138368368148804,0.2141241431236267,0.3562418818473816,0.19472311437129974,0.3053935170173645,0.20963624119758606,0.07511265575885773,0.24810791015625,False,0.0,0.0,0.0,0.0,0.0,,,,0.016428142786026,0.009578347206115723,-0.2805137634277344,0.0,,,5.685159624998537,,0.0,,0.2889653742313385,4.43887882513303,1.4606985320702703,53.67979553050659,308201.7,2765.8,6.3,15259.0,114.70401254365335,8.356496329555984,train
2016,miami,331897.6,5.0,2856.3,18742,False,0.24849086999893188,0.27821052074432373,0.265912264585495,0.2760840356349945,0.30567115545272827,0.27060213685035706,0.2733580470085144,0.27423569560050964,0.07001279294490814,0.5179214477539062,False,0.0,0.0,0.0,0.0,0.0,,,,-0.0320354700088501,-0.005099862813949585,0.26981353759765625,0.0,,,-10.489898515765994,,0.0,,0.3053935170173645,3.111446913531135,1.785332478084256,-20.076759061833695,321882.4,2806.2,5.5,23450.0,116.19843853936909,6.561635682526345,train
2017,miami,346955.9,4.4,2936.2,19723,False,0.2519215941429138,0.23833033442497253,0.26700520515441895,0.2347034215927124,0.3294790983200073,0.21321706473827362,0.28280195593833923,0.22861100733280182,0.06671308726072311,0.4752693176269531,True,0.5479915142059326,0.2732281982898712,0.5646658539772034,0.9229578971862793,1.0,0.9745101928710938,0.5663871765136719,0.28767355383637416,0.009443908929824829,-0.003299705684185028,-0.042652130126953125,0.5479915142059326,,,3.4547762662098247,inf,0.0,,0.2733580470085144,4.5370319038161355,2.797325210937207,5.234233272863098,331897.6,2856.3,5.0,18742.0,118.1649410803079,6.717185477828486,train
2018,miami,359851.3,3.6,2976.3,19553,False,0.22303573787212372,0.2678506672382355,0.24382083117961884,0.26064014434814453,0.3170035779476166,0.23220530152320862,0.2612867057323456,0.2533743977546692,0.1577097773551941,0.5758094787597656,True,0.10826081037521362,0.09993057698011398,0.06590346992015839,0.24288366734981537,0.7413366436958313,0.27809906005859375,0.010898590087890625,0.3991681658459654,-0.021515250205993652,0.09099669009447098,0.1005401611328125,-0.439730703830719,-0.6964111328125,-0.5554885864257812,-7.607885926603963,-80.2440717477005,0.5479915142059326,0.9745101928710938,0.28280195593833923,3.7167259585439982,1.3657107826442472,-0.8619378390711363,346955.9,2936.2,4.4,19723.0,120.90558747438094,6.569566239962369,train
2019,miami,367593.1,3.1,3033.9,20688,False,0.12096297740936279,0.2221677303314209,0.13106028735637665,0.22351959347724915,0.1497248113155365,0.22865842282772064,0.13391602039337158,0.22420844435691833,0.05198073387145996,0.7752494812011719,True,0.4091709852218628,0.10704760998487473,0.4074876308441162,0.5495049357414246,0.869121253490448,0.9997711181640625,0.19812393188476562,0.1482089895702634,-0.127370685338974,-0.10572904348373413,0.19944000244140625,0.30091017484664917,0.7216720581054688,0.187225341796875,-48.74748027534503,277.94930945348136,0.10826081037521362,0.27809906005859375,0.2612867057323456,2.151388643031149,1.9352887813728348,5.804735846161724,359851.3,2976.3,3.6,19553.0,121.16190382016545,6.818945911203401,val
2021,miami,392208.7,5.1,2910.8,25313,False,0.2098299264907837,0.23369857668876648,0.22904625535011292,0.22830110788345337,0.2985728979110718,0.20770224928855896,0.24581637978553772,0.22303582727909088,0.11036278307437897,0.5716438293457031,True,0.26186659932136536,0.06480909138917923,0.2512376308441162,0.3551980257034302,0.6806930899620056,0.9998893737792969,0.000640869140625,0.13739862259785607,0.06621973216533661,0.03362865000963211,-0.054553985595703125,0.1771157756447792,0.7573051452636719,-0.0268402099609375,36.87136315894583,208.98413485709924,0.08475082367658615,0.242584228515625,0.1795966476202011,6.696426021054269,-4.0574837667688435,22.35595514307811,367593.1,3033.9,3.1,20688.0,134.7425793596262,8.696234712106637,test
2022,miami,417785.8,2.8,3090.2,19721,False,0.24419556558132172,0.23487968742847443,0.2641869783401489,0.23070117831230164,0.3204498291015625,0.20966409146785736,0.27627745270729065,0.22490857541561127,0.09199415147304535,0.46154022216796875,True,0.6816282272338867,0.12327759712934494,0.6704826951026917,0.8545792102813721,1.0,1.0,0.9440803527832031,0.10281212422753372,0.03046107292175293,-0.018368631601333618,-0.11010360717773438,0.41976162791252136,0.000110626220703125,0.9434394836425781,12.391799500232104,160.2959785632629,0.26186659932136536,0.9998893737792969,0.24581637978553772,6.5212984821601205,6.163254088223158,-22.091415478212774,392208.7,2910.8,5.1,25313.0,135.1970099022717,6.381787586563977,test
2023,miami,438207.8,2.5,3187.6,21320,False,0.16709908843040466,0.2036035805940628,0.18662826716899872,0.20091687142848969,0.2505251169204712,0.18373887240886688,0.201417475938797,0.1959550678730011,0.13912568986415863,0.6427192687988281,True,0.19539062678813934,0.15822429955005646,0.13211634755134583,0.44832921028137207,1.0,0.6056900024414062,0.06494140625,0.42380901761452283,-0.07485997676849365,0.04713153839111328,0.18117904663085938,-0.4862376004457474,-0.39430999755859375,-0.8791389465332031,-27.0959414295042,-71.33472192296767,0.6816282272338867,1.0,0.27627745270729065,4.888150817955039,3.1518995534269623,8.108108108108114,417785.8,3090.2,2.8,19721.0,137.47264399548249,6.688417618270799,test
2013,minneapolis,234720.5,4.8,1807.5,12033,False,0.40415558218955994,0.17056326568126678,0.41872066259384155,0.1632358580827713,0.4512145519256592,0.13998541235923767,0.42469698190689087,0.15757571160793304,0.02432854287326336,0.00029754638671875,False,0.0,0.0,0.0,0.0,0.0,,,,,,,,,,,,,,,,,,,,,,129.8591977869986,6.657261410788382,train
2014,minneapolis,243710.5,4.0,1840.4,11421,False,0.12205774337053299,0.11794818937778473,0.13544389605522156,0.12118297815322876,0.16982029378414154,0.12861672043800354,0.14244064688682556,0.12193362414836884,0.050872333347797394,0.6005592346191406,False,0.0,0.0,0.0,0.0,0.0,,,,-0.2822563350200653,0.026543790474534035,0.6002616882324219,0.0,,,-66.46064065554067,,0.0,,0.42469698190689087,3.8300872740131275,1.820193637621026,-5.086013462976813,234720.5,1807.5,4.8,12033.0,132.4225711801782,6.205716148663334,train
2015,minneapolis,249044.5,3.5,1864.3,11673,False,0.46590742468833923,0.18381257355213165,0.47655409574508667,0.17814582586288452,0.5106886625289917,0.15678483247756958,0.4843834936618805,0.17277492582798004,0.015126523561775684,0.0002765655517578125,False,0.0,0.0,0.0,0.0,0.0,,,,0.34194284677505493,-0.03574580978602171,-0.6002826690673828,0.0,,,240.05988055273392,,0.0,,0.14244064688682556,2.1886623678503803,1.2986307324494684,2.206461780929869,243710.5,1840.4,4.0,11421.0,133.58606447460173,6.2613313307944,train
2016,minneapolis,253078.0,3.5,1909.3,14160,False,0.4476083517074585,0.20051488280296326,0.45906612277030945,0.19540666043758392,0.49105215072631836,0.17806825041770935,0.465908944606781,0.19117137789726257,0.018360810354351997,0.0002384185791015625,False,0.0,0.0,0.0,0.0,0.0,,,,-0.018474549055099487,0.003234286792576313,-3.814697265625e-05,0.0,,,-3.814033569854769,,0.0,,0.4843834936618805,1.6195900732600021,2.413774607091135,21.30557697250064,249044.5,1864.3,3.5,11673.0,132.55014926936573,7.4163305923636935,train
2017,minneapolis,257849.1,3.1,1946.8,15100,False,0.5402349233627319,0.25374162197113037,0.5470141172409058,0.24502749741077423,0.5732927918434143,0.21252672374248505,0.5535138845443726,0.2369747906923294,0.01571165770292282,0.001285552978515625,True,0.11361103504896164,0.06866470724344254,0.10210396349430084,0.20266088843345642,0.5807549357414246,0.5134677886962891,0.0001049041748046875,0.3241362942657653,0.08760493993759155,-0.0026491526514291763,0.0010471343994140625,0.11361103504896164,,,18.803017403224274,inf,0.0,,0.465908944606781,1.885229059815563,1.9640706017912235,6.638418079096042,253078.0,1909.3,3.5,14160.0,132.44765769467844,7.756318060406822,train
2018,minneapolis,265729.2,2.7,1966.5,18206,False,0.3663971722126007,0.27802184224128723,0.38010933995246887,0.2710328996181488,0.4133698046207428,0.2553774118423462,0.3866254389286041,0.26709771156311035,0.03252946585416794,0.1757946014404297,True,0.165328711271286,0.15656287968158722,0.11231435835361481,0.4003712832927704,0.7320544719696045,0.5236473083496094,0.04153633117675781,0.5119575727632377,-0.16688844561576843,0.016817808151245117,0.17450904846191406,0.05171767622232437,0.010179519653320312,0.041431427001953125,-30.150724358638882,45.52170147911794,0.11361103504896164,0.5134677886962891,0.5535138845443726,3.0560897827450306,1.011916991986861,20.56953642384105,257849.1,1946.8,3.1,15100.0,135.12799389778795,9.258072718026952,train
2019,minneapolis,270049.2,3.0,1985.9,22414,False,0.3098810613155365,0.163935124874115,0.32663044333457947,0.15826036036014557,0.3435560166835785,0.15096016228199005,0.32668909430503845,0.1575799435377121,0.033938609063625336,5.91278076171875e-05,True,0.3931161165237427,0.10010778903961182,0.3861386179924011,0.5232054591178894,0.8954207897186279,0.9999370574951172,0.1405925750732422,0.14279572937809837,-0.059936344623565674,0.0014091432094573975,-0.1757354736328125,0.22778740525245667,0.4762897491455078,0.09905624389648438,-15.502431704871277,137.77849201200323,0.165328711271286,0.5236473083496094,0.3866254389286041,1.6257152017918886,0.9865242817187925,23.11325936504449,265729.2,1966.5,2.7,18206.0,135.98328213908053,11.286570320761367,val
2021,minneapolis,275703.3,3.6,1940.0,26077,False,0.37994131445884705,0.10397820174694061,0.38483938574790955,0.099137082695961,0.4266456365585327,0.0843314677476883,0.39714211225509644,0.09547902643680573,0.009249922819435596,0.00293731689453125,True,0.05942348763346672,0.03984806686639786,0.042388614267110825,0.11324257403612137,0.34405940771102905,0.14377593994140625,0.0,0.3437230570990255,0.09353768825531006,-0.01557243149727583,-0.24254608154296875,-0.0835089422762394,-0.4231529235839844,-0.0004863739013671875,30.809066291924616,-58.425468823970895,0.14293242990970612,0.5669288635253906,0.3036044239997864,2.093729587053028,-2.3112946271212076,16.342464531096645,270049.2,1985.9,3.0,22414.0,142.1151030927835,13.441752577319587,test
2022,minneapolis,281954.6,2.3,1989.1,23725,False,0.2481267750263214,0.22895470261573792,0.26823270320892334,0.2216789871454239,0.33390623331069946,0.1945335417985916,0.28342193365097046,0.21487869322299957,0.08315498381853104,0.35562896728515625,True,0.3111286461353302,0.07473047822713852,0.29424506425857544,0.4195544421672821,0.6896658539772034,1.0,0.02248382568359375,0.13043598707715698,-0.11372017860412598,0.07390506099909544,0.352691650390625,0.2517051585018635,0.8562240600585938,0.02248382568359375,-28.634631053953818,423.57856888915694,0.05942348763346672,0.14377593994140625,0.39714211225509644,2.2674012244322084,2.530927835051533,-9.019442420523838,275703.3,1940.0,3.6,26077.0,141.74983660952188,11.927504901714343,test
2023,minneapolis,285415.6,2.6,2007.9,18633,False,0.17654383182525635,0.20179572701454163,0.19811441004276276,0.19845296442508698,0.2698558270931244,0.18045924603939056,0.21483798325061798,0.1933830976486206,0.12872236967086792,0.5754852294921875,True,0.27250930666923523,0.08116018772125244,0.2534034848213196,0.3784034848213196,0.7534034848213196,1.0,0.0226287841796875,0.15577694159775501,-0.06858395040035248,0.045567385852336884,0.21985626220703125,-0.03861933946609497,0.0,0.00014495849609375,-24.198533090530848,-12.412659504614332,0.3111286461353302,1.0,0.28342193365097046,1.227502583749307,0.9451510733497592,-21.46259220231823,281954.6,1989.1,2.3,23725.0,142.1463220279894,9.279844613775586,test
2013,nashville,108148.0,6.1,856.1,10889,False,0.09610234200954437,0.10550491511821747,0.11673367023468018,0.10432303696870804,0.1812964677810669,0.09948217868804932,0.13137750327587128,0.10297247767448425,0.16326764225959778,0.7790374755859375,False,0.0,0.0,0.0,0.0,0.0,,,,,,,,,,,,,,,,,,,,,,126.32636374255344,12.719308491998598,train
2014,nashville,113144.3,5.2,871.8,15040,False,0.17577815055847168,0.155840203166008,0.1915493905544281,0.15460407733917236,0.23817048966884613,0.14456148445606232,0.20183266699314117,0.15152788162231445,0.07206493616104126,0.449676513671875,False,0.0,0.0,0.0,0.0,0.0,,,,0.0704551637172699,-0.09120270609855652,-0.3293609619140625,0.0,,,53.62802760022436,,0.0,,0.13137750327587128,4.619872766948996,1.8338979091227614,38.121039581228764,108148.0,856.1,6.1,10889.0,129.78240422115164,17.251663225510438,train
2015,nashville,120688.7,4.5,900.4,18291,False,0.16215452551841736,0.14175935089588165,0.1827835589647293,0.13985425233840942,0.22857706248760223,0.13816529512405396,0.19117164611816406,0.13973690569400787,0.08958036452531815,0.5751991271972656,False,0.0,0.0,0.0,0.0,0.0,,,,-0.010661020874977112,0.017515428364276886,0.12552261352539062,0.0,,,-5.282108706089383,,0.0,,0.20183266699314117,6.667945269889852,3.2805689378297753,21.61569148936171,113144.3,871.8,5.2,15040.0,134.03898267436693,20.314304753442915,train
2016,nashville,125193.6,3.8,935.6,20182,False,0.24437884986400604,0.13282440602779388,0.25917595624923706,0.13091155886650085,0.28587570786476135,0.12368083000183105,0.26314350962638855,0.1290251910686493,0.03918776288628578,0.16796112060546875,False,0.0,0.0,0.0,0.0,0.0,,,,0.07197186350822449,-0.050392601639032364,-0.4072380065917969,0.0,,,37.64777097945704,,0.0,,0.19117164611816406,3.7326609699168234,3.9093736117281175,10.33841780110436,120688.7,900.4,4.5,18291.0,133.8110303548525,21.571184266780676,train
2017,nashville,130985.7,3.0,978.4,20631,False,0.17688855528831482,0.13149046897888184,0.19255898892879486,0.13130328059196472,0.24135814607143402,0.12563718855381012,0.2036018967628479,0.1292640119791031,0.06239071488380432,0.4093132019042969,True,0.2288515567779541,0.10864074528217316,0.20575495064258575,0.3975866436958313,0.6435643434524536,0.9437026977539062,0.0339202880859375,0.2547992302044364,-0.05954161286354065,0.02320295199751854,0.24135208129882812,0.2288515567779541,,,-22.62704976006359,inf,0.0,,0.26314350962638855,4.626514454413,4.574604531851212,2.224754731939349,125193.6,935.6,3.8,20182.0,133.87745298446444,21.08646770237122,train
2018,nashville,135011.9,2.7,1015.8,19159,False,0.2504498064517975,0.2057490348815918,0.2672346830368042,0.20201773941516876,0.3105403482913971,0.18957656621932983,0.27607500553131104,0.19900165498256683,0.06171559914946556,0.39513397216796875,True,0.08366352319717407,0.057835910469293594,0.06373762339353561,0.15625,0.6160272359848022,0.24254226684570312,0.000396728515625,0.32634099891351087,0.07247310876846313,-0.0006751157343387604,-0.014179229736328125,-0.14518803358078003,-0.7011604309082031,-0.0335235595703125,35.59549784198652,-63.442012641255666,0.2288515567779541,0.9437026977539062,0.2036018967628479,3.0737706482463434,3.8225674570727675,-7.134894091415833,130985.7,978.4,3.0,20631.0,132.91189210474502,18.860996259106123,train
2019,nashville,139822.9,2.6,1054.4,22702,False,0.20991434156894684,0.14895182847976685,0.2259529083967209,0.1478310227394104,0.2697184681892395,0.14045795798301697,0.23519524931907654,0.14558754861354828,0.0534760057926178,0.2905731201171875,True,0.35535845160484314,0.07102182507514954,0.35457921028137207,0.4474009871482849,0.6995668411254883,1.0,0.024204254150390625,0.11289121944924374,-0.0408797562122345,-0.008239593356847763,-0.10456085205078125,0.27169492840766907,0.7574577331542969,0.023807525634765625,-14.807481805011902,324.74717538173934,0.08366352319717407,0.24254226684570312,0.27607500553131104,3.5633895975095475,3.79996062216974,18.49261443707917,135011.9,1015.8,2.7,19159.0,132.60897192716234,21.53072837632777,val
2021,nashville,154690.1,3.8,1051.2,32191,False,0.15680226683616638,0.16949303448200226,0.17778033018112183,0.16645336151123047,0.23588484525680542,0.1571928709745407,0.19015580415725708,0.1642095297574997,0.10642624646425247,0.6356124877929688,True,0.19809257984161377,0.13228653371334076,0.13861386477947235,0.4235767126083374,0.9805074334144592,0.7308769226074219,0.011699676513671875,0.35585314643218324,-0.025667965412139893,0.02443375438451767,0.21440887451171875,0.014980703592300415,0.09505081176757812,0.00519561767578125,-11.893020617400762,8.181175300668997,0.18311187624931335,0.6358261108398438,0.21582376956939697,10.632879163570497,-0.3034901365705611,41.79807946436438,139822.9,1054.4,2.6,22702.0,147.15572678843228,30.623097412480973,test
2022,nashville,164122.4,2.8,1096.2,28314,False,0.17861369252204895,0.16868320107460022,0.19737859070301056,0.16629908978939056,0.24827389419078827,0.15737156569957733,0.2080887258052826,0.16397488117218018,0.08905509859323502,0.555328369140625,True,0.63612961769104,0.12931248545646667,0.619121253490448,0.816831648349762,0.999690592288971,1.0,0.85003662109375,0.116117631268708,0.017932921648025513,-0.017371147871017456,-0.08028411865234375,0.43803703784942627,0.2691230773925781,0.8383369445800781,9.430646478292681,221.1274335463053,0.19809257984161377,0.7308769226074219,0.19015580415725708,6.0975459968026335,4.2808219178082085,-12.04373893324221,154690.1,1051.2,3.8,32191.0,149.7193942711184,25.829228243021344,test
2023,nashville,171874.9,2.6,1112.9,23558,False,0.17139212787151337,0.21525707840919495,0.1924160271883011,0.21240925788879395,0.23620617389678955,0.1978013962507248,0.20000480115413666,0.2083905041217804,0.14091500639915466,0.6637725830078125,True,0.16708755493164062,0.1588667631149292,0.10055693238973618,0.3904702961444855,1.0,0.50146484375,0.0501861572265625,0.46892588550150327,-0.008083924651145935,0.05185990780591965,0.1084442138671875,-0.4690420627593994,-0.49853515625,-0.7998504638671875,-3.884845091852984,-73.73372496974461,0.63612961769104,1.0,0.2080887258052826,4.723608721295824,1.5234446268929114,-16.79734407007134,164122.4,1096.2,2.8,28314.0,154.4387635906191,21.16811932788211,test
2013,new_orleans,62599.7,6.6,439.6,2616,False,0.31993770599365234,0.2537020444869995,0.32592257857322693,0.24841566383838654,0.31472861766815186,0.24572902917861938,0.3201962113380432,0.2465173900127411,0.03653150424361229,0.3293647766113281,False,0.0,0.0,0.0,0.0,0.0,,,,,,,,,,,,,,,,,,,,,,142.40150136487713,5.9508644222020015,train
2014,new_orleans,62985.1,6.4,449.1,2991,False,0.43371447920799255,0.26174062490463257,0.43039190769195557,0.2579324543476105,0.40168651938438416,0.26388928294181824,0.4219309687614441,0.25785329937934875,0.02113574743270874,0.14766883850097656,False,0.0,0.0,0.0,0.0,0.0,,,,0.10173475742340088,-0.01539575681090355,-0.18169593811035156,0.0,,,31.772629975310874,,0.0,,0.3201962113380432,0.6156579025139219,2.161055505004539,14.33486238532109,62599.7,439.6,6.6,2616.0,140.2473836562013,6.65998663994656,train
2015,new_orleans,62719.5,6.1,455.2,2495,False,0.238377645611763,0.3077724575996399,0.2532927393913269,0.3075156509876251,0.2681139409542084,0.29733771085739136,0.25326141715049744,0.30279913544654846,0.06451494991779327,0.5635662078857422,False,0.0,0.0,0.0,0.0,0.0,,,,-0.16866955161094666,0.043379202485084534,0.4158973693847656,0.0,,,-39.97562731791581,,0.0,,0.4219309687614441,-0.42168703391753937,1.3582720997550535,-16.583082581076557,62985.1,449.1,6.4,2991.0,137.78449033391917,5.481107205623902,train
2016,new_orleans,62585.2,5.5,461.0,2986,False,0.4101099371910095,0.2955739200115204,0.40714365243911743,0.2859211266040802,0.4030740261077881,0.2691395580768585,0.4067758321762085,0.2802998721599579,0.028637608513236046,0.26740455627441406,False,0.0,0.0,0.0,0.0,0.0,,,,0.15351441502571106,-0.03587734140455723,-0.2961616516113281,0.0,,,60.615002771814645,,0.0,,0.25326141715049744,-0.21412798252538057,1.2741652021089678,19.67935871743487,62719.5,455.2,6.1,2495.0,135.75965292841647,6.477223427331888,train
2017,new_orleans,66410.8,4.8,460.3,2966,False,0.3145584464073181,0.3082132041454315,0.31093811988830566,0.31151896715164185,0.28994813561439514,0.3163628876209259,0.30514824390411377,0.3107469081878662,-0.006197052542120218,0.3950157165527344,True,0.35141050815582275,0.23641018569469452,0.2651608884334564,0.7447400689125061,1.0,0.9886379241943359,0.18927955627441406,0.34226687171770664,-0.10162758827209473,-0.034834661055356264,0.1276111602783203,0.35141050815582275,,,-24.98368394415117,inf,0.0,,0.4067758321762085,6.112627266510295,-0.15184381778741152,-0.66979236436705,62585.2,461.0,5.5,2986.0,144.2772105148816,6.443623723658483,train
2018,new_orleans,66035.3,4.6,461.5,3864,False,0.46522870659828186,0.238469198346138,0.45214730501174927,0.24250218272209167,0.43177178502082825,0.25037601590156555,0.44971582293510437,0.24091224372386932,-0.012225435115396976,0.08662986755371094,True,0.26882290840148926,0.1821926385164261,0.23050743341445923,0.5352722406387329,1.0,0.7823696136474609,0.13048171997070312,0.3780830772456838,0.1445675790309906,-0.006028382573276758,-0.30838584899902344,-0.0825875997543335,-0.206268310546875,-0.05879783630371094,47.376179256800135,-23.501744494707154,0.35141050815582275,0.9886379241943359,0.30514824390411377,-0.5654200822757693,0.26069954377578863,30.27646662171275,66410.8,460.3,4.8,2966.0,143.0884073672806,8.3726977248104,train
2019,new_orleans,67174.4,4.3,464.3,4026,False,0.39868542551994324,0.2814323604106903,0.40175625681877136,0.27479982376098633,0.3940979242324829,0.2593388557434082,0.398179829120636,0.26914674043655396,0.050262268632650375,0.2467517852783203,True,0.46725553274154663,0.19417166709899902,0.414294570684433,0.7701113820075989,1.0,0.9999980926513672,0.29837608337402344,0.21772290345528278,-0.051535993814468384,0.06248770374804735,0.16012191772460938,0.19843262434005737,0.21762847900390625,0.1678943634033203,-11.459679910329779,73.81536994745129,0.26882290840148926,0.7823696136474609,0.44971582293510437,1.7249864845014562,0.6067172264355492,4.192546583850931,66035.3,461.5,4.6,3864.0,144.67887141934094,8.671117811759638,val
2021,new_orleans,65875.0,6.9,435.1,5282,False,0.3289036154747009,0.3516116738319397,0.3362670838832855,0.3476245403289795,0.3597526252269745,0.3409062325954437,0.3416411280632019,0.34585729241371155,0.028485877439379692,0.4521808624267578,True,0.3116682767868042,0.1688755452632904,0.2818688154220581,0.5037128925323486,1.0,0.9871196746826172,0.10335540771484375,0.2889539195259305,-0.14944365620613098,5.8760866522789e-05,0.33680152893066406,0.10088206827640533,0.3036632537841797,0.039989471435546875,-30.43133507556801,47.85989984322359,0.21078620851039886,0.6834564208984375,0.4910847842693329,-1.9343678544207266,-6.289037260391983,31.197218082463984,67174.4,464.3,4.3,4026.0,151.4019765571133,12.139737991266374,test
2022,new_orleans,64844.0,3.9,450.0,3443,False,0.3268527686595917,0.24088409543037415,0.3471676707267761,0.2381555289030075,0.33840060234069824,0.23697014153003693,0.33747372031211853,0.23715461790561676,0.050353728234767914,0.2169628143310547,True,0.8169310688972473,0.17277361452579498,0.854269802570343,1.0,1.0,1.0,0.9606533050537109,0.11845035232682388,-0.004167407751083374,0.021867850795388222,-0.23521804809570312,0.5052627921104431,0.012880325317382812,0.8572978973388672,-1.2198202759453602,162.11556637060843,0.3116682767868042,0.9871196746826172,0.3416411280632019,-1.5650853889943028,3.424500114916107,-34.8163574403635,65875.0,435.1,6.9,5282.0,144.09777777777776,7.651111111111111,test
2023,new_orleans,65731.6,3.9,449.6,3072,False,0.28969570994377136,0.2820931077003479,0.29073354601860046,0.2838709056377411,0.27637046575546265,0.2945975959300995,0.2855999171733856,0.28546425700187683,0.0028063913341611624,0.36959266662597656,True,0.21949037909507751,0.1770913004875183,0.1834777295589447,0.4715346395969391,1.0,0.6701755523681641,0.07833671569824219,0.4447959329447351,-0.05187380313873291,-0.04754733690060675,0.15262985229492188,-0.5974406898021698,-0.32982444763183594,-0.8823165893554688,-15.371212635685083,-73.13232566961108,0.8169310688972473,1.0,0.33747372031211853,1.3688236382703112,-0.0888888888888828,-10.77548649433634,64844.0,450.0,3.9,3443.0,146.20017793594306,6.832740213523131,test
2013,oklahoma_city,65449.6,4.5,618.0,7505,False,0.11923582851886749,0.11404445767402649,0.14868062734603882,0.1056421771645546,0.19501738250255585,0.07628007978200912,0.15431126952171326,0.09570720791816711,0.17598135769367218,0.6339302062988281,False,0.0,0.0,0.0,0.0,0.0,,,,,,,,,,,,,,,,,,,,,,105.90550161812297,12.14401294498382,train
2014,oklahoma_city,69193.3,3.9,623.0,7933,False,0.17939740419387817,0.1925714910030365,0.19681820273399353,0.18545709550380707,0.1961778700351715,0.17708507180213928,0.190797820687294,0.18296001851558685,0.08311557024717331,0.5937690734863281,False,0.0,0.0,0.0,0.0,0.0,,,,0.03648655116558075,-0.09286578744649887,-0.0401611328125,0.0,,,23.64477414946462,,0.0,,0.15431126952171326,5.719973842468096,0.8090614886731462,5.702864756828774,65449.6,618.0,4.5,7505.0,111.06468699839486,12.73354735152488,train
2015,oklahoma_city,72001.2,3.8,636.3,6004,False,0.2637994885444641,0.11926258355379105,0.2896806299686432,0.11343228071928024,0.305582195520401,0.0935584157705307,0.2863541543483734,0.10590421408414841,0.05601837486028671,0.025379180908203125,False,0.0,0.0,0.0,0.0,0.0,,,,0.0955563336610794,-0.027097195386886597,-0.568389892578125,0.0,,,50.082507922189755,,0.0,,0.190797820687294,4.058051863402956,2.134831460674147,-24.316147737299886,69193.3,623.0,3.9,7933.0,113.15605846298917,9.435800722929436,train
2016,oklahoma_city,72205.2,4.0,645.8,6740,False,0.2726636230945587,0.16991457343101501,0.29213544726371765,0.16410291194915771,0.30353447794914246,0.1504705250263214,0.2894445061683655,0.15930378437042236,0.05279146507382393,0.21427154541015625,False,0.0,0.0,0.0,0.0,0.0,,,,0.0030903518199920654,-0.003226909786462784,0.18889236450195312,0.0,,,1.0792062112821244,,0.0,,0.2863541543483734,0.2833286111898037,1.493006443501499,12.258494337108594,72001.2,636.3,3.8,6004.0,111.80737070300403,10.436667698978013,train
2017,oklahoma_city,74418.9,3.6,653.7,5419,False,0.20506319403648376,0.1809210330247879,0.22188332676887512,0.17176684737205505,0.24845337867736816,0.15727700293064117,0.2251332849264145,0.16675400733947754,0.0999525785446167,0.4826011657714844,True,0.0432196743786335,0.03487088531255722,0.035272277891635895,0.0897277221083641,0.2945544421672821,0.07157516479492188,0.0,0.42866886754973055,-0.06431122124195099,0.04716111347079277,0.2683296203613281,0.0432196743786335,,,-22.21884329168857,inf,0.0,,0.2894445061683655,3.065845673164813,1.2232889439454997,-19.59940652818991,72205.2,645.8,4.0,6740.0,113.84258834327672,8.28973535260823,train
2018,oklahoma_city,77030.6,3.0,667.0,5730,False,0.0914895161986351,0.1453520506620407,0.10475389659404755,0.15220893919467926,0.1327420175075531,0.16822142899036407,0.10966182500123978,0.15430763363838196,0.05047914385795593,0.6982574462890625,True,0.05304665490984917,0.04488793760538101,0.03898514807224274,0.11231435835361481,0.5423886179924011,0.12314605712890625,1.9073486328125e-05,0.40689508241717665,-0.11547145992517471,-0.04947343468666077,0.21565628051757812,0.009826980531215668,0.051570892333984375,1.9073486328125e-05,-51.29026565881492,22.73728498073513,0.0432196743786335,0.07157516479492188,0.2251332849264145,3.50945794683879,2.0345724338381554,5.739066248385316,74418.9,653.7,3.6,5419.0,115.48815592203898,8.590704647676162,train
2019,oklahoma_city,78331.1,2.9,676.8,6557,False,0.25278353691101074,0.19386860728263855,0.2785448729991913,0.18311849236488342,0.27661481499671936,0.1744992733001709,0.26931440830230713,0.18161271512508392,0.07875265181064606,0.2987213134765625,True,0.5953942537307739,0.143593430519104,0.588180661201477,0.7905321717262268,1.0,1.0,0.7159996032714844,0.13797479717255667,0.15965258330106735,0.028273507952690125,-0.3995361328125,0.5423475988209248,0.8768539428710938,0.7159805297851562,145.58629067067085,1022.3973589713139,0.05304665490984917,0.12314605712890625,0.10966182500123978,1.6882901080869095,1.4692653673163303,14.43280977312391,77030.6,667.0,3.0,5730.0,115.73744089834517,9.68823877068558,val
2021,oklahoma_city,76867.0,3.8,684.3,8080,False,0.2845454216003418,0.15827180445194244,0.2970183491706848,0.14978820085525513,0.31885457038879395,0.13690334558486938,0.3001394271850586,0.14595475792884827,0.03616049885749817,0.08301162719726562,True,0.12741459906101227,0.10277096182107925,0.0717821791768074,0.2883663475513458,0.5287747979164124,0.4052391052246094,0.00020599365234375,0.4243269673056227,-0.13474416732788086,0.0053213611245155334,-0.11861801147460938,-0.07413406670093536,-0.15399169921875,-0.107025146484375,-30.983961921762425,-36.78221655334415,0.20154866576194763,0.5592308044433594,0.43488359451293945,-1.869117119509367,1.1081560283688008,23.227085557419546,78331.1,676.8,2.9,6557.0,112.32938769545521,11.80768668712553,test
2022,oklahoma_city,76331.8,2.8,710.2,7048,False,0.24521498382091522,0.24490197002887726,0.2738790214061737,0.23236756026744843,0.3070618808269501,0.20692411065101624,0.2753853499889374,0.2270125150680542,0.15096783638000488,0.4615898132324219,True,0.23271100223064423,0.06107454001903534,0.22648514807224274,0.314665824174881,0.5980817079544067,0.9960899353027344,0.00020599365234375,0.14650438670092414,-0.024754077196121216,0.11480733752250671,0.37857818603515625,0.10529640316963196,0.590850830078125,0.0,-8.247525967609203,82.64076796977633,0.12741459906101227,0.4052391052246094,0.3001394271850586,-0.6962675790651351,3.7848896682741717,-12.772277227722773,76867.0,684.3,3.8,8080.0,107.47930160518163,9.923965080259082,test
2023,oklahoma_city,80947.6,3.0,737.1,6736,False,0.3365219235420227,0.22013011574745178,0.3609122335910797,0.2099207043647766,0.3748941719532013,0.18998469412326813,0.35744279623031616,0.20503148436546326,0.0719895288348198,0.23628997802734375,True,0.3159300982952118,0.16125744581222534,0.2800123691558838,0.5377475023269653,1.0,0.9943122863769531,0.1407012939453125,0.27985762468076314,0.08205744624137878,-0.07897830754518509,-0.22529983520507812,0.08321909606456757,-0.00177764892578125,0.14049530029296875,29.797317193770525,35.76070545306129,0.23271100223064423,0.9960899353027344,0.2753853499889374,6.04702103186352,3.787665446353139,-4.426787741203175,76331.8,710.2,2.8,7048.0,109.81902048568716,9.138515805182472,test
2013,orlando,113719.5,7.3,1086.8,15563,False,0.16743752360343933,0.17643065750598907,0.18620389699935913,0.17381030321121216,0.24842847883701324,0.16286538541316986,0.20068998634815216,0.17090164124965668,0.08551041036844254,0.6157951354980469,False,0.0,0.0,0.0,0.0,0.0,,,,,,,,,,,,,,,,,,,,,,104.637007729113,14.320022083179978,train
2014,orlando,117990.1,6.2,1122.0,16115,False,0.12254083156585693,0.1256103217601776,0.13868862390518188,0.12430840730667114,0.2009505331516266,0.11846663057804108,0.1540599763393402,0.12262535095214844,0.09291649609804153,0.7573623657226562,False,0.0,0.0,0.0,0.0,0.0,,,,-0.04663001000881195,0.007406085729598999,0.14156723022460938,0.0,,,-23.234846370420957,,0.0,,0.20068998634815216,3.755380563579691,3.238866396761142,3.5468739960161866,113719.5,1086.8,7.3,15563.0,105.16051693404636,14.362745098039216,train
2015,orlando,124430.8,5.2,1156.0,20474,False,0.1643252670764923,0.1767643392086029,0.1817559152841568,0.1723150759935379,0.23131126165390015,0.16098730266094208,0.19246412813663483,0.16988112032413483,0.09539726376533508,0.6049957275390625,False,0.0,0.0,0.0,0.0,0.0,,,,0.03840415179729462,0.0024807676672935486,-0.15236663818359375,0.0,,,24.92805250904604,,0.0,,0.1540599763393402,5.458678312841503,3.0303030303030276,27.04933291964009,117990.1,1122.0,6.2,16115.0,107.63910034602077,17.71107266435986,train
2016,orlando,129180.7,4.5,1231.8,23254,False,0.1080804243683815,0.12830494344234467,0.1263073980808258,0.12696406245231628,0.1888771951198578,0.12066206336021423,0.1410883367061615,0.1251215636730194,0.1215142086148262,0.8058128356933594,False,0.0,0.0,0.0,0.0,0.0,,,,-0.05137579143047333,0.02611694484949112,0.20081710815429688,0.0,,,-26.69369712053585,,0.0,,0.19246412813663483,3.817302468520656,6.557093425605531,13.578196737325388,124430.8,1156.0,5.2,20474.0,104.87148887806462,18.878064620880014,train
2017,orlando,136223.3,3.9,1273.2,19065,False,0.2006683647632599,0.14518195390701294,0.23044878244400024,0.14237573742866516,0.31384241580963135,0.12700581550598145,0.2483198642730713,0.13767759501934052,0.09569460898637772,0.23328781127929688,True,0.4224463999271393,0.2782391309738159,0.3824257254600525,0.8214727640151978,1.0,0.8621444702148438,0.3997917175292969,0.377047031586071,0.10723152756690979,-0.025819599628448486,-0.5725250244140625,0.4224463999271393,,,76.00311270961836,inf,0.0,,0.1410883367061615,5.45174317835404,3.360935216755978,-18.01410510019782,129180.7,1231.8,4.5,23254.0,106.99285265472822,14.974081055607916,train
2018,orlando,141200.6,3.4,1313.0,28882,False,0.19135650992393494,0.1506083756685257,0.21182502806186676,0.14992313086986542,0.22596576809883118,0.1481933295726776,0.20971578359603882,0.14934299886226654,0.065896175801754,0.4326515197753906,True,0.09754019230604172,0.08031919598579407,0.07735148072242737,0.19059406220912933,0.6336633563041687,0.22957611083984375,0.002941131591796875,0.36328534897290443,-0.03860408067703247,-0.029798433184623718,0.19936370849609375,-0.32490620762109756,-0.632568359375,-0.3968505859375,-15.54611057397346,-76.91063474020258,0.4224463999271393,0.8621444702148438,0.2483198642730713,3.653780227024317,3.1259817781966737,51.49226330972987,136223.3,1273.2,3.9,19065.0,107.54044173648134,21.996953541507995,train
2019,orlando,146782.6,3.0,1346.3,24470,False,0.20506593585014343,0.13169324398040771,0.22152629494667053,0.13127195835113525,0.2583315372467041,0.12785951793193817,0.22830793261528015,0.1301596462726593,0.05095084756612778,0.2663116455078125,True,0.44583216309547424,0.12376229465007782,0.43997523188591003,0.6089109182357788,0.9520421028137207,0.9999427795410156,0.31638336181640625,0.15666993597310608,0.018592149019241333,-0.01494532823562622,-0.16633987426757812,0.3482919707894325,0.7703666687011719,0.3134422302246094,8.865402832556523,357.0753374123285,0.09754019230604172,0.22957611083984375,0.20971578359603882,3.9532409918938027,2.53617669459254,-15.27595041894606,141200.6,1313.0,3.4,28882.0,109.02666567629801,18.175740919557306,val
2021,orlando,157117.5,5.0,1297.5,30618,False,0.14050522446632385,0.0895690992474556,0.15423212945461273,0.08900187909603119,0.2237779200077057,0.08678796142339706,0.17283844947814941,0.08823765069246292,0.05613759905099869,0.5064964294433594,True,0.21070657670497894,0.04650753363966942,0.20730197429656982,0.26887375116348267,0.5027846693992615,0.9907684326171875,3.814697265625e-06,0.12049144978499138,-0.05119919776916504,-0.01625847816467285,0.00313568115234375,0.15246054530143738,0.8294944763183594,-0.01012420654296875,-22.85294386824479,261.75267503661587,0.058246031403541565,0.16127395629882812,0.22403764724731445,7.0409571706728125,-3.624749312931741,25.124642419288932,146782.6,1346.3,3.0,24470.0,121.09248554913295,23.597687861271677,test
2022,orlando,167998.5,3.0,1412.0,28683,False,0.1186828464269638,0.12647578120231628,0.14648769795894623,0.12524566054344177,0.22077110409736633,0.1180199384689331,0.16198058426380157,0.12306267768144608,0.17784802615642548,0.6770896911621094,True,0.757538378238678,0.11831598728895187,0.7676361203193665,0.9084158539772034,1.0,1.0,0.9909782409667969,0.08950550537897972,-0.01085786521434784,0.12171042710542679,0.17059326171875,0.546831801533699,0.0092315673828125,0.9909744262695312,-6.28208899531959,259.5228920164871,0.21070657670497894,0.9907684326171875,0.17283844947814941,6.9253902334240225,8.824662813102124,-6.3198118753674315,157117.5,1297.5,5.0,30618.0,118.97910764872522,20.31373937677054,test
2023,orlando,176318.5,2.9,1468.6,25415,False,0.2989913821220398,0.10582122206687927,0.31718215346336365,0.10514995455741882,0.34439730644226074,0.10319935530424118,0.32019034028053284,0.10460187494754791,0.03263978660106659,0.001750946044921875,True,0.23207056522369385,0.15806671977043152,0.18440595269203186,0.4647277295589447,1.0,0.8069419860839844,0.07968902587890625,0.3548421572369531,0.15820975601673126,-0.1452082395553589,-0.6753387451171875,-0.5254678130149841,-0.19305801391601562,-0.9112892150878906,97.67204923713008,-69.36517384594141,0.757538378238678,1.0,0.16198058426380157,4.9524251704628375,4.008498583569398,-11.393508349893667,167998.5,1412.0,3.0,28683.0,120.05889963230288,17.305597167370287,test
2013,philadelphia,403756.8,7.6,2812.7,11217,False,0.7088613510131836,0.1928868591785431,0.7241004109382629,0.18476134538650513,0.7113500833511353,0.1933986246585846,0.7147706747055054,0.19019541144371033,0.013976488262414932,0.02510833740234375,False,0.0,0.0,0.0,0.0,0.0,,,,,,,,,,,,,,,,,,,,,,143.54776549223166,3.987983076758986,train
2014,philadelphia,414157.0,6.3,2851.7,13631,False,0.6447833180427551,0.2203442007303238,0.6677704453468323,0.19640874862670898,0.6255760192871094,0.23211707174777985,0.6460433602333069,0.21604108810424805,0.03056180477142334,0.002735137939453125,False,0.0,0.0,0.0,0.0,0.0,,,,-0.06872731447219849,0.016585316509008408,-0.022373199462890625,0.0,,,-9.615295773083442,,0.0,,0.7147706747055054,2.5758575459286392,1.3865680662708435,21.520905768030673,403756.8,2812.7,7.6,11217.0,145.2316162289161,4.779955815829155,train
2015,philadelphia,421082.8,5.5,2908.9,12317,False,0.3799477517604828,0.3832103908061981,0.38841941952705383,0.3900311589241028,0.39427313208580017,0.3961085379123688,0.38754674792289734,0.38975194096565247,0.00640134047716856,0.4920539855957031,False,0.0,0.0,0.0,0.0,0.0,,,,-0.25849661231040955,-0.02416046429425478,0.48931884765625,0.0,,,-40.01226979827766,,0.0,,0.6460433602333069,1.6722643828306571,2.005821089174886,-9.639791651382879,414157.0,2851.7,6.3,13631.0,144.75671215923543,4.234246622434597,train
2016,philadelphia,426726.2,5.0,2980.8,12245,False,0.3009760081768036,0.3302830457687378,0.3176650106906891,0.3392597734928131,0.2994333803653717,0.32983332872390747,0.30602481961250305,0.33286941051483154,0.020646335557103157,0.5011787414550781,False,0.0,0.0,0.0,0.0,0.0,,,,-0.08152192831039429,0.014244995079934597,0.009124755859375,0.0,,,-21.035379279356803,,0.0,,0.38754674792289734,1.3402114738479076,2.4717247069338866,-0.5845579280668978,421082.8,2908.9,5.5,12317.0,143.15827965646807,4.107957595276436,train
2017,philadelphia,425373.9,4.7,2997.2,13544,False,0.556634783744812,0.20621739327907562,0.5853119492530823,0.19325557351112366,0.5609784722328186,0.20794309675693512,0.5676417350769043,0.20226770639419556,0.03572315350174904,0.0187530517578125,True,0.20679666101932526,0.07844912260770798,0.19801980257034302,0.30754950642585754,1.0,0.9475936889648438,0.00357818603515625,0.20603318575476148,0.26161691546440125,0.015076817944645882,-0.4824256896972656,0.20679666101932526,,,85.48879002548478,inf,0.0,,0.30602481961250305,-0.31690109489409535,0.550187869028429,10.608411596570022,426726.2,2980.8,5.0,12245.0,141.92376217803286,4.518884292005873,train
2018,philadelphia,432302.2,4.2,3024.2,13156,False,0.7079160213470459,0.18934543430805206,0.7177138328552246,0.1761637032032013,0.680115818977356,0.2013394683599472,0.7019152641296387,0.1886565238237381,0.011062784120440483,0.009212493896484375,True,0.21959997713565826,0.15079963207244873,0.13923268020153046,0.4752475321292877,0.7323638796806335,0.8241653442382812,0.07956695556640625,0.35646250506618826,0.13427352905273438,-0.024660369381308556,-0.009540557861328125,0.012803316116333008,-0.1234283447265625,0.07598876953125,23.654625929600282,6.191258627302765,0.20679666101932526,0.9475936889648438,0.5676417350769043,1.6287553138544686,0.9008407847324262,-2.864737152982866,425373.9,2997.2,4.7,13544.0,142.94762251173864,4.35024138615171,train
2019,philadelphia,436917.3,4.0,3074.9,15607,False,0.5568324327468872,0.3127634525299072,0.5702471137046814,0.3122599422931671,0.5486116409301758,0.30772554874420166,0.5585637092590332,0.3107655346393585,0.013496087864041328,0.19580459594726562,True,0.37058892846107483,0.09206134080886841,0.3592202961444855,0.4808168411254883,1.0,1.0,0.06900787353515625,0.13058201937681324,-0.14335155487060547,0.0024333037436008453,0.18659210205078125,0.15098895132541656,0.17583465576171875,-0.01055908203125,-20.42291458761174,68.75636022135963,0.21959997713565826,0.8241653442382812,0.7019152641296387,1.067563385057957,1.6764764235169816,18.63028276071754,432302.2,3024.2,4.2,13156.0,142.0915476926079,5.075612215031383,val
2021,philadelphia,439136.9,6.0,2984.6,36307,False,0.4093689024448395,0.38360151648521423,0.41850677132606506,0.38850724697113037,0.4212372601032257,0.3926617503166199,0.4163709878921509,0.38819217681884766,0.008653724566102028,0.4445648193359375,True,0.3820560872554779,0.1000443771481514,0.39789602160453796,0.5009282231330872,1.0,0.9986495971679688,0.10219192504882812,0.1470670872866997,-0.2791683077812195,0.0011594262905418873,0.43560791015625,-0.08125302195549011,0.004314422607421875,-0.3304862976074219,-40.136956965306915,-17.53754034619931,0.463309109210968,0.9943351745605469,0.6955392956733704,0.5080137591255918,-2.9366808676704936,132.6327929775101,436917.3,3074.9,4.0,15607.0,147.13425584667962,12.164779199892783,test
2022,philadelphia,452577.8,4.0,3096.5,14371,False,0.6019392609596252,0.2969583570957184,0.6229003071784973,0.29346632957458496,0.6008731126785278,0.2983683943748474,0.6085708737373352,0.29604437947273254,0.021749835461378098,0.12126922607421875,True,0.8130401372909546,0.13433820009231567,0.8397276997566223,0.9724628925323486,1.0,1.0,0.9851913452148438,0.09312678502788341,0.19219988584518433,0.01309611089527607,-0.32329559326171875,0.4309840500354767,0.00135040283203125,0.8829994201660156,46.160729597944105,112.8064869039192,0.3820560872554779,0.9986495971679688,0.4163709878921509,3.0607539471176226,3.749246130134698,-60.41810119260749,439136.9,2984.6,6.0,36307.0,146.15785564346842,4.6410463426449216,test
2023,philadelphia,456227.8,3.7,3162.6,12019,False,0.5939549803733826,0.32346245646476746,0.6075624823570251,0.3182622492313385,0.6026228070259094,0.3290872275829315,0.6013801097869873,0.3234056532382965,0.016636310145258904,0.16242599487304688,True,0.3178666830062866,0.2169908732175827,0.21225248277187347,0.6556311845779419,1.0,0.9644737243652344,0.2450714111328125,0.3727580285720842,-0.0071907639503479,-0.005113525316119194,0.041156768798828125,-0.49517345428466797,-0.035526275634765625,-0.7401199340820312,-1.181582008055726,-60.90393715795918,0.8130401372909546,1.0,0.6085708737373352,0.8064911712417189,2.134668173744547,-16.366293229420357,452577.8,3096.5,4.0,14371.0,144.2571934484285,3.8003541389995577,test
2013,phoenix,216612.3,6.8,1906.9,18737,False,0.3224531412124634,0.17108871042728424,0.37673431634902954,0.16226305067539215,0.30703607201576233,0.17576734721660614,0.3354078233242035,0.1693212240934372,0.10397788882255554,0.10491180419921875,False,0.0,0.0,0.0,0.0,0.0,,,,,,,,,,,,,,,,,,,,,,113.59394829304105,9.825895432377155,train
2014,phoenix,220174.4,5.9,1961.5,20341,False,0.3127615749835968,0.17004305124282837,0.37057313323020935,0.15224438905715942,0.3021836578845978,0.1710372269153595,0.32850611209869385,0.16407029330730438,0.1131194531917572,0.021762847900390625,False,0.0,0.0,0.0,0.0,0.0,,,,-0.0069017112255096436,0.00914156436920166,-0.08314895629882812,0.0,,,-2.057707288132782,,0.0,,0.3354078233242035,1.6444587865047433,2.8632859615081996,8.560602017398722,216612.3,1906.9,6.8,18737.0,112.24797348967627,10.37012490440989,train
2015,phoenix,227107.2,5.2,2028.8,22402,False,0.35541775822639465,0.2146911472082138,0.40982282161712646,0.19102299213409424,0.3423818349838257,0.22024792432785034,0.369207501411438,0.20839400589466095,0.112092986702919,0.11632537841796875,False,0.0,0.0,0.0,0.0,0.0,,,,0.04070138931274414,-0.0010264664888381958,0.09456253051757812,0.0,,,12.38984232369964,,0.0,,0.32850611209869385,3.1487766061812916,3.431047667601317,10.13224521901579,220174.4,1961.5,5.9,20341.0,111.94164037854891,11.041995268138802,train
2016,phoenix,235238.5,4.7,2107.2,28583,False,0.32568132877349854,0.24244195222854614,0.3718584179878235,0.22794678807258606,0.36416706442832947,0.2450440227985382,0.35390225052833557,0.23809370398521423,0.10968080908060074,0.2561302185058594,False,0.0,0.0,0.0,0.0,0.0,,,,-0.015305250883102417,-0.002412177622318268,0.13980484008789062,0.0,,,-4.145433346991112,,0.0,,0.369207501411438,3.580379662115507,3.8643533123028373,27.59128649227747,227107.2,2028.8,5.2,22402.0,111.63558276385726,13.56444570994685,train
2017,phoenix,246068.0,4.3,2174.4,29312,False,0.38489508628845215,0.1825362741947174,0.4337259531021118,0.16005627810955048,0.3979021906852722,0.17681631445884705,0.4055077135562897,0.17263896763324738,0.08465420454740524,0.0170440673828125,True,0.36144810914993286,0.31519898772239685,0.2871287167072296,0.9034653306007385,1.0,0.6970767974853516,0.2998313903808594,0.4832758978763292,0.0516054630279541,-0.025026604533195496,-0.23908615112304688,0.36144810914993286,,,14.581840875810492,inf,0.0,,0.35390225052833557,4.603625682020596,3.1890660592255315,2.550467060840367,235238.5,2107.2,4.7,28583.0,113.16593083149374,13.480500367917585,train
2018,phoenix,257410.4,4.1,2249.5,31343,False,0.37158358097076416,0.2273712307214737,0.4020974338054657,0.22100909054279327,0.3725794851779938,0.23376424610614777,0.3820869028568268,0.22719937562942505,0.06636177748441696,0.1809215545654297,True,0.42861300706863403,0.2347894161939621,0.4183168411254883,0.775061845779419,1.0,0.91558837890625,0.3824806213378906,0.31531053185608937,-0.02342081069946289,-0.01829242706298828,0.1638774871826172,0.06716489791870117,0.21851158142089844,0.08264923095703125,-5.775675755724386,18.58216884206756,0.36144810914993286,0.6970767974853516,0.4055077135562897,4.609457548319984,3.453826342899191,6.928902838427953,246068.0,2174.4,4.3,29312.0,114.43005112247165,13.933318515225606,train
2019,phoenix,269398.8,4.1,2328.7,35873,False,0.2875460982322693,0.19345451891422272,0.33431538939476013,0.1777491271495819,0.2809670567512512,0.20252081751823425,0.3009428381919861,0.19096870720386505,0.11791073530912399,0.2661476135253906,True,0.45260927081108093,0.14868953824043274,0.44059404730796814,0.6503713130950928,1.0,0.9993839263916016,0.3479175567626953,0.18432310550456332,-0.0811440646648407,0.05154895782470703,0.08522605895996094,0.0239962637424469,0.08379554748535156,-0.03456306457519531,-21.237070430348272,5.598585051480809,0.42861300706863403,0.91558837890625,0.3820869028568268,4.657309883361349,3.520782396088018,14.452987907985836,257410.4,2249.5,4.1,31343.0,115.68634860651866,15.404732254047325,val
2021,phoenix,299871.4,4.6,2408.9,50581,False,0.2862565517425537,0.21467062830924988,0.3363725543022156,0.19671328365802765,0.2702726721763611,0.21798256039619446,0.29763394594192505,0.20945654809474945,0.13046903908252716,0.2921161651611328,True,0.37105220556259155,0.07451611757278442,0.3842821717262268,0.44925743341445923,1.0,0.9898757934570312,0.0028553009033203125,0.10634623430171275,0.009587466716766357,0.01799558848142624,0.06064605712890625,0.08177295327186584,0.1705493927001953,-0.1345844268798828,3.3284443338993386,28.267825163515003,0.2892792522907257,0.8193264007568359,0.2880464792251587,11.311334720124977,3.443981620646719,41.00019513282971,269398.8,2328.7,4.1,35873.0,124.48478558678235,20.99755074930466,test
2022,phoenix,315996.3,3.3,2501.3,47804,False,0.4205988347530365,0.2408841848373413,0.4584450423717499,0.22436457872390747,0.41707417368888855,0.24270020425319672,0.432039350271225,0.23584723472595215,0.07679828256368637,0.12981224060058594,True,0.13603824377059937,0.07217532396316528,0.1284034699201584,0.21596534550189972,1.0,0.6845912933349609,0.0031757354736328125,0.264041680577662,0.13440540432929993,-0.05367075651884079,-0.16230392456054688,-0.2350139617919922,-0.3052845001220703,0.0003204345703125,45.15795532124061,-63.337168805037194,0.37105220556259155,0.9898757934570312,0.29763394594192505,5.37727172381226,3.8357756652414032,-5.490203831478224,299871.4,2408.9,4.6,50581.0,126.33282692999639,19.111661935793386,test
2023,phoenix,326711.4,3.2,2576.9,45616,False,0.2529849112033844,0.18287275731563568,0.3183412551879883,0.1632295697927475,0.23228491842746735,0.18603962659835815,0.26787039637565613,0.1770678609609604,0.15591758489608765,0.07317924499511719,True,0.39508017897605896,0.23683662712574005,0.37716585397720337,0.7147276997566223,1.0,0.9689083099365234,0.36263084411621094,0.3402525866937627,-0.16416895389556885,0.07911930233240128,-0.05663299560546875,0.2590419352054596,0.2843170166015625,0.3594551086425781,-37.99861142104466,190.41846470929218,0.13603824377059937,0.6845912933349609,0.432039350271225,3.3908941338870235,3.0224283372646266,-4.577022843276712,315996.3,2501.3,3.3,47804.0,126.78466374325741,17.701889867670456,test
2013,pittsburgh,140297.0,6.6,1183.2,4563,False,0.6120327711105347,0.35096511244773865,0.6112686991691589,0.3498712182044983,0.6033907532691956,0.346131294965744,0.6088974475860596,0.34891584515571594,-0.00017728963575791568,0.2244873046875,False,0.0,0.0,0.0,0.0,0.0,,,,,,,,,,,,,,,,,,,,,,118.57420554428667,3.856490872210953,train
2014,pittsburgh,142726.1,5.8,1187.3,4199,False,0.42805227637290955,0.30511748790740967,0.4385626018047333,0.30098360776901245,0.4537094533443451,0.29995256662368774,0.440108060836792,0.30181512236595154,0.022535022348165512,0.22906494140625,False,0.0,0.0,0.0,0.0,0.0,,,,-0.16878938674926758,0.022712311983923428,0.00457763671875,0.0,,,-27.72049503876619,,0.0,,0.6088974475860596,1.7313983905571817,0.3465179175118349,-7.9772079772079785,140297.0,1183.2,6.6,4563.0,120.21064600353745,3.5365956371599427,train
2015,pittsburgh,147106.5,5.5,1196.2,5264,False,0.5340107083320618,0.33303406834602356,0.5419132709503174,0.3342546820640564,0.5534558296203613,0.33617934584617615,0.5431265830993652,0.3343956470489502,0.007260429672896862,0.23014450073242188,False,0.0,0.0,0.0,0.0,0.0,,,,0.10301852226257324,-0.01527459267526865,0.001079559326171875,0.0,,,23.407551787781557,,0.0,,0.440108060836792,3.0690952811013528,0.7495999326202485,25.363181709930927,142726.1,1187.3,5.8,4199.0,122.97818090620297,4.40060190603578,train
2016,pittsburgh,147340.9,5.6,1202.0,4403,False,0.5738644003868103,0.31165647506713867,0.5806757807731628,0.3104729652404785,0.5921755433082581,0.3119879364967346,0.5822386145591736,0.31128036975860596,0.007182645611464977,0.16196060180664062,False,0.0,0.0,0.0,0.0,0.0,,,,0.03911203145980835,-7.778406143188477e-05,-0.06818389892578125,0.0,,,7.201273639860273,,0.0,,0.5431265830993652,0.1593403418611583,0.4848687510449645,-16.356382978723406,147106.5,1196.2,5.5,5264.0,122.5797836938436,3.6630615640599,train
2017,pittsburgh,153776.9,5.1,1199.3,4328,False,0.22920630872249603,0.2275848388671875,0.24599424004554749,0.2235613763332367,0.29252761602401733,0.2086833119392395,0.25590941309928894,0.2198452204465866,0.0886101946234703,0.49327850341796875,True,0.12859424948692322,0.06128134950995445,0.11850247532129288,0.21565593779087067,0.42110151052474976,0.6303825378417969,0.0,0.26440114792376446,-0.32632920145988464,0.08142754901200533,0.3313179016113281,0.12859424948692322,,,-56.047330647582704,inf,0.0,,0.5822386145591736,4.368101457232854,-0.22462562396007302,-1.70338405632523,147340.9,1202.0,5.6,4403.0,128.22221295755858,3.6087717835403987,train
2018,pittsburgh,157437.8,4.4,1208.0,4037,False,0.33800792694091797,0.3309856355190277,0.3432627320289612,0.3300945460796356,0.343961626291275,0.3246598243713379,0.3417441248893738,0.32833680510520935,0.008581854403018951,0.4084129333496094,True,0.34752318263053894,0.2643264830112457,0.2673267424106598,0.8177599310874939,0.9848390817642212,0.8029861450195312,0.2687568664550781,0.42170404656949256,0.08583471179008484,-0.08002834022045135,-0.08486557006835938,0.21892893314361572,0.17260360717773438,0.2687568664550781,33.541052965012376,170.24784079934977,0.12859424948692322,0.6303825378417969,0.25590941309928894,2.38065665259215,0.7254231635120512,-6.723659889094269,153776.9,1199.3,5.1,4328.0,130.3293046357616,3.341887417218543,train
2019,pittsburgh,159021.1,4.3,1216.8,3984,False,0.5384053587913513,0.2766522765159607,0.5536032319068909,0.2699909508228302,0.5646761059761047,0.2657853662967682,0.5522282719612122,0.2706737518310547,0.029779301956295967,0.11721038818359375,True,0.44665154814720154,0.10586944967508316,0.43842822313308716,0.5909653306007385,0.9297648072242737,0.99993896484375,0.2830924987792969,0.13313979827748557,0.21048414707183838,0.021197447553277016,-0.2912025451660156,0.0991283655166626,0.19695281982421875,0.01433563232421875,61.59115307102188,28.524245423376126,0.34752318263053894,0.8029861450195312,0.3417441248893738,1.005666999919974,0.7284768211920589,-1.312856081248448,157437.8,1208.0,4.4,4037.0,130.68795200525972,3.2741617357001975,val
2021,pittsburgh,156749.2,5.9,1150.9,5223,False,0.514348566532135,0.3891010582447052,0.5179188251495361,0.389471173286438,0.5256441831588745,0.3908633589744568,0.5193039178848267,0.38973283767700195,0.003854867070913315,0.3266258239746094,True,0.19354473054409027,0.09165140986442566,0.1881188154220581,0.31806930899620056,0.556930661201477,0.8265380859375,0.00122833251953125,0.2685757515532061,0.294498547911644,-0.0637287013232708,-0.14881515502929688,0.07745102047920227,0.36400604248046875,-0.006633758544921875,131.00156279486345,66.71422632278075,0.116093710064888,0.46253204345703125,0.22480536997318268,-1.4286783326237784,-5.415844838921746,31.099397590361445,159021.1,1216.8,4.3,3984.0,136.19706316795552,4.538187505430532,test
2022,pittsburgh,157719.3,4.3,1167.8,5867,False,0.6103869676589966,0.3318360149860382,0.6154425144195557,0.3255465030670166,0.6189383864402771,0.3134344220161438,0.6149227023124695,0.3234054148197174,0.013179510831832886,0.15392303466796875,True,0.4731122553348541,0.08680980652570724,0.4653465449810028,0.5912747383117676,0.8678836822509766,1.0,0.3636131286621094,0.10383616540615237,0.09561878442764282,0.009324643760919571,-0.17270278930664062,0.27956752479076385,0.1734619140625,0.3623847961425781,18.41287560800755,144.44595004206394,0.19354473054409027,0.8265380859375,0.5193039178848267,0.6188867311603286,1.4684160222434572,12.33007849894696,156749.2,1150.9,5.9,5223.0,135.05677342010617,5.023976708340469,test
2023,pittsburgh,162397.5,3.7,1187.4,6294,False,0.3330705165863037,0.28474873304367065,0.35252395272254944,0.27621132135391235,0.38529205322265625,0.2534278631210327,0.3569621443748474,0.27133968472480774,0.08396395295858383,0.347564697265625,True,0.40577852725982666,0.2137756198644638,0.3743811845779419,0.708539605140686,1.0,0.9990386962890625,0.287445068359375,0.2907132774239216,-0.25796055793762207,0.07078444212675095,0.19364166259765625,-0.06733372807502747,-0.0009613037109375,-0.07616806030273438,-41.95007876071891,-14.232082833569958,0.4731122553348541,1.0,0.6149227023124695,2.9661556955933754,1.6783695838328505,7.277995568433604,157719.3,1167.8,4.3,5867.0,136.76730672056593,5.30065689742294,test
2013,raleigh,66954.2,6.1,583.4,11431,False,0.23066017031669617,0.1726243793964386,0.24607859551906586,0.1690070927143097,0.27669939398765564,0.15877661108970642,0.25114601850509644,0.16665281355381012,0.06055882200598717,0.3261241912841797,False,0.0,0.0,0.0,0.0,0.0,,,,,,,,,,,,,,,,,,,,,,114.76551251285568,19.593760713061364,train
2014,raleigh,71011.1,4.9,601.0,11647,False,0.28248628973960876,0.1164911538362503,0.3064316213130951,0.11196856945753098,0.3354593813419342,0.10841477662324905,0.30812564492225647,0.11180651187896729,0.048321086913347244,0.0034637451171875,False,0.0,0.0,0.0,0.0,0.0,,,,0.056979626417160034,-0.012237735092639923,-0.3226604461669922,0.0,,,22.687847793216665,,0.0,,0.25114601850509644,6.059216598809347,3.0167980802194183,1.889598460327191,66954.2,583.4,6.1,11431.0,118.15490848585692,19.37936772046589,train
2015,raleigh,76248.4,4.8,617.1,11987,False,0.25136512517929077,0.17636966705322266,0.27307775616645813,0.17077235877513885,0.30456793308258057,0.16503727436065674,0.2763369381427765,0.17048092186450958,0.06191272661089897,0.21137237548828125,False,0.0,0.0,0.0,0.0,0.0,,,,-0.03178870677947998,0.013591639697551727,0.20790863037109375,0.0,,,-10.316800079234111,,0.0,,0.30812564492225647,7.37532582934215,2.6788685524126388,2.9192066626599233,71011.1,601.0,4.9,11647.0,123.55922865013773,19.424728569113594,train
2016,raleigh,81206.6,4.3,655.8,13514,False,0.21072116494178772,0.16490618884563446,0.22809113562107086,0.1629214584827423,0.2711488604545593,0.1536792516708374,0.23665374517440796,0.16032376885414124,0.06435267627239227,0.3959465026855469,False,0.0,0.0,0.0,0.0,0.0,,,,-0.03968319296836853,0.0024399496614933014,0.18457412719726562,0.0,,,-14.360437383099756,,0.0,,0.2763369381427765,6.502693827018025,6.271268838113753,12.738800367064318,76248.4,617.1,4.8,11987.0,123.82830131137544,20.606892345227205,train
2017,raleigh,84942.0,3.9,679.4,14180,False,0.25206664204597473,0.24796922504901886,0.2703559994697571,0.243196040391922,0.323880672454834,0.22351662814617157,0.2821011543273926,0.2380744367837906,0.08758130669593811,0.4296836853027344,True,0.22446835041046143,0.1747911274433136,0.18316832184791565,0.4860767424106598,0.9427599310874939,0.6814899444580078,0.08904266357421875,0.4339792889265135,0.04544740915298462,0.023228630423545837,0.0337371826171875,0.22446835041046143,,,19.204179135002075,inf,0.0,,0.23665374517440796,4.599872424162554,3.598658127477883,4.928222583986974,81206.6,655.8,4.3,13514.0,125.02502207830439,20.871357079776274,train
2018,raleigh,89496.2,3.4,698.4,15950,False,0.19819630682468414,0.19156472384929657,0.218639075756073,0.18806186318397522,0.274213582277298,0.1756429374217987,0.23034963011741638,0.18482375144958496,0.09055130183696747,0.47801971435546875,True,0.14339017868041992,0.10525515675544739,0.09715346246957779,0.31621286273002625,0.6596534848213196,0.48239898681640625,0.0019989013671875,0.3819975105892819,-0.051751524209976196,0.002969995141029358,0.048336029052734375,-0.0810781717300415,-0.19909095764160156,-0.08704376220703125,-18.34502390937257,-36.12009068618469,0.22446835041046143,0.6814899444580078,0.2821011543273926,5.361540816086263,2.7965852222549215,12.482369534555705,84942.0,679.4,3.9,14180.0,128.14461626575027,22.837915234822454,train
2019,raleigh,92278.4,3.4,715.1,13320,False,0.24356266856193542,0.17861154675483704,0.26271238923072815,0.17508096992969513,0.28358209133148193,0.17224352061748505,0.2632857859134674,0.17518872022628784,0.06683323532342911,0.3630523681640625,True,0.5012775659561157,0.1256621927022934,0.4987623691558838,0.6676980257034302,0.9637994766235352,0.9999713897705078,0.4959678649902344,0.1432056217782769,0.032936155796051025,-0.02371806651353836,-0.11496734619140625,0.3578873872756958,0.5175724029541016,0.4939689636230469,14.298332399866421,249.58988863061214,0.14339017868041992,0.48239898681640625,0.23034963011741638,3.108735342953106,2.3911798396334616,-16.489028213166147,89496.2,698.4,3.4,15950.0,129.0426513774297,18.626765487344425,val
2021,raleigh,100290.0,4.0,726.2,21649,False,0.2434215396642685,0.18650899827480316,0.26109546422958374,0.1822289675474167,0.3177710771560669,0.16821745038032532,0.2740960121154785,0.17879851162433624,0.05298176407814026,0.157012939453125,True,0.21027235686779022,0.07680258899927139,0.21163366734981537,0.30538368225097656,0.5550742745399475,0.8978672027587891,0.000263214111328125,0.20546048565677344,-0.06440311670303345,0.011786695569753647,0.049510955810546875,0.05456194281578064,0.4400367736816406,-0.04794502258300781,-19.026080488840346,35.04065103670981,0.15571041405200958,0.45783042907714844,0.33849912881851196,8.681988417657882,1.5522304572787027,62.530030030030034,92278.4,715.1,3.4,13320.0,138.1024511153952,29.811346736436242,test
2022,raleigh,105458.3,3.1,783.5,22390,False,0.24224531650543213,0.16403399407863617,0.2661586403846741,0.1612156331539154,0.3136518597602844,0.15749581158161163,0.2740185856819153,0.16061824560165405,0.06487672030925751,0.1700878143310547,True,0.5923476219177246,0.16522835195064545,0.5547648668289185,0.8301361203193665,1.0,1.0,0.6433677673339844,0.1544628898505913,-7.742643356323242e-05,0.011894956231117249,0.013074874877929688,0.3820752650499344,0.10213279724121094,0.6431045532226562,-0.028247924136381997,181.70494245716097,0.21027235686779022,0.8978672027587891,0.2740960121154785,5.15335526971783,7.890388322776087,3.422790891034233,100290.0,726.2,4.0,21649.0,134.59897894065094,28.576898532227187,test
2023,raleigh,111082.2,3.0,808.3,20619,False,0.3201451599597931,0.1604897528886795,0.340409517288208,0.15217983722686768,0.35273054242134094,0.13552944362163544,0.33776170015335083,0.14917168021202087,0.04370271414518356,0.0026187896728515625,True,0.24764886498451233,0.13580270111560822,0.2107054442167282,0.45575496554374695,0.9656559228897095,0.9195461273193359,0.07175636291503906,0.2935744003583509,0.06374311447143555,-0.021174006164073944,-0.16746902465820312,-0.3446987569332123,-0.08045387268066406,-0.5716114044189453,23.262332484786086,-58.191971095832294,0.5923476219177246,1.0,0.2740185856819153,5.332818753952973,3.1652839821314505,-7.909781152300132,105458.3,783.5,3.1,22390.0,137.42694544104913,25.509093158480763,test
2013,sacramento,116575.0,8.8,952.4,4189,False,0.5441235303878784,0.29190900921821594,0.554840087890625,0.28868988156318665,0.5693255066871643,0.28314700722694397,0.5560964345932007,0.28774937987327576,0.016466306522488594,0.12188339233398438,False,0.0,0.0,0.0,0.0,0.0,,,,,,,,,,,,,,,,,,,,,,122.40130197396053,4.398362032759345,train
2014,sacramento,119818.9,7.2,968.4,4159,False,0.591056764125824,0.33529525995254517,0.5993553400039673,0.33313319087028503,0.6070446968078613,0.3262869417667389,0.5991523265838623,0.3312578797340393,0.01087290607392788,0.18807601928710938,False,0.0,0.0,0.0,0.0,0.0,,,,0.04305589199066162,-0.005593400448560715,0.066192626953125,0.0,,,7.742522575631705,,0.0,,0.5560964345932007,2.7826720995067555,1.6799664006719839,-0.7161613750298446,116575.0,952.4,8.8,4189.0,123.7287277984304,4.294712928541925,train
2015,sacramento,124915.9,5.9,991.5,6184,False,0.24402257800102234,0.2648445665836334,0.2649666965007782,0.26356959342956543,0.30026471614837646,0.2653781771659851,0.26975134015083313,0.264095664024353,0.07159681618213654,0.4975242614746094,False,0.0,0.0,0.0,0.0,0.0,,,,-0.3294009864330292,0.060723910108208656,0.3094482421875,0.0,,,-54.97783648961989,,0.0,,0.5991523265838623,4.253919874076617,2.3853779429987565,48.68958884347199,119818.9,968.4,7.2,4159.0,125.98678769541098,6.237014624306606,train
2016,sacramento,127496.9,5.2,1037.5,7204,False,0.12497201561927795,0.25577476620674133,0.13360539078712463,0.2609207034111023,0.1416938155889511,0.26581910252571106,0.13342376053333282,0.26036781072616577,0.021688751876354218,0.7586097717285156,False,0.0,0.0,0.0,0.0,0.0,,,,-0.1363275796175003,-0.04990806430578232,0.26108551025390625,0.0,,,-50.53823997362604,,0.0,,0.26975134015083313,2.0661901327212906,4.639435199193143,16.49417852522639,124915.9,991.5,5.9,6184.0,122.888578313253,6.943614457831325,train
2017,sacramento,131157.4,4.5,1053.0,9503,False,0.46868494153022766,0.3432426452636719,0.48024287819862366,0.3402111828327179,0.49257928133010864,0.33703672885894775,0.4805023670196533,0.34003376960754395,0.031159017235040665,0.2801856994628906,True,0.44307416677474976,0.11554602533578873,0.4489480257034302,0.5711633563041687,1.0,0.9998321533203125,0.3081016540527344,0.14335215311483496,0.3470786064863205,0.009470265358686447,-0.478424072265625,0.44307416677474976,,,260.13253194104885,inf,0.0,,0.13342376053333282,2.871050198083247,1.493975903614464,31.912826207662405,127496.9,1037.5,5.2,7204.0,124.55593542260209,9.024691358024691,train
2018,sacramento,136933.9,3.7,1073.0,7873,False,0.5086469650268555,0.2823830544948578,0.5221267342567444,0.2758740484714508,0.5488369464874268,0.25567248463630676,0.5265368223190308,0.27113425731658936,0.03124883398413658,0.11111831665039062,True,0.314088374376297,0.19853810966014862,0.29610148072242737,0.5949876308441162,0.9149133563041687,0.83551025390625,0.1788330078125,0.35791412093680597,0.04603445529937744,8.981674909591675e-05,-0.1690673828125,-0.12898579239845276,-0.1643218994140625,-0.12926864624023438,9.58048460508303,-29.11155785438211,0.44307416677474976,0.9998321533203125,0.4805023670196533,4.404250160494194,1.8993352326685642,-17.152478164790065,131157.4,1053.0,4.5,9503.0,127.61780055917987,7.337371854613234,train
2019,sacramento,141902.0,3.6,1083.7,9431,False,0.23201535642147064,0.32968631386756897,0.24255214631557465,0.33031967282295227,0.25896790623664856,0.32966867089271545,0.24451179802417755,0.3292714059352875,0.03268485516309738,0.5879325866699219,True,0.40367525815963745,0.10114990174770355,0.39665842056274414,0.5426980257034302,0.7762994766235352,1.0,0.17944717407226562,0.14218052915485724,-0.2820250242948532,0.0014360211789608002,0.47681427001953125,0.08958688378334045,0.16448974609375,0.000614166259765625,-53.56226048023154,28.5228270423056,0.314088374376297,0.83551025390625,0.5265368223190308,3.6281008574210016,0.9972041006523824,19.789152800711296,136933.9,1073.0,3.7,7873.0,130.94214265940758,8.702592968533727,val
2021,sacramento,147287.3,6.3,1054.6,12434,False,0.37515097856521606,0.30995187163352966,0.3937269151210785,0.3049808144569397,0.41818660497665405,0.30085963010787964,0.39568817615509033,0.3048536777496338,0.04817264899611473,0.29775238037109375,True,0.20366021990776062,0.11073002964258194,0.16058167815208435,0.3842821717262268,0.6905940771102905,0.8964042663574219,0.011867523193359375,0.290753207026897,-0.158419668674469,0.010024189949035645,0.264801025390625,0.00048772990703582764,0.2882347106933594,-0.036346435546875,-28.590042561696283,0.2400570603993124,0.2031724900007248,0.6081695556640625,0.5541078448295593,3.795083931163745,-2.685244994002045,31.841798324673952,141902.0,1083.7,3.6,9431.0,139.66176749478475,11.790252228333019,test
2022,sacramento,150019.6,3.8,1096.6,10800,False,0.4135800302028656,0.26902973651885986,0.42980122566223145,0.26641175150871277,0.44136008620262146,0.26072782278060913,0.4282471537590027,0.2652130424976349,0.02863885834813118,0.1282501220703125,True,0.6745073795318604,0.19061577320098877,0.7023515105247498,0.9025371074676514,1.0,0.9996337890625,0.8157005310058594,0.1590582687763078,0.032558977603912354,-0.01953379064798355,-0.16950225830078125,0.47084715962409973,0.10322952270507812,0.8038330078125,8.228443397093276,231.19250280557995,0.20366021990776062,0.8964042663574219,0.39568817615509033,1.8550818706025707,3.982552626588287,-13.141386520829979,147287.3,1054.6,6.3,12434.0,136.80430421302208,9.848623016596754,test
2023,sacramento,152785.5,4.2,1114.5,11941,False,0.6971461772918701,0.26158347725868225,0.7025359272956848,0.25913771986961365,0.7168903350830078,0.256772518157959,0.705524206161499,0.25903329253196716,0.005231757648289204,0.08177947998046875,True,0.6533070206642151,0.17278262972831726,0.6782178282737732,0.8616955280303955,1.0,0.9997940063476562,0.8085403442382812,0.14919699842681178,0.27727705240249634,-0.023407100699841976,-0.04647064208984375,-0.021200358867645264,0.00016021728515625,-0.007160186767578125,64.74696912020454,-3.143087757225027,0.6745073795318604,0.9996337890625,0.4282471537590027,1.843692424189891,1.6323180740470677,10.564814814814817,150019.6,1096.6,3.8,10800.0,137.08882907133244,10.714221624046658,test
2013,salt_lake_city,78272.5,4.1,567.9,5528,False,0.39690184593200684,0.25854426622390747,0.4232710301876068,0.24670055508613586,0.4241269826889038,0.21823611855506897,0.4147666096687317,0.2400059700012207,0.06558051705360413,0.1707305908203125,False,0.0,0.0,0.0,0.0,0.0,,,,,,,,,,,,,,,,,,,,,,137.82796266948407,9.734108117626343,train
2014,salt_lake_city,80747.1,3.5,581.0,5318,False,0.25198084115982056,0.21131666004657745,0.2713163495063782,0.20841142535209656,0.23921556770801544,0.19889147579669952,0.2541709244251251,0.20385684072971344,0.05187712982296944,0.35297393798828125,False,0.0,0.0,0.0,0.0,0.0,,,,-0.16059568524360657,-0.01370338723063469,0.18224334716796875,0.0,,,-38.71953081562475,,0.0,,0.4147666096687317,3.161519052029771,2.3067441450959736,-3.79884225759769,78272.5,567.9,4.1,5528.0,138.97951807228915,9.153184165232357,train
2015,salt_lake_city,83475.3,3.3,594.7,6755,False,0.40485256910324097,0.19635434448719025,0.42229148745536804,0.1871984750032425,0.39869850873947144,0.192047119140625,0.4086141586303711,0.18950077891349792,0.032614756375551224,0.017108917236328125,False,0.0,0.0,0.0,0.0,0.0,,,,0.15444323420524597,-0.019262373447418213,-0.3358650207519531,0.0,,,60.76353326194184,,0.0,,0.2541709244251251,3.3786971916019315,2.358003442340806,27.021436630312156,80747.1,581.0,3.5,5318.0,140.36539431646207,11.358668236085421,train
2016,salt_lake_city,87417.9,3.2,607.0,8731,False,0.3649400770664215,0.19677060842514038,0.3865751028060913,0.19021210074424744,0.3687465190887451,0.1937941312789917,0.3734205365180969,0.1913079023361206,0.044192858040332794,0.07436752319335938,False,0.0,0.0,0.0,0.0,0.0,,,,-0.03519362211227417,0.01157810166478157,0.05725860595703125,0.0,,,-8.612922819473322,,0.0,,0.4086141586303711,4.723073771522812,2.068269715823101,29.25240562546263,83475.3,594.7,3.3,6755.0,144.0163097199341,14.383855024711696,train
2017,salt_lake_city,91954.2,3.1,623.6,7367,False,0.31521761417388916,0.21949531137943268,0.34253591299057007,0.20868824422359467,0.3185954689979553,0.1944107860326767,0.32544970512390137,0.20472928881645203,0.07170355319976807,0.23472976684570312,True,0.21518678963184357,0.2906631529331207,0.07735148817300797,0.7524752616882324,1.0,0.4258079528808594,0.15056610107421875,0.6301402631720663,-0.04797083139419556,0.027510695159435272,0.16036224365234375,0.21518678963184357,,,-12.846329192682404,inf,0.0,,0.3734205365180969,5.189211820462414,2.7347611202635846,-15.622494559615163,87417.9,607.0,3.2,8731.0,147.45702373316226,11.813662604233482,train
2018,salt_lake_city,97160.2,2.9,632.9,8750,False,0.2816104590892792,0.31163015961647034,0.2932440936565399,0.31377172470092773,0.29323968291282654,0.30347928404808044,0.289364755153656,0.30918800830841064,0.02268054522573948,0.4315910339355469,True,0.24393075704574585,0.19448325037956238,0.1915222704410553,0.537128746509552,1.0,0.7058448791503906,0.12662124633789062,0.4334416166906654,-0.03608494997024536,-0.04902300797402859,0.19686126708984375,0.028743967413902283,0.28003692626953125,-0.023944854736328125,-11.087719362507187,13.357682162125029,0.21518678963184357,0.4258079528808594,0.32544970512390137,5.661514101585352,1.4913406029505971,18.772906203339225,91954.2,623.6,3.1,7367.0,153.51587928582714,13.825248854479382,train
2019,salt_lake_city,102993.0,2.5,649.1,10680,False,0.31485652923583984,0.18478047847747803,0.3400278687477112,0.1785651594400406,0.2990216910839081,0.18071191012859344,0.3179686665534973,0.1791045367717743,0.05247693881392479,0.03600311279296875,True,0.5523159503936768,0.2053712159395218,0.49381187558174133,0.9517326951026917,1.0,0.9999771118164062,0.4818115234375,0.20075242602195353,0.02860391139984131,0.02979639358818531,-0.3955879211425781,0.3083851933479309,0.2941322326660156,0.3551902770996094,9.885070966798404,126.42325104172802,0.24393075704574585,0.7058448791503906,0.289364755153656,6.003281178918951,2.559646073629329,22.057142857142864,97160.2,632.9,2.9,8750.0,158.67046680018487,16.453551070713296,val
2021,salt_lake_city,111919.1,2.9,664.5,11642,False,0.386400431394577,0.2409597784280777,0.40620169043540955,0.23291270434856415,0.38465404510498047,0.23653186857700348,0.3924187123775482,0.23510824143886566,0.04010383412241936,0.06018829345703125,True,0.14500759541988373,0.18154600262641907,0.07951732724905014,0.3292079269886017,1.0,0.43210601806640625,0.051601409912109375,0.5400332400774188,0.131995290517807,-0.03269999101758003,-0.29108428955078125,0.03968068212270737,0.1609649658203125,0.002468109130859375,50.68487679610361,37.67382986981651,0.10532691329717636,0.27114105224609375,0.2604234218597412,8.666705504257566,2.3725157910953643,9.00749063670412,102993.0,649.1,2.5,10680.0,168.4260346124906,17.519939804364185,test
2022,salt_lake_city,115089.4,2.4,689.2,10102,False,0.5653845071792603,0.27223512530326843,0.5845648646354675,0.2580067217350006,0.5604276061058044,0.26085829734802246,0.5701257586479187,0.26289209723472595,0.030231496319174767,0.04874420166015625,True,0.3104380965232849,0.2449900209903717,0.20792078971862793,0.7357673048973083,1.0,0.9774131774902344,0.1634063720703125,0.3755229556081823,0.17770704627037048,-0.00987233780324459,-0.011444091796875,0.16543050110340118,0.5453071594238281,0.11180496215820312,45.285059214861676,114.08402478806777,0.14500759541988373,0.43210601806640625,0.3924187123775482,2.8326710990349113,3.717080511662907,-13.227967703143795,111919.1,664.5,2.9,11642.0,166.9898432965757,14.657573998839233,test
2023,salt_lake_city,118915.7,2.7,705.8,9235,False,0.2384910136461258,0.2516661286354065,0.27973246574401855,0.24250949919223785,0.24135327339172363,0.21380142867565155,0.2531922459602356,0.23246820271015167,0.1853276491165161,0.46270751953125,True,0.3473963141441345,0.16525183618068695,0.3010519742965698,0.5798267126083374,1.0,1.0,0.17899703979492188,0.2535110074117257,-0.3169335126876831,0.15509615279734135,0.41396331787109375,0.03695821762084961,0.022586822509765625,0.015590667724609375,-55.59010584599906,11.905181108491147,0.3104380965232849,0.9774131774902344,0.5701257586479187,3.324632850636111,2.408589669181649,-8.582458919025937,115089.4,689.2,2.4,10102.0,168.48356474922076,13.084443185038255,test
2013,san_antonio,105889.6,5.9,1005.0,6128,False,0.3880068361759186,0.2054167240858078,0.39434701204299927,0.2003764510154724,0.30795857310295105,0.2336278259754181,0.3634374439716339,0.21135705709457397,0.018935909494757652,0.03804206848144531,False,0.0,0.0,0.0,0.0,0.0,,,,,,,,,,,,,,,,,,,,,,105.36278606965175,6.097512437810945,train
2014,san_antonio,111248.6,4.7,1033.9,10196,False,0.196899875998497,0.11651749908924103,0.2413753718137741,0.10516417771577835,0.13392554223537445,0.11686715483665466,0.1907336264848709,0.11124010384082794,0.12963415682315826,0.41155433654785156,False,0.0,0.0,0.0,0.0,0.0,,,,-0.172703817486763,0.11069824732840061,0.37351226806640625,0.0,,,-47.519544381410086,,0.0,,0.3634374439716339,5.060931385140743,2.875621890547264,66.38381201044385,105889.6,1005.0,5.9,6128.0,107.60092852306799,9.861688751329915,train
2015,san_antonio,117592.1,3.8,1059.0,7824,False,0.18249814212322235,0.0822620838880539,0.19676023721694946,0.05170612782239914,0.1044788584113121,0.04809381812810898,0.16124576330184937,0.058578331023454666,0.0715782567858696,0.47728729248046875,False,0.0,0.0,0.0,0.0,0.0,,,,-0.029487863183021545,-0.058055900037288666,0.06573295593261719,0.0,,,-15.460233062448768,,0.0,,0.1907336264848709,5.702094228601529,2.4277009381951764,-23.264025107885445,111248.6,1033.9,4.7,10196.0,111.04069877242682,7.388101983002833,train
2016,san_antonio,118613.7,3.8,1094.9,12241,False,0.2283928096294403,0.11504519730806351,0.24756298959255219,0.09426787495613098,0.14215493202209473,0.08850023150444031,0.20603688061237335,0.09630830585956573,0.06632636487483978,0.2827873229980469,False,0.0,0.0,0.0,0.0,0.0,,,,0.04479111731052399,-0.005251891911029816,-0.19449996948242188,0.0,,,27.77816693805204,,0.0,,0.16124576330184937,0.8687658439640034,3.3899905571293854,56.45449897750512,117592.1,1059.0,3.8,7824.0,108.332907114805,11.18001643985752,train
2017,san_antonio,118925.7,3.5,1121.0,12516,False,0.2361747771501541,0.10671453177928925,0.23876029253005981,0.0702330619096756,0.12372657656669617,0.06182752549648285,0.19955386221408844,0.07689007371664047,0.03952500596642494,0.34808921813964844,True,0.14569765329360962,0.15416832268238068,0.09993812441825867,0.3056930601596832,1.0,0.4998588562011719,0.043430328369140625,0.4740572152084106,-0.006483018398284912,-0.02680135890841484,0.06530189514160156,0.14569765329360962,,,-3.1465329794434727,inf,0.0,,0.20603688061237335,0.2630387552196689,2.383779340579051,2.24654848460093,118613.7,1094.9,3.8,12241.0,106.08893844781444,11.165031222123105,train
2018,san_antonio,124529.2,3.3,1142.2,11497,False,0.1748112142086029,0.0803794115781784,0.19287599623203278,0.053068310022354126,0.09286191314458847,0.048299528658390045,0.15351633727550507,0.05864584445953369,0.08257582038640976,0.5405216217041016,True,0.14635656774044037,0.08086845278739929,0.13273514807224274,0.21503712236881256,1.0,0.8013267517089844,0.009790420532226562,0.22988929153960735,-0.046037524938583374,0.04305081441998482,0.19243240356445312,0.0006589144468307495,0.3014678955078125,-0.03363990783691406,-23.070224964722907,0.45224781040427153,0.14569765329360962,0.4998588562011719,0.19955386221408844,4.711765413194957,1.8911685994647653,-8.141578779162673,118925.7,1121.0,3.5,12516.0,109.02573980038521,10.065662756084748,train
2019,san_antonio,129033.8,3.1,1158.2,15895,False,0.23262757062911987,0.1456465870141983,0.2625350058078766,0.13184984028339386,0.15852239727973938,0.15082545578479767,0.217895045876503,0.14114393293857574,0.09212847799062729,0.3281707763671875,True,0.5411211252212524,0.1683029979467392,0.5123762488365173,0.7821782231330872,1.0,0.9999637603759766,0.5301284790039062,0.1746807953761882,0.06437870860099792,0.00955265760421753,-0.21235084533691406,0.3947645574808121,0.1986370086669922,0.5203380584716797,41.936063446760045,269.7279415440494,0.14635656774044037,0.8013267517089844,0.15351633727550507,3.6173042145938528,1.400805463141297,38.25345742367574,124529.2,1142.2,3.3,11497.0,111.40891037817302,13.723881885684683,val
2021,san_antonio,134740.3,5.2,1159.0,22264,False,0.30275899171829224,0.16992579400539398,0.305058091878891,0.16669738292694092,0.2452927529811859,0.18713556230068207,0.28436997532844543,0.17279191315174103,0.01836145855486393,0.19030189514160156,True,0.20626965165138245,0.12494894862174988,0.20668315887451172,0.3483910858631134,1.0,0.7248477935791016,0.015026092529296875,0.32749109333131665,0.10243324935436249,-0.08626045845448971,-0.16679763793945312,0.12787672877311707,0.5997486114501953,0.0135345458984375,56.30157891758161,163.12279741335067,0.07839292287826538,0.12509918212890625,0.18193672597408295,4.4224846513084115,0.06907269901570423,40.06920415224913,129033.8,1158.2,3.1,15895.0,116.25565142364105,19.209663503019843,test
2022,san_antonio,145773.3,3.7,1214.4,24336,False,0.2577487528324127,0.10570146888494492,0.2656349539756775,0.07283560931682587,0.14155681431293488,0.06926646083593369,0.22164689004421234,0.07845234125852585,0.040896035730838776,0.1601886749267578,True,0.30388420820236206,0.13155637681484222,0.27506187558174133,0.4183168411254883,1.0,0.9993000030517578,0.05976676940917969,0.1945000439697704,-0.0627230852842331,0.022534577175974846,-0.03011322021484375,0.09761455655097961,0.27445220947265625,0.04474067687988281,-22.056859276999386,47.32376080023568,0.20626965165138245,0.7248477935791016,0.28436997532844543,8.188344541313919,4.779982743744626,9.306503772906938,134740.3,1159.0,5.2,22264.0,120.03730237154149,20.039525691699602,test
2023,san_antonio,153080.6,3.7,1252.7,16485,False,0.20503322780132294,0.10467468947172165,0.2382204234600067,0.08926693350076675,0.12826070189476013,0.0953226387500763,0.19050481915473938,0.09394410997629166,0.10093691945075989,0.39183998107910156,True,0.23625017702579498,0.08637912571430206,0.23019802570343018,0.3125,1.0,0.9959678649902344,0.0219268798828125,0.1767617968912063,-0.03114207088947296,0.06004088371992111,0.23165130615234375,-0.06763403117656708,-0.0033321380615234375,-0.03783988952636719,-14.050308074821615,-22.256513945446066,0.30388420820236206,0.9993000030517578,0.22164689004421234,5.012783548153199,3.1538208168642834,-32.260848126232744,145773.3,1214.4,3.7,24336.0,122.20052686197813,13.1595753173146,test
2013,st_louis,161587.5,7.1,1336.5,5548,False,0.4691283702850342,0.26909953355789185,0.4823765158653259,0.2641294002532959,0.5028408169746399,0.25056952238082886,0.48478201031684875,0.2610326409339905,0.023544499650597572,0.09041786193847656,False,0.0,0.0,0.0,0.0,0.0,,,,,,,,,,,,,,,,,,,,,,120.90347923681257,4.151141040029929,train
2014,st_louis,163576.0,6.3,1358.2,6998,False,0.3283366560935974,0.2927151322364807,0.3508733808994293,0.28477513790130615,0.3998950719833374,0.2578915059566498,0.35970166325569153,0.27827924489974976,0.0884208008646965,0.3099021911621094,False,0.0,0.0,0.0,0.0,0.0,,,,-0.12508034706115723,0.06487630121409893,0.2194843292236328,0.0,,,-25.801359043708317,,0.0,,0.48478201031684875,1.2306026146824411,1.623643845866063,26.135544340302808,161587.5,1336.5,7.1,5548.0,120.4358710057429,5.152407598291857,train
2015,st_louis,164967.3,5.1,1384.1,7698,False,0.2295103669166565,0.291294664144516,0.24571336805820465,0.2920207381248474,0.27528464794158936,0.2955034375190735,0.25016945600509644,0.29229530692100525,0.05321422591805458,0.5214347839355469,False,0.0,0.0,0.0,0.0,0.0,,,,-0.10953220725059509,-0.03520657494664192,0.2115325927734375,0.0,,,-30.450848144323107,,0.0,,0.35970166325569153,0.8505526483102654,1.9069356501251633,10.002857959416978,163576.0,1358.2,6.3,6998.0,119.187414204176,5.561736868723359,train
2016,st_louis,165073.2,4.6,1403.9,7711,False,0.25529202818870544,0.3146322965621948,0.26953384280204773,0.31447282433509827,0.3011245131492615,0.31114625930786133,0.2753168046474457,0.31255263090133667,0.054218437522649765,0.5189590454101562,False,0.0,0.0,0.0,0.0,0.0,,,,0.025147348642349243,0.0010042116045951843,-0.002475738525390625,0.0,,,10.052125884559192,,0.0,,0.25016945600509644,0.06419454037256411,1.4305324759771754,0.16887503247595692,164967.3,1384.1,5.1,7698.0,117.58187905121447,5.492556449889593,train
2017,st_louis,164415.2,3.8,1403.2,7295,False,0.51273512840271,0.3601384162902832,0.5201541781425476,0.35991328954696655,0.5326864719390869,0.3607875406742096,0.5218585729598999,0.3601662516593933,0.009732026606798172,0.2596015930175781,True,0.3734470307826996,0.11855539679527283,0.3731435537338257,0.5247524976730347,1.0,0.999267578125,0.1546154022216797,0.18093447690294995,0.24654176831245422,-0.04448641091585159,-0.2593574523925781,0.3734470307826996,,,89.54839085400579,inf,0.0,,0.2753168046474457,-0.39861104043539264,-0.04986110121804055,-5.394890416288423,165073.2,1403.9,4.6,7711.0,117.17160775370581,5.198831242873432,train
2018,st_louis,166562.9,3.5,1408.3,7338,False,0.3154599070549011,0.29327481985092163,0.32892486453056335,0.2897110879421234,0.3694302439689636,0.2698112428188324,0.33793842792510986,0.28402742743492126,0.06631441414356232,0.3646278381347656,True,0.1726534068584442,0.1847660094499588,0.08756187558174133,0.4508044719696045,0.9972153306007385,0.44638824462890625,0.07704544067382812,0.5147245400495104,-0.18392014503479004,0.056582387536764145,0.1050262451171875,-0.20079362392425537,-0.5528793334960938,-0.07756996154785156,-35.24329283154704,-53.76763165137941,0.3734470307826996,0.999267578125,0.5218585729598999,1.3062660873203846,0.3634549600912029,0.5894448252227624,164415.2,1403.2,3.8,7295.0,118.27231413761272,5.210537527515444,train
2019,st_louis,169446.4,3.3,1424.0,7054,False,0.3268052041530609,0.3142724931240082,0.33814916014671326,0.31138643622398376,0.3655075430870056,0.30303189158439636,0.34348729252815247,0.3089897632598877,0.04310063272714615,0.40400123596191406,True,0.4695705473423004,0.16899898648262024,0.43935641646385193,0.7175123691558838,0.9399752616882324,1.0,0.40671539306640625,0.20588984598381121,0.0055488646030426025,-0.023213781416416168,0.03937339782714844,0.2969171404838562,0.5536117553710938,0.3296699523925781,1.6419750299224045,171.97294040498946,0.1726534068584442,0.44638824462890625,0.33793842792510986,1.7311778313177761,1.1148192856635708,-3.870264377214505,166562.9,1408.3,3.5,7338.0,118.99325842696629,4.953651685393258,val
2021,st_louis,175674.0,4.5,1379.5,8326,False,0.37881550192832947,0.3781355023384094,0.3847762644290924,0.37685781717300415,0.3987697958946228,0.38000571727752686,0.3874538540840149,0.3780752420425415,0.011496556922793388,0.40993690490722656,True,0.27677348256111145,0.1610441654920578,0.23019801080226898,0.5213490128517151,1.0,0.9316577911376953,0.132171630859375,0.3251968654513655,-0.29317301511764526,0.005963260307908058,0.3125114440917969,-0.03707623481750488,0.08981895446777344,-0.053874969482421875,-43.073970244742455,-11.813372058187177,0.31384971737861633,0.8418388366699219,0.6806268692016602,3.675262501888499,-3.125,18.03232208675929,169446.4,1424.0,3.3,7054.0,127.34613990576295,6.035520115984053,test
2022,st_louis,179792.0,2.9,1405.6,9130,False,0.25649285316467285,0.19413629174232483,0.2751404047012329,0.19144561886787415,0.2974776327610016,0.1876053363084793,0.2763703763484955,0.19096511602401733,0.05255342274904251,0.2585487365722656,True,0.6813938617706299,0.1913946568965912,0.6943069100379944,0.9303836822509766,1.0,0.9997596740722656,0.8193454742431641,0.15986368285296892,-0.11108347773551941,0.04105686582624912,-0.15138816833496094,0.40462037920951843,0.06810188293457031,0.6871738433837891,-28.670118148168488,146.19188784466678,0.27677348256111145,0.9316577911376953,0.3874538540840149,2.3441146669398893,1.8919898513954259,9.65649771799184,175674.0,1379.5,4.5,8326.0,127.91121229368242,6.495446784291406,test
2023,st_louis,184792.4,3.3,1423.2,7107,False,0.3492586314678192,0.25681301951408386,0.36568117141723633,0.25377514958381653,0.390133261680603,0.25399717688560486,0.3683575987815857,0.25467967987060547,0.03358341380953789,0.11565208435058594,True,0.5104660391807556,0.25322458148002625,0.49969059228897095,0.8573638200759888,1.0,0.9698486328125,0.4993267059326172,0.2861653060110152,0.09198722243309021,-0.018970008939504623,-0.1428966522216797,-0.17092782258987427,-0.029911041259765625,-0.3200187683105469,33.28403848793724,-25.085025295900277,0.6813938617706299,0.9997596740722656,0.2763703763484955,2.781213847112207,1.2521343198634183,-22.157721796276007,179792.0,1405.6,2.9,9130.0,129.84288926363124,4.993676222596965,test
2013,tampa,136240.3,7.2,1310.2,12152,False,0.1105402484536171,0.14261212944984436,0.12994875013828278,0.14091260731220245,0.20974504947662354,0.13192275166511536,0.15007799863815308,0.1383504420518875,0.15873999893665314,0.763397216796875,False,0.0,0.0,0.0,0.0,0.0,,,,,,,,,,,,,,,,,,,,,,103.98435353381161,9.274919859563425,train
2014,tampa,138957.3,6.3,1336.2,12386,False,0.13926348090171814,0.08641146868467331,0.1503380388021469,0.08529246598482132,0.2294410914182663,0.08239687234163284,0.17301420867443085,0.08461188524961472,0.05318751186132431,0.419586181640625,False,0.0,0.0,0.0,0.0,0.0,,,,0.02293621003627777,-0.10555248707532883,-0.34381103515625,0.0,,,15.282859742538491,,0.0,,0.15007799863815308,1.994270417783861,1.9844298580369513,1.9256089532587284,136240.3,1310.2,7.2,12152.0,103.99438706780421,9.269570423589283,train
2015,tampa,144730.5,5.3,1363.9,15653,False,0.10614031553268433,0.12078934162855148,0.12724679708480835,0.11918439716100693,0.21631693840026855,0.11120239645242691,0.1499013453722,0.11687008291482925,0.1517653912305832,0.7538108825683594,False,0.0,0.0,0.0,0.0,0.0,,,,-0.023112863302230835,0.09857787936925888,0.3342247009277344,0.0,,,-13.358939406949766,,0.0,,0.17301420867443085,4.154657581861487,2.0730429576410803,26.3765541740675,138957.3,1336.2,6.3,12386.0,106.11518439768311,11.476647848082703,train
2016,tampa,149452.6,4.6,1405.8,17752,False,0.14928962290287018,0.19841209053993225,0.16699175536632538,0.19553640484809875,0.2411837875843048,0.17722390592098236,0.18582169711589813,0.19025559723377228,0.13481289148330688,0.7093315124511719,False,0.0,0.0,0.0,0.0,0.0,,,,0.03592035174369812,-0.016952499747276306,-0.0444793701171875,0.0,,,23.962661345372904,,0.0,,0.1499013453722,3.2626847830968586,3.0720727326050135,13.409570050469565,144730.5,1363.9,5.3,15653.0,106.3114241001565,12.627685303741643,train
2017,tampa,152661.0,4.1,1434.3,18268,False,0.10254932940006256,0.14808286726474762,0.1295352429151535,0.14511360228061676,0.23071077466011047,0.1294686645269394,0.1542651355266571,0.14068861305713654,0.21985365450382233,0.7610969543457031,True,0.13446500897407532,0.07664381712675095,0.12623761594295502,0.23700495064258575,0.650061845779419,0.6321601867675781,0.000194549560546875,0.3178043979106322,-0.03155656158924103,0.08504076302051544,0.05176544189453125,0.13446500897407532,,,-16.982172738180846,inf,0.0,,0.18582169711589813,2.1467676039091943,2.027315407597108,2.9067147363677437,149452.6,1405.8,4.6,17752.0,106.43589207278812,12.736526528620233,train
2018,tampa,158043.8,3.6,1459.4,17452,False,0.14993396401405334,0.15988962352275848,0.16684985160827637,0.15818534791469574,0.2411375343799591,0.14866651594638824,0.18597377836704254,0.15545660257339478,0.10182175785303116,0.6338844299316406,True,0.09437671303749084,0.11933594942092896,0.04176980257034302,0.2679455578327179,0.7592821717262268,0.2799415588378906,0.015045166015625,0.5866762679298634,0.03170864284038544,-0.11803189665079117,-0.1272125244140625,-0.04008829593658447,-0.3522186279296875,0.014850616455078125,20.554639732518275,-29.813180575709065,0.13446500897407532,0.6321601867675781,0.1542651355266571,3.5259824054604483,1.7499825698947369,-4.466827238887672,152661.0,1434.3,4.1,18268.0,108.29368233520623,11.95833904344251,train
2019,tampa,163928.0,3.2,1491.5,23540,False,0.1764955222606659,0.15034326910972595,0.19144734740257263,0.1487051099538803,0.26797616481781006,0.13600073754787445,0.21197301149368286,0.14484889805316925,0.07147303968667984,0.3686027526855469,True,0.44419410824775696,0.12695200741291046,0.43719059228897095,0.6132425665855408,0.9591584205627441,0.9997138977050781,0.3158226013183594,0.1613646176450163,0.02599923312664032,-0.03034871816635132,-0.26528167724609375,0.3498173952102661,0.7197723388671875,0.3007774353027344,13.980053185416041,370.6607106260442,0.09437671303749084,0.2799415588378906,0.18597377836704254,3.7231451028132856,2.1995340550911235,34.88425395370158,158043.8,1459.4,3.6,17452.0,109.9081461615823,15.782769024472008,val
2021,tampa,180042.4,4.3,1509.1,24831,False,0.14771319925785065,0.16578689217567444,0.16749002039432526,0.1631011962890625,0.2626402676105499,0.14913827180862427,0.19261448085308075,0.15911833941936493,0.1302187293767929,0.5898399353027344,True,0.17689301073551178,0.12303924560546875,0.14077970385551453,0.35550743341445923,0.7110148668289185,0.5810470581054688,0.00235748291015625,0.389473401753863,-0.004205420613288879,0.06607353687286377,0.16791534423828125,0.06367818266153336,0.21567916870117188,-0.02142333984375,-2.1366846451792654,56.24544394478421,0.11321482807397842,0.3653678894042969,0.19681990146636963,9.830169342638229,1.1800201139792188,5.484282073067126,163928.0,1491.5,3.2,23540.0,119.30448611755351,16.4541779868796,test
2022,tampa,191389.4,2.9,1594.7,29968,False,0.184163436293602,0.2100593000650406,0.21282051503658295,0.2015623152256012,0.2989439368247986,0.1753227859735489,0.2319759875535965,0.19484777748584747,0.15910252928733826,0.5088920593261719,True,0.5543704032897949,0.1110384464263916,0.5454826951026917,0.7048267722129822,0.9814356565475464,1.0,0.6633415222167969,0.11310735815427542,0.03936150670051575,0.02888379991054535,-0.0809478759765625,0.37747739255428314,0.41895294189453125,0.6609840393066406,20.43538290900322,213.3930509660908,0.17689301073551178,0.5810470581054688,0.19261448085308075,6.302404322537347,5.672254986415748,20.687849865088005,180042.4,1509.1,4.3,24831.0,120.01592776070734,18.792249325892016,test
2023,tampa,201082.4,3.0,1641.2,25386,False,0.13447846472263336,0.190181702375412,0.15910488367080688,0.18716853857040405,0.22662551701068878,0.17056256532669067,0.17340296506881714,0.18247507512569427,0.2287365198135376,0.7182350158691406,True,0.22186905145645142,0.14873549342155457,0.16181930899620056,0.44183167815208435,1.0,0.8550834655761719,0.062343597412109375,0.34353195231366973,-0.05857302248477936,0.06963399052619934,0.20934295654296875,-0.3325013518333435,-0.14491653442382812,-0.6009979248046875,-25.249605833123766,-59.97819325494,0.5543704032897949,1.0,0.2319759875535965,5.064543804411326,2.9159089483915546,-15.28964228510411,191389.4,1594.7,2.9,29968.0,122.52156958323178,15.46795028028272,test
