year,metro,gdp_millions,unemployment_rate,employment_thousands,total_permits,interpolated,modis_red_mean,modis_red_std,modis_green_mean,modis_green_std,modis_blue_mean,modis_blue_std,modis_brightness_mean,modis_brightness_std,modis_ndvi_proxy_mean,modis_dark_frac,viirs_available,viirs_mean,viirs_std,viirs_median,viirs_p90,viirs_max,viirs_lit_frac,viirs_bright_frac,viirs_gini,modis_brightness_mean_delta,modis_ndvi_proxy_mean_delta,modis_dark_frac_delta,viirs_mean_delta,viirs_lit_frac_delta,viirs_bright_frac_delta,modis_brightness_mean_growth,viirs_mean_growth,viirs_mean_lag1,viirs_lit_frac_lag1,modis_brightness_mean_lag1,gdp_millions_growth,employment_thousands_growth,total_permits_growth,gdp_millions_lag1,employment_thousands_lag1,unemployment_rate_lag1,total_permits_lag1,gdp_per_employee,permits_per_1k_emp,split
2013,atlanta,0.8069639691048465,1.9136137063996692,0.9831338729514886,0.6792291973577748,False,-1.2769740045829698,-1.2839597453679195,-1.294180703259964,-1.1789481062686973,-0.9780663742729266,-1.185714614619623,-1.21303395001544,-1.2083805388553586,0.5454222555933784,1.2935788397059702,False,-0.592866410015042,-0.596402078210631,-0.5479079356619196,-0.5965539257498462,-0.6773178556527596,,,,,,,,,,,,,,,,,,,,,,-0.0013834492967518238,-0.19719161516288497,train
2014,atlanta,0.910154114033859,1.2868336408178929,1.0268544062995675,0.8693770679579228,False,-1.087949939388911,-0.6461401388036874,-1.112427672836579,-0.5615109483926318,-0.8075327423708455,-0.6061238668039265,-1.0283563312465405,-0.5961099688866358,0.4613756254517028,0.9631426323440961,False,-0.592866410015042,-0.596402078210631,-0.5479079356619196,-0.5965539257498462,-0.6773178556527596,,,,0.20507559549365784,-0.06205321373667418,-0.29152697918844117,-0.31207100594893644,,,0.12474433744080039,,-0.43327110685717346,,-1.2091076661604616,0.8287709361726526,-0.5116033961194947,0.11113439858012376,0.8378734544441768,1.0087569554306075,1.7593225234220127,0.7469052332400489,0.2562508826431827,-0.06228006007650151,train
2015,atlanta,1.0338916247537704,0.5904113457270306,1.0650343190620606,1.1609743263510248,False,-0.7321547235722974,0.22273790072139388,-0.7121177624599976,0.23710119098383353,-0.4329667448040626,0.14579612352739296,-0.6433571537325395,0.20939960073913233,1.1205401490150915,0.8472194793565506,False,-0.592866410015042,-0.596402078210631,-0.5479079356619196,-0.5965539257498462,-0.6773178556527596,,,,0.41865762509452464,0.7540606489869583,-0.10338720973037413,-0.31207100594893644,,,0.3608186005807109,,-0.43327110685717346,,-1.0235938096087824,1.197690623290941,-0.7123261350026745,0.34573715247653414,0.9423170228905774,1.0528371937190397,1.1222287984703716,0.9442268990319626,0.6047256834663257,0.15790134892452565,train
2016,atlanta,1.1644507216444846,0.1725579686725134,1.194684840764775,1.6403286606594452,False,-0.5406989814142936,-1.028334304780788,-0.5178961818738993,-0.9467860835891835,-0.3587911999355467,-0.9567491588180983,-0.485219353069789,-0.968603582830222,-0.10890684110608881,-1.0533534293944962,False,-0.592866410015042,-0.596402078210631,-0.5479079356619196,-0.5965539257498462,-0.6773178556527596,,,,0.17677894958166243,-1.31980763182883,-1.6686233889086723,-0.31207100594893644,,,0.003904884095388029,,-0.43327110685717346,,-0.6368513192844769,1.2040254314208914,2.1538721221466246,0.7140395586931664,1.0675575405694004,1.0913312266944222,0.41434688185743723,1.2468253798084137,0.6462827911868866,0.4496412915052598,train
2017,atlanta,1.2889310151660205,-0.24529540838200434,1.3292715517164657,1.439103441352918,False,-1.125134789552424,-0.9055577207894638,-1.1284260501714192,-0.804435456216587,-0.8687220371505193,-0.8030320380404278,-1.067044543289015,-0.8296654272838605,0.5735889752166656,1.1586387049789975,True,0.6174855736935694,0.549507654144906,0.6076819664835288,0.5081687301213308,1.292035405903836,-0.039861909977545594,-0.6620067927645197,-0.23715006232616218,-0.6121665758632617,0.7796805436309753,1.9383227773818559,0.8289560989345988,,,-0.7409793990226706,,-0.43327110685717346,,-0.4779974556538289,0.9302785825107752,2.113683115295102,-0.899255334141969,1.199702504429914,1.2220484310197972,-0.010382268110323152,1.7442645330935607,0.6465546999383297,0.1883999593463942,train
2018,atlanta,1.3901071809913632,-0.8024332444546941,1.3728913465084431,1.8861023542599717,False,-0.6844170652801164,0.6872349284248817,-0.6529069361120144,0.6576009846596244,-0.3090870516538279,0.4645128445742795,-0.565655312524104,0.6112818215567786,1.0953540006267197,1.3460078623406395,True,0.39065943622499305,0.9488452568199102,0.08317881782477157,0.6720271674685937,1.4038881790836328,-1.1903213111274544,-0.577955596605829,1.1764043512393734,0.5427522255679261,0.603183425717102,0.16261685941092707,-0.5259053074011933,-0.5826845364693665,0.18003997237336106,0.5394749851265158,,0.945275333174044,-0.27876520905228785,-1.0624572055467056,0.3416598321080463,-0.6816539425903823,0.5184707216912279,1.325694827297456,1.3577424364422532,-0.4351114180780841,1.5354475984227383,0.858186818270221,0.49656842949197094,train
2019,atlanta,1.5041509665272041,-1.0810021624910389,1.4129852918368662,1.359729057816561,False,-0.733479213210171,-0.725427410086305,-0.7276801674779929,-0.6470925480424434,-0.5138688553703976,-0.670749429273569,-0.6756830550623216,-0.6730770937785746,0.02842389398583823,-0.4206459856536646,True,2.4815659096565317,0.5337063823220758,2.789839533627267,1.4609259644107166,1.7215498193276766,1.2820187269071104,-0.1909262456375053,-1.8448204712566265,-0.10913805977408833,-1.1413492208191012,-1.5511689929964874,1.659075397803479,2.317440533440631,0.40575326428281555,-0.27949014097135744,,0.6869286963922129,-1.5557206482525574,-0.5587976367655284,0.5182091895309151,-0.7996270175368196,-1.4899655052002367,1.4280999533663559,1.4017211073613574,-1.0014169513684315,1.9993106426083394,1.1195538078373997,0.07182890737381323,val
2021,atlanta,1.6116011892890645,-0.7327910149456077,1.4172163111931317,1.8880946831639966,False,-0.971413356067557,-0.10345606402064093,-0.967988667737557,-0.06660207188998864,-0.584830804526534,-0.1654823086221076,-0.8648811850658408,-0.10485709108218509,1.171186519701226,1.0862883208026974,True,0.6800172172474047,1.0206659050668208,0.3356134651865849,1.0076725920576701,1.6857570353383962,-0.7265987006562751,-0.6503513781138195,0.6234499644955123,-0.16766980332695303,1.182336034364548,0.8710423556839347,0.16278344658312793,0.9368810717973167,0.15727735633848786,-0.3491911684267188,,0.44279511850237374,-1.8709916660110157,-0.6937061546195292,0.30946415630421303,-1.815284068693584,0.7361725283308677,1.5435289987339464,1.4421449203539753,-1.284569718013605,1.453078621419911,1.4736983106960695,0.4632660339863004,test
2022,atlanta,1.7474123340592809,-1.3595710805273837,1.5066721490113217,2.6081223490786396,False,-1.0450289077910637,-0.8291867246640604,-1.045988029723425,-0.7451335838472107,-0.7363220942743284,-0.7767568797874552,-0.9671946985516499,-0.7755731608705982,0.47090615781033185,0.8123487613609801,True,3.538653274171134,1.0056111322648797,3.864089579353494,2.3079680121367425,1.7319894651205896,1.2820823618237496,2.571587946447634,-1.7743837893481953,-0.10091318019477197,-0.7387342466454335,-0.24197630570679995,2.3828320204855884,1.946272037511636,2.517710355079336,-0.2915905357104678,,1.0164965777134292,-1.0410105166916777,-0.8593784324531922,0.7486413458589327,0.5591677440557324,0.8990067283922498,1.652284391056824,1.446410749865759,-0.930628759707138,2.0013781370110206,1.6268114937428795,0.9177752159191815,test
2023,atlanta,1.7902199719363678,-1.2202866215092112,1.570540393579714,1.822188443018849,False,-1.1085910745392407,-0.2829955906477763,-1.0966515833110426,-0.21995062549357558,-0.7773543009551251,-0.2886223855701344,-1.020383502005306,-0.2551698512602277,1.261456206900289,1.4956347916434924,True,0.6980475931533303,1.0144734588837194,0.5263419074410708,0.8068139157826897,1.7327351541057978,-0.2569879887807774,-0.5073550968768715,0.3557050813731168,-0.048536614547277236,0.8983339799359361,0.5975632845309814,-2.9899763755887308,-0.8937755520980337,-2.176334012849995,-0.2358781807073256,,4.272378017707673,1.1885303135094356,-0.9621552312371123,-0.9562019861770563,-0.20477902910910342,-1.7061481891135517,1.7897451980394103,1.5366025738291882,-1.567722484658779,2.7485706141400823,1.5542178338027568,0.30352439486238136,test
2013,austin,-0.6547615831952731,0.1725579686725134,-0.6463122719913256,0.40468627438312677,False,-0.2189119909100707,-1.2363741027257467,-0.3192472346592389,-1.1966976922630095,-1.2225157146673893,-0.9657724215861129,-0.5874479465105615,-1.151298937999531,-0.8356428300076064,-1.0997893729712438,False,-0.592866410015042,-0.596402078210631,-0.5479079356619196,-0.5965539257498462,-0.6773178556527596,,,,,,,,,,,,,,,,,,,,,,-0.6144906282370071,1.9982381914188332,train
2014,austin,-0.6106875279496069,-0.4542220969092629,-0.608233097784934,0.3587830164343903,False,-0.8561006747773288,-1.5399874601585937,-0.7044514678001733,-1.4156911188883232,-1.3510141024246933,-1.2276686213920065,-0.9860566035419627,-1.3920055120710073,0.8997263054554633,0.23320810839307404,False,-0.592866410015042,-0.596402078210631,-0.5479079356619196,-0.5965539257498462,-0.6773178556527596,,,,-0.4168218548066363,1.9358318031467132,1.1673960295698558,-0.31207100594893644,,,-0.5817050996141266,,-0.43327110685717346,,-0.5806889498666901,1.4087298341530703,1.3885061230966076,-0.6471760459741455,-0.6416072932234892,-0.6340952434527958,-0.010382268110323152,0.46200450455055064,-0.4751637298384084,1.748235426730324,train
2015,austin,-0.5474294683605095,-1.0810021624910389,-0.5748886357153159,0.5256604854355261,False,-0.4529031616102498,-1.7695846342032582,-0.4779329848541344,-1.8769801428875914,-1.3962227361387791,-1.954099930363654,-0.7812311006511311,-1.8900837948615672,-0.36576084470133413,-1.1208276644068407,False,-0.592866410015042,-0.596402078210631,-0.5479079356619196,-0.5965539257498462,-0.6773178556527596,,,,0.22655718743953995,-1.3593830258110329,-1.1892802036744239,-0.31207100594893644,,,0.10606015528870327,,-0.43327110685717346,,-0.981102544723123,2.519990694137055,0.8654205739645242,0.14171027587371562,-0.5969978820347763,-0.5957027778467415,-0.6474759930619643,0.41436943351277095,-0.11510192328515532,1.9947842817041352,train
2016,austin,-0.5105688718298858,-1.1506443920001252,-0.5406375266407838,0.48509666894957665,False,-0.6564474044953146,-1.779742980056089,-0.9355682004560439,-1.8394890093703675,-1.6905994190274654,-1.8605485481655673,-1.105532304527508,-1.8409803142004912,-1.7826952833126866,-0.09505258626488147,False,-0.592866410015042,-0.596402078210631,-0.5479079356619196,-0.5965539257498462,-0.6773178556527596,,,,-0.33759555106408184,-1.5256860084338097,0.8979450524104676,-0.31207100594893644,,,-0.5437701870092524,,-0.43327110685717346,,-0.7753495725182727,0.5864761653363778,0.8493304559509248,-0.6178285475012877,-0.5329714434535974,-0.5620839785991121,-1.284569718013605,0.5875427646813658,-0.04051116087943039,1.7857025270624811,train
2017,austin,-0.469057690331737,-1.2202866215092112,-0.5018531825416813,0.8707318516126598,False,-0.2585315160237523,-1.5082449703716803,-0.5698573284499361,-1.6188481356707316,-1.475641340262718,-1.682636722050648,-0.7698086962987934,-1.6176001154064,-1.8017571167227042,-0.7498735748466951,True,0.9932657082609011,1.7377689898139626,0.6189012151020621,1.1847453640841377,1.7327351541057978,-0.2360820470496154,-0.16888881387704718,0.961427122462215,0.3661202139261078,0.009306040244637569,-0.5760303075869411,1.1832128149886407,,,0.3199837109190283,,-0.43327110685717346,,-1.101119243020385,0.7714125684980884,1.1171438696396816,0.8533353940540647,-0.4956631109634183,-0.527551073027529,-1.3553579096748987,0.5454485786427723,0.03627987120078086,2.441631262011908,train
2018,austin,-0.4130540517445363,-1.3595710805273837,-0.4597444660912272,1.1365085274095976,False,-0.8542731437268816,-1.7074288715074912,-0.8454268911506442,-1.6852708884735523,-1.671808226049425,-1.6405711800799607,-1.1386911683662275,-1.691367094394524,0.1121948429514437,0.17029328123147108,True,0.39690227324583666,0.2829949116848391,0.4253679944634823,0.11438005474835111,1.7327351541057978,-0.27134327732849556,-0.6670586321892411,-1.10930020933207,-0.38512791753564296,2.131932087374734,0.8053208221047145,-0.8742767550803888,0.31005441514891474,-0.2537042422141763,-0.5927461662632394,,1.373275099948468,-0.4965602664566235,-0.763875446435098,1.4884942747936472,1.2631885929432127,0.2720776906587095,-0.45364770407475247,-0.4884476358361775,-1.4261461013361918,0.9456327952257859,0.21217543453644483,2.804445121922217,train
2019,austin,-0.3464930664254205,-1.4988555395455563,-0.4190460894261948,1.2960542260439214,False,-0.6037443573648019,-1.7051524705536552,-0.6207836053651443,-1.7838193625004175,-1.6083769654525264,-1.8459140026829033,-0.952838383444374,-1.7968383487582034,-0.20189141136987265,-0.6247774267225116,True,4.630024452675447,1.400481862966323,5.187969021269889,3.020223693395965,1.7327351541057978,1.2819026867650036,5.107068578050151,-1.7531001061662976,0.20632855285700152,-0.3146577734675438,-0.6990370399566808,3.6785922143591185,1.5816869235079147,4.419044560542925,0.1098522771846099,,0.694039058391546,-0.5356985617780435,-1.1344282533411787,1.8804825527822573,1.0434897419353064,-0.07898373208627006,-0.3969638040370733,-0.44599247545699594,-1.567722484658779,1.221436548543486,0.47844270534591654,2.9467036796700796,val
2021,austin,-0.18815129847577663,-0.5935065559274355,-0.3501409170527245,2.7998640828020074,False,-0.03339019389833154,-0.829182184536675,-0.10752191401230225,-0.793303750402023,-0.9349670595162387,-0.45798779217294416,-0.3553924032870631,-0.7066073780098707,-0.7758406821534564,-1.2475575308833922,True,1.251918451560855,0.9507447698118858,1.5753482722996641,0.8636358476528602,1.7327351541057978,0.44797084743909743,-0.5747894988947432,-0.541878398646778,0.846180223584714,-1.5224235045305505,-1.0650014416225058,0.7079758508692225,2.1655552900877097,0.21790854676068716,1.0033500998853326,,0.43548846008939374,-2.2708795120620477,-1.1371201966849966,6.286755869185616,2.9350854556949693,3.0690803664858213,-0.3295943199567929,-0.40495925824840884,-1.7092988679813659,1.3870015003102132,1.2652340119400032,5.373287206634229,test
2022,austin,-0.07402012672797999,-1.3595710805273837,-0.25312968752691745,2.118886063406255,False,-0.19062175235700124,-1.476434284087999,-0.4945808039308165,-1.588691271088247,-1.4769290505845636,-1.6437842696731932,-0.7206077337714204,-1.5869236506121152,-1.738107888720337,-0.8223406531910216,True,1.9048997851260334,1.2138650012381986,1.8950988166191505,1.2957462081497209,1.7327351541057978,1.2767220559044972,-0.1934104146108187,-1.1068484051965983,-0.3812180261237861,-1.02641977817359,0.3712224167727791,0.30350975948916,1.0017140491915955,0.4015439169313427,-0.5044675075044255,,1.6678710714343148,0.26270604354524424,-0.34758263712255033,3.3267883054368412,4.547409830874835,-1.4923146035301966,-0.16932921624800826,-0.33548717762793,-0.7890523763845513,2.947546275454141,1.4077812092904025,3.725048471160132,test
2023,austin,-0.004085897086412403,-1.0113599329819527,-0.19772348167105672,1.8328673259444233,False,0.3171068566091173,-1.4817005480970873,0.0455951340338842,-1.6118627734064204,-1.0472730635542762,-1.6671255956339488,-0.21620493856591663,-1.6074536155125494,-1.5525835417759597,-1.2804652862668062,True,1.5209938492301864,0.5760010397133072,1.7492479091674291,0.9059218713652318,1.7327351541057978,1.2504595514844736,-0.5307563861128742,-1.4361014003964532,0.5459652756938678,0.23396038924968174,-0.4035167648280491,-0.6739881048416342,0.3172580793038346,-0.13389336045649247,0.4005593612242147,,2.411592819247656,1.1825806278512325,-0.7144516972804725,1.1244893647457344,1.504305975928399,-0.9912953380760592,-0.05381172321115675,-0.23767780096488725,-1.567722484658779,2.2408766886176354,1.5152674965157482,3.049211292391196,test
2013,boston,1.2489388518053852,0.7296958047452031,0.7788360811775146,-0.29908398767467176,False,2.2155282893023975,-0.9959194977968886,1.7909691162155457,-0.8929711872453926,1.0775027613055748,-0.39416860030156264,1.746658706141158,-0.794531672918169,-1.8687461750033776,-1.2853997825147752,False,-0.592866410015042,-0.596402078210631,-0.5479079356619196,-0.5965539257498462,-0.6773178556527596,,,,,,,,,,,,,,,,,,,,,,2.6815206041713853,-0.9777787963198176,train
2014,boston,1.3048701236858098,0.10291573916342682,0.8455250053167503,-0.29884490820618875,False,2.451308947641633,-1.4141120500547677,1.887319213320829,-1.5517255564279857,0.9630731823923746,-1.4778334055447624,1.8252613142355756,-1.5118761665096996,-2.091940590158444,-1.2937350802309386,False,-0.592866410015042,-0.596402078210631,-0.5479079356619196,-0.5965539257498462,-0.6773178556527596,,,,0.09197885138027127,-0.21485021597566548,-0.009026732013601556,-0.31207100594893644,,,-0.12986267291916198,,-0.43327110685717346,,1.7639867592034337,-0.5514018479591499,0.4203991812513934,-0.4791943259880094,1.285216889659617,0.8027783304330467,0.5559232651800242,-0.2683172182526305,2.6022314064535847,-1.0020981070660342,train
2015,boston,1.4142148522146814,-0.4542220969092629,0.8927713881283844,-0.058809121849254194,False,0.8176450540647257,1.5606831736792788,0.4699568649844695,1.1944469239729862,-0.08110686025711168,0.7247851217101371,0.4224418556382382,1.1414563587379276,-1.5269753810625468,0.21338677042403698,False,-0.592866410015042,-0.596402078210631,-0.5479079356619196,-0.5965539257498462,-0.6773178556527596,,,,-1.4875073191628825,0.6506211809263235,1.3201126965854186,-0.31207100594893644,,,-0.8010533275510346,,-0.43327110685717346,,1.8429452873663024,0.4931189323538895,-0.3110122340438566,1.0289897025159507,1.341827543971189,0.8700159289283055,-0.08117045977161697,-0.2680691189243087,2.8374927644220973,-0.8021760198640188,train
2016,boston,1.4635587056641537,-1.0113599329819527,0.9491849795452608,-0.20138017822128473,False,1.9700064500704406,-0.855644884518331,1.5708101939327885,-1.372070464724547,0.5020918208124484,-1.2525926849286877,1.3959832453317071,-1.164645583797196,-1.671652722501812,-1.2970525287219719,False,-0.592866410015042,-0.596402078210631,-0.5479079356619196,-0.5965539257498462,-0.6773178556527596,,,,1.0461589333437478,-0.12863128344146968,-1.3264547149180823,-0.31207100594893644,,,0.4906103189377568,,-0.43327110685717346,,0.43377372913979567,-0.7443163245659831,-0.032731914346367574,-1.197764569539719,1.4525004541237496,0.9176510251432246,-0.6474759930619643,-0.01897739328925248,2.777928018917084,-0.951733442479357,train
2017,boston,1.5295025258613313,-1.0810021624910389,1.004994139625528,-0.08104351241817344,False,1.229331210156022,0.5042834960676273,0.8160898484159281,0.15055732997912472,-0.1610268717386833,-0.18263207998230313,0.6595504706888723,0.13291012901237326,-1.7903240697839717,-0.6407145159558164,True,0.5729282643487487,-0.08499306805381039,0.7282896658551689,0.2280237912062613,1.4232759490486893,0.7100568664630966,-0.7222531092097506,-1.6141401319972122,-0.7770085523322033,-0.10007432188388517,0.5739283881948725,0.7869508819667711,,,-0.536750470357911,,-0.43327110685717346,,1.411723406630068,-0.4467970523368487,-0.09446663348988607,0.20627615631768323,1.502443674367354,0.9745287519670086,-1.2137815263523117,-0.16692729274513415,2.7894576594948597,-0.8676757910123104,train
2018,boston,1.6489560640810634,-1.2899288510182976,1.0835702133847487,-0.12678738405458792,False,2.3991849253676403,-0.046317993359612175,2.018920909235317,-0.13485363369233147,1.4280339497671064,-0.1472598612361228,2.0042552146413315,-0.1401905811634799,-1.6835228062149785,-0.9952480690151196,True,1.6155430441787828,0.16109422454730635,1.8137588251177714,0.9059218713652318,0.6253933316873627,1.2820823618237496,-0.7228654533824441,-1.8728198629294341,1.4418917891217544,0.14751523925601642,-0.3126616792526821,0.6708263162771686,0.7961998635006535,0.11696715313029517,0.6715576647278586,,0.8945261949056343,0.5536091099172771,0.6719559944998158,0.5140967031019503,0.6005309732676342,-0.7151185790756995,1.5691884967834782,1.0307970745748236,-1.284569718013605,-0.04205063082317701,2.907337778426996,-0.9355894270190307,train
2019,boston,1.7588606105302773,-1.5684977690546424,1.1205412634740228,-0.054665077728882155,False,2.300702525222049,0.6304439883368607,1.9148028909681325,0.5187621171080857,1.3461965173461736,0.5313989282726962,1.9071352092328477,0.5210556330239233,-1.6856806665536017,-0.7690280889984391,True,1.4876174702280112,0.5463234749753654,1.6622980907335465,0.7262060796640064,1.7327351541057978,1.2814684720397012,-0.604599526574504,-1.7461662664476219,-0.09537588304686455,0.02786814966656731,0.1966911717593971,-0.4326694345468396,0.3377903200648624,0.20552933312113414,-0.20829549516410917,,2.082026122533835,1.1885303135094356,2.022749689138733,0.25895174515124597,-0.7758382415559707,-0.09614050648246364,1.6900930056762606,1.1100196226508083,-1.4969342929974854,-0.08952030230874218,3.1644357594325756,-0.8887562814742673,val
2021,boston,1.9643752307261155,-0.10601094936383175,0.9775932523659024,0.06599036069887315,False,0.9927888565582903,2.3131933973614593,0.7632087937988721,2.1052234531940597,0.5374534020792368,1.9990810053168948,0.7872454226484068,2.129717034555207,-1.2993252033856602,0.4802496621047313,True,1.5081855071650185,0.5356950730042358,1.6651029366587193,1.0103154844499973,1.1727258865223116,1.2430030365465192,-0.6753809461726664,-1.2865101684605846,-0.9452305073331636,0.6775758199699379,1.5567979436555894,0.41525170674138967,0.7488306775767878,0.12770824637198439,-0.5849739899659783,,1.0810256266639517,0.5759121215186978,1.6984887192480238,1.8312488970974339,-6.348298935913745,0.12405099593893365,1.8013325337100248,1.1472948471942523,-1.780087059642659,-0.014677004931675149,4.65654877718276,-0.7286528166889188,test
2022,boston,2.0334656372584843,-1.1506443920001252,1.0471028560759823,-0.17364695987725642,False,2.9899742933445213,0.11736551671800502,2.968512061997573,0.15695697191891178,2.9253468030208696,0.376363884483493,3.0278594943477124,0.2166861383454448,-1.0290412113541734,-1.0697322894067578,True,5.527525131720284,0.7372492448233102,6.242585145519906,3.1748318800876527,1.7327351541057978,1.2820823618237496,6.54195797762721,-2.2519021533949077,2.397106663432924,0.32703423644678126,-1.3611358000459823,3.477054403089166,0.36956555080478354,5.494211405475024,1.1743973051950778,,1.9597498322869527,1.145154113599072,0.8002291613194437,-0.5798307570004461,0.33185436152950165,-1.5722750416031757,2.009343485879209,1.0031707501175573,-0.29353503475549714,0.11053045609471102,4.570718813444673,-0.9624272810970256,test
2023,boston,2.0771423583216637,-1.2202866215092112,1.0842753832774594,-0.3946360819117118,False,1.9410740221924827,-0.5759927114637786,1.5655914310832935,-0.8499810906126734,0.7998651988573053,-0.849052933087794,1.4817546851350234,-0.7722040865773055,-1.6727271453363057,-1.1599535518865127,True,1.5645507286318987,1.1062847570185763,1.5192517590426822,1.4226044065692665,1.394194222275928,1.1571782501522343,-0.13276050768813066,-0.6224322835716746,-1.6402775760848525,-0.6765883854874044,-0.08084523544878063,-4.04805960327264,0.2382934545906697,-4.855122232709867,-0.7119479522136652,,6.537629990527776,1.1885303135094356,3.0509889461586166,-1.0032839147838792,-0.7535859683641414,-1.7099813949640434,2.0792731153861475,1.0732522349540052,-1.3553579096748987,-0.13814777065980893,4.552533487178788,-1.1603033406694372,test
2013,charlotte,-0.4346527828980285,1.9136137063996692,-0.507293064571166,-0.14065399322660208,False,-0.322108052430036,-0.66302941267733,-0.2260547643835565,-0.6345201953306275,-0.09196920134771856,-0.6596823795050626,-0.22102607114859843,-0.6453283487746048,0.1926691481956026,-1.2148664932405986,False,-0.592866410015042,-0.596402078210631,-0.5479079356619196,-0.5965539257498462,-0.6773178556527596,,,,,,,,,,,,,,,,,,,,,,0.4032419575916972,0.39717380334384816,train
2014,charlotte,-0.401390723267555,0.7296958047452031,-0.473243432608837,0.2201966178704098,False,-0.21501068042348995,-1.3098414982162203,-0.22316749631186095,-1.233150066660721,-0.06109801142811664,-1.2236514906741618,-0.17201930562344075,-1.2472658064963622,-0.46172934049571185,-1.2943352216665025,False,-0.592866410015042,-0.596402078210631,-0.5479079356619196,-0.5965539257498462,-0.6773178556527596,,,,0.060423884639354664,-0.6883517509317533,-0.07141467056366448,-0.31207100594893644,,,-0.12345629719407365,,-0.43327110685717346,,-0.21260788148146118,0.13145437784947098,0.6641101061880915,1.4672637489072107,-0.4188248892902923,-0.4939322737798996,1.7593225234220127,-0.10391006335140479,0.42677338015646005,1.0441882566807332,train
2015,charlotte,-0.3577501855577635,0.311842427690686,-0.4372797680805782,0.30036793296837666,False,-0.6603985435805103,-0.6605183438892618,-0.6434296464310582,-0.594857751458672,-0.4733060916066203,-0.554956512213788,-0.6078595874648809,-0.5944290616062096,0.11027059533059044,-0.13209464931551257,False,-0.592866410015042,-0.596402078210631,-0.5479079356619196,-0.5965539257498462,-0.6773178556527596,,,,-0.4565180614559898,0.6583459546686649,1.0176328107818795,-0.31207100594893644,,,-0.5372279229113183,,-0.43327110685717346,,-0.16337920867150546,0.6234713659335424,0.7282840281874822,-0.1536290937864649,-0.38515880418038684,-0.4596025029469729,0.5559232651800242,0.2705545228622521,0.5252309053543834,1.1087868947510986,train
2016,charlotte,-0.3252220335667629,-0.10601094936383175,-0.3992005938741867,0.38253157697036855,False,-1.1346364416837538,-1.0848174620664746,-1.1219829299397632,-0.997693607355079,-0.7825445687650755,-1.0201002196650215,-1.0399165386693767,-1.026092007923189,0.6633564964002054,1.1483571152461096,False,-0.592866410015042,-0.596402078210631,-0.5479079356619196,-0.5965539257498462,-0.6773178556527596,,,,-0.4524842897483826,0.6375766135628198,1.1213105403948385,-0.31207100594893644,,,-0.6216020347703144,,-0.43327110685717346,,-0.6011930166682147,-0.03647418744843437,0.798770866783374,-0.16275582067044755,-0.3409881763508989,-0.4233429520968106,0.13119411521226385,0.353750497626152,0.5062030362668379,1.1679507795773307,train
2017,charlotte,-0.2846113396746278,-0.4542220969092629,-0.36061772688728716,0.5654273703598656,False,-0.8887497785420202,-0.40494549311101113,-0.90446747966499,-0.3533894462975007,-0.6604642397352124,-0.4227475148142306,-0.8388717332357986,-0.3847290840080695,0.35547338300568604,0.829765365938904,True,0.6641369826037468,1.7138793296824695,0.14488502293209907,1.5124621114962329,1.5947835537444253,-1.09519834044307,-0.023902414078845254,1.813034282374331,0.2225262232173889,-0.3078461570412431,-0.2811387367839838,0.8729354725085696,,,0.11132520367364714,,-0.43327110685717346,,-1.0352063627478358,0.31435539963726616,0.7481870483866316,0.1915738672694592,-0.30806491346330306,-0.38495048649075647,-0.29353503475549714,0.43901396679273336,0.5514982775211408,1.4039498412154083,train
2018,charlotte,-0.26100067753180867,-0.8024332444546941,-0.3313028070617318,0.8316025119376084,False,-0.7103350696995389,-1.1340774658539836,-0.6803070541909441,-1.041586578920165,-0.42339055479429577,-1.0507876805456173,-0.6216752230089266,-1.0665906114888277,0.06575657595620633,-1.1338473994394882,True,0.404136730161366,0.5472020020834083,0.25707825206929974,0.526272453911085,0.8110687398013449,-0.959932967050542,-0.7191913883462832,0.23363985930748574,0.23974710504796276,-0.28789789016074546,-1.7239128169909463,-0.5571793209733863,0.4465644501911483,-0.4005544783872322,0.09594114778439146,,0.9984095739083068,-1.4501386566699748,-0.833251207357095,-0.5671964144788133,0.04137939460716322,0.399499909415157,-0.2669609321664757,-0.34605018403806115,-0.6474759930619643,0.6288099529588868,0.5254415087637244,1.7979693234121654,train
2019,charlotte,-0.22080028921299732,-0.9417177034728663,-0.29614505098228555,0.706324870452515,False,-0.01610008369427657,-0.5930845885219942,0.006503666565265149,-0.5233356357055176,0.1701955671053324,-0.523192182254835,0.05240308853896944,-0.5373556512177508,-0.31435947796291547,-0.8364106357359058,True,3.553080707357536,1.0180031663639109,4.035183829967455,2.274932111797516,1.6454899737875137,1.2818577680003171,3.0380411199969077,-1.7278472142155612,0.7268726197710783,-0.3871645362307103,0.25915221546360817,2.6565120823616803,2.132881099594679,2.9164941773782864,0.5499401038287867,,0.7022788390179254,-1.3000004995855972,-0.6150712107210394,0.18513744831224657,0.3808701300545309,-0.8421775776796173,-0.24306347752800422,-0.31649407956355924,-1.0014169513684315,0.9050272051571231,0.5893583790564614,1.4849210793034062,val
2021,charlotte,-0.1278732452553298,-0.17565317887291773,-0.299066469109231,1.1437606046202486,False,-1.0604867315182478,-0.7608430520999713,-1.0308341739979048,-0.7143847766339891,-0.5424809278217142,-0.8058126841455011,-0.9038581691477678,-0.7526430167371834,0.7845896870067579,0.7899726546419389,True,0.9698868987917091,0.42920441289176475,1.2275494038106078,0.6548484942008985,0.6097340066483466,0.49335377269399583,-0.7238674711195789,-0.9039836198268705,-1.1643859804571852,1.3662826743154988,1.748041026907247,0.29063690647627294,1.829368314684727,-0.004046399299238028,-0.9717669752149701,,0.6184782485499679,-1.7543703484550772,0.2062073641590276,2.5043296173804297,-2.1205082769753414,0.8620252571509164,-0.20237478567825404,-0.28104706766802234,-1.1429933346910182,0.775023157116516,1.3444054164930652,2.244434570952219,test
2022,charlotte,-0.07279945057972188,-1.0113599329819527,-0.2164608531059477,0.9115347475670922,False,-0.8895236725030818,-1.1954795674037764,-0.8133218424200206,-1.0831281592683633,-0.35575513494908156,-1.0521100761465556,-0.7080917918365516,-1.102349168211856,0.6684129573731027,-0.30273486416081413,True,3.4227421590332203,0.49578274733223693,3.782749587852115,1.972322714830097,1.6850113463531882,1.2820823618237496,2.085595427024231,-2.1267321531352366,0.21689838466352238,-0.0973350034075811,-0.9600809243890276,2.0002929790433157,0.9696751235907622,2.2104228144965123,0.08008829542403005,,1.3466474949213987,0.31307894083578536,-0.8985319080177656,0.6174106057319526,3.3708272581300287,-1.0636456823851186,-0.10831898138811463,-0.2839925213785398,-0.3643232264167903,1.2289622281692463,1.1450297505289817,1.6249374413768722,test
2023,charlotte,-0.003311709864866151,-1.1506443920001252,-0.1831163910363298,1.087417543214421,False,0.6510951341497144,-0.629533487859785,0.6909193356519,-0.6173746305614654,0.742792968578353,-0.8074539380994841,0.7092089481875662,-0.6783292309787102,-0.47262667846213685,-1.2781147323108482,True,1.7890292941002908,1.0408187474661033,1.7520524849282861,1.464890430281638,1.6499641076987621,1.2820524159806252,-0.09176128194369768,-0.9355638809592208,1.519293344296407,-1.2227282661064638,-0.8571781094100392,-1.8522103088760304,0.33825777913647953,-1.5046683622486705,1.4146299474307635,,4.1403595162434845,1.1885303135094356,-0.7018790819728215,1.1039885204114108,0.08124402889833067,0.008092507617661374,-0.052576219831166456,-0.20070727852942757,-1.2137815263523117,0.9879750805927012,1.4140308172524936,1.8211151923992073,test
2013,chicago,2.823501167588706,2.888604919526876,2.8305782532980888,-0.3304830912021061,False,0.6506452294584855,-0.5277909357010138,0.6909892374787251,-0.5087783673118424,0.801051558513792,-0.6152641623280556,0.7282042676155591,-0.5419356116527015,-0.5424202423951887,-1.2957022104919533,False,-0.592866410015042,-0.596402078210631,-0.5479079356619196,-0.5965539257498462,-0.6773178556527596,,,,,,,,,,,,,,,,,,,,,,0.9897083099348859,-1.4115901341292372,train
2014,chicago,2.9221390370386437,1.565402558854238,2.9100609740622243,-0.007566422437730646,False,0.6866305749960036,1.3733026578856045,0.7429901743254163,1.3204683897533314,1.0517953320988294,1.0387784156288695,0.8409554859650715,1.251973313294656,0.3072829158054343,-0.1593510728473676,False,-0.592866410015042,-0.596402078210631,-0.5479079356619196,-0.5965539257498462,-0.6773178556527596,,,,0.12838796047477852,0.9632895072147635,0.9949263499034525,-0.31207100594893644,,,-0.09739398871937932,,-0.43327110685717346,,0.7409206623338931,-0.4245966519105345,-0.4228438109172865,1.619609639302507,2.878904999263205,2.871400941540204,2.7503572066801203,-0.30090093003888946,1.0414686981102683,-1.2584523805916117,train
2015,chicago,3.025919038898359,0.7296958047452031,2.976649159645358,0.0031124604878434692,False,-0.7946342037783692,1.2296276783673656,-0.8735615161175981,1.3132285534658203,-0.8395699104395047,1.4728081821638888,-0.8538789923058674,1.3440594825081333,-0.786257097976988,1.4887706739742317,False,-0.592866410015042,-0.596402078210631,-0.5479079356619196,-0.5965539257498462,-0.6773178556527596,,,,-1.7988525431444229,-1.1705693341014944,1.443777375342492,-0.31207100594893644,,,-1.163479322635769,,-0.43327110685717346,,0.854182428899626,-0.38870509828615746,-0.6901211982526451,-0.4291912076274113,2.9787409969390377,2.951537595940143,1.4053815651155455,0.03419856274771337,1.1312992487238784,-1.2622502354904763,train
2016,chicago,3.060274108883061,0.6600535752361172,3.0491809200384847,0.332085809120455,False,0.294609140955621,1.1085810720818485,0.3800323588834998,1.0166701452052622,0.7627706325872375,0.7314932603870501,0.4839323066470494,0.9564001944231031,0.5925387891272561,-0.14059665298599947,False,-0.592866410015042,-0.596402078210631,-0.5479079356619196,-0.5965539257498462,-0.6773178556527596,,,,1.4345420261548154,1.5442817441744867,-1.4307611488567158,-0.31207100594893644,,,1.4632586849739349,,-0.43327110685717346,,-0.8483264207203479,-1.2712185099848274,-0.5987929601050784,1.0925838754184236,3.083781587152951,3.0186736270660735,0.5559232651800242,0.04528033274608573,1.0509363515876202,-1.1123629834551652,train
2017,chicago,3.1235485533868994,-0.03636871985474515,3.063687272117111,0.5066935142692078,False,0.6832529816890566,0.7256890506912188,0.7482186158893949,0.7167839011749338,0.8987339980328325,0.7594234630780063,0.7912781373452583,0.7416584257186127,-0.369345468683005,-1.0976055249696088,True,1.4768094986019256,0.707092244284188,1.4855937430227668,1.1966382525671788,0.8282195864611306,1.2648635020272687,-0.5156147847517258,-1.070730167828277,0.3358639431657571,-1.0259992653927579,-0.8410657334357788,1.6390608481258007,,,0.03685464815814562,,-0.43327110685717346,,0.49554261474591493,-0.9221876176059808,-1.670579557363836,0.1814825551630211,3.1185539591260354,3.091802132982367,0.48513507351873103,0.38666500851684005,1.1604225083054138,-1.0303359141044417,train
2018,chicago,3.2372305053888613,-0.5935065559274355,3.094815485952494,0.15197927619659307,False,0.9523739346858046,-0.04425072202346559,0.9607188789426425,-0.01707763868887748,1.01014956408236,-0.05636883112388671,0.9953348614821221,-0.03349112898847694,-0.7050812557679196,-1.1842426094314134,True,1.1917108253638515,0.9619800311330786,1.2471831902046595,1.0618516315355135,1.292781094889044,0.5768727291677086,-0.5658548407386244,-0.3212499158704673,0.2257375186649205,-0.33843094172770904,-0.07770171382040857,-0.5808401888887753,-0.21246893787866744,0.07999539782154642,-0.0441782756606011,,1.9240137113161675,1.1694181947749842,0.8042801365311273,-0.3274250442888521,-1.3712509485917823,-1.692741738257013,3.1825969816452004,3.1064278341656264,-0.22274684309420334,0.5678602179678388,1.3443423683002569,-1.2063306090732577,train
2019,chicago,3.280769320086298,-0.7327910149456077,3.1150639357289087,0.1841753112856374,False,0.7700504720806008,1.3151693534673037,0.8349087106925279,1.2201366302172503,1.1603173923395391,0.9348704731251538,0.9373612413823565,1.162226639396837,0.24666142882096037,-0.28383040894055506,True,2.097119868847661,0.4733468996821358,2.2821653929784675,1.3287822357713786,0.9982358131864504,1.2820823618237496,-0.34195954414105556,-1.7468500570828953,-0.05363816655668637,1.0753382454718021,0.7879949005715942,0.5414792616816546,0.902816490219476,0.28422131932231276,-0.1986903402464236,,1.5992967972778878,0.40578102631471585,1.0092608488788584,-1.1826765918160207,-1.5701250825431852,-0.34299145419339566,3.2976597983822575,3.1378121512880353,-0.7890523763845513,0.19976351451444066,1.3958804075719058,-1.1938311291372767,val
2021,chicago,3.2881916864642973,0.8689802637633758,2.864627885260418,0.21812459581022378,False,-1.038846750061242,0.9650479715444032,-1.1410887123301625,1.020286769186905,-1.1048918078056638,1.200098006606692,-1.118375748186452,1.0669346467964824,-0.7652398848893517,1.5980464270331367,True,0.8201641637871832,0.7586647643806602,0.6357302906530987,0.7552777686971734,1.7327351541057978,0.4695767732532902,-0.5927979843371384,-0.4583410356844795,-2.866666534771886,-0.3207252434171803,2.1592575189908,-0.4925298448414807,0.6482790326589462,0.013869246571069834,-1.461674189810825,,1.3941424469926793,-0.14313564297241127,1.5945405806950925,-1.60672944130033,-6.406375848430033,-0.3387363085801306,3.3417274675967463,3.1582271925230008,-0.930628759707138,0.2331742240617722,1.9919331270924967,-1.1381544033942,test
2022,chicago,3.36910585709716,-0.24529540838200434,3.0589525599803364,0.14831339101318702,False,1.7579801805066175,0.7342131398572844,1.8454594184273891,0.7476794816111731,2.0252000890154114,0.7723082477241272,1.914519522813131,0.7590296624195396,-0.6025373271670204,-0.9545884867556735,True,4.6490561150569665,0.7591973872973773,5.157116256421619,2.7519713883990753,1.7327351541057978,1.2820823618237496,5.954024070363356,-2.140065315325208,3.2418336494907845,0.2088999761175348,-2.2405176992945255,3.297514930104706,0.9887090980966071,4.994688362632759,4.267925906315539,,1.1761188006982506,0.28668759774856023,-1.1140208430109961,-0.7549108366258935,1.7315467145352315,-0.765902268494128,3.349239991504607,2.905730712373131,0.6974996485026111,0.2684043286834634,1.7165540454499124,-1.2029119365185241,test
2023,chicago,3.4551819585784456,-0.3845798674001763,3.10357974033333,-0.059446667098542204,False,0.5645622935765402,0.7440550009969589,0.6284389320101237,0.7144567586513749,0.9189947756585768,0.7344600780261338,0.7152079898187135,0.7384656326207313,-0.1392939647061698,-0.6559514401809635,True,1.6258879988155432,1.919115252714842,1.4238874028332815,1.693499349393622,1.7327351541057978,0.4608176141394283,0.16559027354376152,0.32773106200930835,-1.2705279982030178,0.5389212841111942,0.2602049296833421,-3.1620822503487496,-0.3191574813777386,-4.194856033864562,-0.6978103387196946,,5.537086056284522,1.1885303135094356,1.9326076655824604,-0.711886611070878,-1.1266818063172168,-1.3716349584962244,3.4311370052610157,3.101654167807201,-0.4351114180780841,0.19595932481350686,1.8051373330861817,-1.3089405088920818,test
2013,cleveland,-0.5807440962591127,1.2868336408178929,-0.5919134516964806,-1.0386364768487597,False,0.6415617447159474,2.223905738824628,0.5716238025793471,2.2196132325547477,0.5230043611785006,2.2588325985027775,0.5930962565307805,2.2430980466331576,-0.9700929381179815,0.628534608475282,False,-0.592866410015042,-0.596402078210631,-0.5479079356619196,-0.5965539257498462,-0.6773178556527596,,,,,,,,,,,,,,,,,,,,,,-0.30633464516146186,-1.3999953551233557,train
2014,cleveland,-0.560968186870637,0.7993380342542892,-0.5840558443205583,-1.0238932429589747,False,0.9355180155900128,1.04142729123668,0.954849061232225,1.0289979978847192,1.0957340753882754,1.0697004079164243,1.0154797832769018,1.0543913183153932,-0.5787942946131286,-0.6582769882437731,False,-0.592866410015042,-0.596402078210631,-0.5479079356619196,-0.5965539257498462,-0.6773178556527596,,,,0.4585166659003317,0.45991939858103464,-1.1303208968539111,-0.31207100594893644,,,0.1027780117371559,,-0.43327110685717346,,0.6052008693538394,-0.4221681072124592,-1.284334802260681,-0.07393305523061097,-0.5666907353645427,-0.5792488640155756,1.1222287984703716,-1.0357711405279697,-0.17293413202026822,-1.3713231526765801,train
2015,cleveland,-0.5549460479982739,0.10291573916342682,-0.5796233478520896,-1.0229369250850426,False,1.642315390903355,1.8555546104175489,1.661911846797494,1.8903075587326459,1.757922569305256,1.993060527261101,1.7234160678714925,1.9219170592396042,-0.8527849668073137,-0.19554293553095,False,-0.592866410015042,-0.596402078210631,-0.5479079356619196,-0.5965539257498462,-0.6773178556527596,,,,0.7629718526583689,-0.2706291548915216,0.40412704665487814,-0.31207100594893644,,,0.229445080095395,,-0.43327110685717346,,1.0294969887911785,-1.314726047826418,-1.5700245841997955,-0.4559818076276801,-0.5466746132123161,-0.5713266092079771,0.6267114568413173,-1.0204716819481272,-0.15010359799878614,-1.3714248027702607,train
2016,cleveland,-0.5535048582057833,0.311842427690686,-0.5734782959298942,-1.0137722121265276,False,1.182523961381548,1.245186316573141,1.2080812263177703,1.2525142175861557,1.3804084924944626,1.2522200726770456,1.2824576527213836,1.2572811084435012,-0.6229270773193123,-0.518168968932779,False,-0.592866410015042,-0.596402078210631,-0.5479079356619196,-0.5965539257498462,-0.6773178556527596,,,,-0.46197499433271644,0.28264267620558736,-0.28467702624475605,-0.31207100594893644,,,-0.3705792011676252,,-0.43327110685717346,,1.7406388760620717,-1.6030250367277303,-1.431810550166923,-0.2447987367926526,-0.5405793250048804,-0.5668576449575369,-0.08117045977161697,-1.0194792846348402,-0.1877004094041297,-1.3545360468612837,train
2017,cleveland,-0.5338641243639269,0.381484657199772,-0.5653184728856673,-0.9999056029545134,False,-0.5291809251004223,0.28318818348203745,-0.5039710927226935,0.28946775405210967,-0.1502164310986888,0.14514331183205942,-0.40792038835408484,0.24680751282851895,0.9043668337642365,0.6317520333937211,True,0.4621318717673331,0.1023512637360227,0.5515853856854679,0.26898836872246934,0.3375591072012883,-0.0412244458397019,-0.7240344740757682,-0.939659408761875,-1.7941011079671012,1.7073461644975845,1.0068278689987775,0.6825005330101425,,,-1.0428230014931394,,-0.43327110685717346,,1.2976837593633865,-0.4699695878207455,-1.2713057701818096,-0.1372166228003577,-0.5391206294594891,-0.5606620354285177,0.13119411521226385,-1.0099688103825057,-0.06143401382903289,-1.328757857396975,train
2018,cleveland,-0.5191572979736709,-0.17565317887291773,-0.5526254148168702,-1.0195101193701195,False,0.19261889017060393,1.0654271612837374,0.1543025836265928,1.108919128971014,0.06236915110180016,1.1247952550784024,0.14109604120951186,1.106061998592325,-0.771784010936208,0.14167820417188137,True,1.574925050096735,2.238961140353881,1.0256015778554308,2.0767164551972934,1.6961965374809556,0.3161642189274278,0.4409920652126632,0.7240904391846255,0.5935321508408268,-1.8103293448531905,-0.43153797041304925,0.7369851328387271,0.624378689356267,0.9853472174586376,0.35569549349712076,,0.7683331745138218,-0.28027755931736187,-0.400348473890602,-0.7971986597094811,-0.91151800293963,-0.9401262763053642,-0.5192413247956508,-0.5524350785129345,0.20198230687355703,-0.9955790493398431,-0.023881527547353346,-1.3771325413118032,train
2019,cleveland,-0.4959808360715074,-0.5935065559274355,-0.5358020759479087,-1.0154457684059084,False,1.4084563383546902,1.0451229549283856,1.4598224392077708,1.0481810019205362,1.5976147740404565,1.084001885256786,1.5193178711544946,1.0669123091582045,-0.5756144572505669,-0.6936519917511715,True,2.6800235076614145,0.7090742630843636,2.9721537082705503,1.6908562024364333,1.7312437761353816,1.2819625784512523,0.38738411627595043,-1.7272524283693573,1.4776275696210412,0.2456498004618176,-0.7343468294102552,0.7297311397233062,1.1114230974611157,0.07748637797165377,0.8649979497783619,,2.0357637196157627,0.1164069294414391,0.15115395416500724,-0.30409294693995637,-0.5952066712007423,-0.37759107205093295,-0.5043558584579815,-0.5396375899775832,-0.3643232264167903,-1.0159231942622282,0.060005799270569135,-1.376500803481558,val
2021,cleveland,-0.4779144194544177,0.5904113457270306,-0.6076286664483246,-0.9909002763083202,False,1.150925393341183,1.625856323952572,1.1647098313045543,1.611016782248423,1.3564229108552428,1.5934514360762093,1.248653330710894,1.6161121851547728,-0.5808232242116125,-0.2821883552904708,True,1.0790403397040789,0.7515988654786308,1.1910865418655197,0.903278851690474,1.6879941022940204,0.525283527925296,-0.6745320144787049,-0.47236330461133025,1.6173771769118788,-0.6878823190089903,-0.33784640485673256,-0.2474604615603155,0.773803779518178,-0.19568575014806355,1.1713628239581688,,1.3929092010115918,-0.2553487087941643,-0.25240279451833836,-0.637100279282098,-7.557351606719133,0.13151490367498408,-0.48089787817615093,-0.5226758392997761,-0.7890523763845513,-1.011705505680758,0.8895162682866697,-1.2852449293027899,test
2022,cleveland,-0.4591932889524404,-0.24529540838200434,-0.582544765979035,-0.9595808659370468,False,1.058953171969823,2.229990266208945,1.0346403834340743,2.204913583154205,1.0694468312761911,2.229988496709933,1.0776493752143643,2.229233074553948,-0.7963991079556189,0.1892310776425948,True,3.479707687410679,0.7163210545613191,3.7939687013884904,2.1520383792488915,1.5507880472675024,1.2820823618237496,2.3674825001584776,-1.9542510829161754,-0.17415064954523016,-0.2064843712663046,0.41174460371711924,1.9510942140963075,0.9441147012773402,2.383669598346538,-0.2556124548941446,,1.47096925372568,0.34851945666293116,1.2637263681749704,-0.6195475702132633,0.17080900825709913,0.22843399307945492,-0.4626120135538436,-0.5950933736307724,0.41434688185743723,-0.9862339746397231,0.8386628451611107,-1.2311411456678603,test
2023,cleveland,-0.4507345767170272,-0.87207547396378,-0.5618933619782142,-0.9788666097280091,False,-0.08371831904547945,0.7933570009627827,-0.005123050519929101,0.7212430986213821,0.2966825339655139,0.48923880967186867,0.06606292761796105,0.6741030785681609,0.8465762325700287,0.18365476347048135,True,1.997893027633758,1.9857384109258283,1.861440935681393,1.8851077750130267,1.7327351541057978,0.8363160275359871,0.4685058022448234,-0.00146799884821563,-1.070376277152752,1.8343749607646112,-0.006606951411296563,-1.709012320523006,-0.01856331913288337,-1.2972802463089899,-0.7213290107511867,,4.20524116010102,1.1885303135094356,1.091948090540521,-1.2172646595662278,-0.24310741956000095,-0.8713940475531019,-0.44366348240949477,-0.5698030986680543,-0.4351114180780841,-0.9537329626295714,0.7299863772570255,-1.285361609928251,test
2013,columbus,-0.6447633716789192,1.0082647227815482,-0.6579979444991071,-0.5906015529116129,False,-0.727221382172909,1.2537119191150017,-0.8515243737339676,1.27855786324852,-0.9496695884547296,1.247689712324902,-0.8586897018856054,1.2691334593138548,-0.98370301794671,1.573090545670943,False,-0.592866410015042,-0.596402078210631,-0.5479079356619196,-0.5965539257498462,-0.6773178556527596,,,,,,,,,,,,,,,,,,,,,,-0.40401012591347274,-0.30739318952696537,train
2014,columbus,-0.6167123976410936,0.03327350965434083,-0.6273734234442313,-0.6950792806386851,False,1.1370813132330442,0.8231799627255488,1.1613420688293896,0.8083213459243602,1.3145408064520794,0.8019484704311785,1.2288575246568203,0.8194656319567933,-0.6271566345263192,-1.02053736228596,False,-0.592866410015042,-0.596402078210631,-0.5479079356619196,-0.5965539257498462,-0.6773178556527596,,,,2.2339074168914808,0.4217582366090739,-2.276470814104604,-0.31207100594893644,,,2.3841308789575515,,-0.43327110685717346,,-0.8531589136495756,0.256072864078078,0.7708292585530873,-1.4254590765492163,-0.6314876360646754,-0.6458770582948653,0.8390760318251982,-0.5708329992529743,-0.3741305068679995,-0.5956086455711134,train
2015,columbus,-0.5999199081451729,-0.5238643264183489,-0.6085353134532387,-0.6549936230897017,False,1.8155745972293866,2.105755355467039,1.829588907665003,2.1344046052596872,1.8933907643572405,2.225102192784256,1.886215913177257,2.1643850491628007,-0.8886081545763781,-0.0997870353676624,False,-0.592866410015042,-0.596402078210631,-0.5479079356619196,-0.5965539257498462,-0.6773178556527596,,,,0.709045905974791,-0.25686001830011457,0.8058325581837518,-0.31207100594893644,,,0.17981417689974366,,-0.43327110685717346,,1.2438409248325595,-0.5662914196990021,-0.32151381476507496,-0.05082860300414336,-0.6030959342318765,-0.6150005780190968,-0.15195865143291015,-0.6792524057295874,-0.3614304078335725,-0.5296019498372566,train
2016,columbus,-0.5824303770679481,-0.5238643264183489,-0.5912082818037695,-0.5687656281234987,False,0.6195004945050909,0.9082165486538626,0.6421784049257906,0.9223410810743975,0.8489639161314517,0.8300035329097093,0.7163200693749027,0.8936757338442591,-0.4274332045693929,-0.4470688794139033,False,-0.592866410015042,-0.596402078210631,-0.5479079356619196,-0.5965539257498462,-0.6773178556527596,,,,-1.2391651102587224,0.5366499779433382,-0.3063015308417898,-0.31207100594893644,,,-0.6881637379422134,,-0.43327110685717346,,1.904175894516282,-0.5431963035918814,-0.4785611675129317,0.38242726416134043,-0.5860994707880156,-0.5960074799547262,-0.7182641847232575,-0.6376544183476375,-0.32941257855755346,-0.36195928726703347,train
2017,columbus,-0.5452297935564336,-0.5935065559274355,-0.5698517079102376,-0.5484438733024435,False,-0.4127971356976427,0.3219461159392468,-0.36653829395572224,0.3064590422289975,0.027343920394774318,0.11476473915729149,-0.26170474760587015,0.2550136165439461,1.0996898470780365,0.4048819001551799,True,0.46117023050964123,0.01932533065176415,0.5740240180046923,0.22273800642160715,0.2562794387646688,0.08624003541894217,-0.7240344740757682,-1.168770597831708,-1.0345930033578328,1.707158545200297,0.7454915639498381,0.6815939713198491,,,-0.7643918652318492,,-0.43327110685717346,,0.7289826513158512,0.7022317492343801,-0.17059664322752097,-0.30276456138912416,-0.5683974989823146,-0.5785378924302782,-0.7182641847232575,-0.548173260599586,-0.13585443941702338,-0.3490588086913851,train
2018,columbus,-0.534351575577493,-0.8024332444546941,-0.5591734209634719,-0.504772023726215,False,0.2759767599540207,0.5122729852340636,0.2480245871257938,0.5831316918697136,0.06808777886390721,0.5869319028385366,0.20433580125974757,0.5677705221018755,-0.751394330665076,-0.20439502170551577,True,0.8890085741212173,1.0602391863698155,0.7843863141943086,0.9257433097428233,1.278613147820444,0.12353758303027569,-0.35495794089777666,0.06519676259016165,0.505063604976803,-2.0024221537902673,-0.5360856513603717,0.09126220053987152,0.36813920132984934,0.392378736983801,0.24707832471743552,,0.7672379004528694,-0.13879802298137492,-0.253470754845937,-1.0218896377349842,-1.069982009275455,-0.10928090263626444,-0.5307450497789168,-0.5570056101327028,-0.7890523763845513,-0.5270848176922357,-0.1180211982781281,-0.27099588745837355,train
2019,columbus,-0.5060220579890583,-0.9417177034728663,-0.5379175856260415,-0.6123577845435662,False,1.317368006025152,1.2222658618119593,1.3410439645711802,1.2491955322666983,1.488914292078972,1.2896996264648564,1.4110072909223064,1.2614913809649495,-0.7566893833883909,-0.6024721700340577,True,2.285207795135486,0.3470510867949152,2.6159401669238176,1.315567773809743,1.7312437761353816,1.2820823618237496,-0.5667733569976646,-1.9281167493222287,1.2947212958990901,0.024423225323849582,-0.35085181177969504,1.0041586333938064,1.2657205494848818,-0.04037534786958452,0.715050879468974,,1.2545300546635922,-0.09739951187918491,0.21468006984989144,0.033419417711981744,-0.23215706929853086,-1.342570826334821,-0.5197346969507476,-0.5462394689839153,-1.0014169513684315,-0.4817653403854592,-0.019163589531457532,-0.528805434002209,val
2021,columbus,-0.44943402410940314,-0.10601094936383175,-0.5483943954606044,-0.29581656827207076,False,0.9692019414960651,0.8221357334269097,1.0083508440714886,0.7728607888360564,1.2982618848570064,0.5452734596827099,1.1120944376163437,0.7212660234405744,-0.2808010774423689,-0.6947105745611243,True,1.161643476076877,0.9088552178183198,1.2443783442794867,1.031458496306183,1.6879941022940204,0.4493333833012537,-0.6339920468637921,-0.3102376125193746,0.9146808800779344,-0.09327743875209536,-0.10359555941969646,-0.782415836045535,0.06558530682321473,-0.47273545439943315,0.4415321298580888,,2.133304292528339,0.6423225793124959,0.27247292482871993,1.6499647964152513,-2.7552822746880508,2.4782810375186477,-0.49106106817217904,-0.524808754055668,-1.1429933346910182,-0.5934100381302553,0.620023051547693,0.15593894855710702,test
2022,columbus,-0.4361799934929129,-1.0810021624910389,-0.5263326516743616,-0.2947805572419777,False,0.11898049172449561,2.256236364279923,0.044385939971080826,2.2479851187947086,0.027010020070877678,2.2958566936027793,0.06605436978396512,2.2750148087928332,-0.8868700223223797,1.0028561583127575,True,3.6672927067677095,0.8464026436386911,3.9426247249297006,2.348932844217812,1.5507880472675024,1.2820823618237496,2.805907010894008,-1.896083667577911,-1.1071105866459237,-0.6352814888845741,1.4871433527831968,2.0500630889517724,1.0049143459126664,2.68008644755493,-0.7346693119170882,,1.5650511911412908,0.2642183938103182,1.1265491234537233,-0.9550175637455003,-0.18550596796861937,-0.47420298431823465,-0.4337856743463167,-0.5353717604657994,-0.29353503475549714,-0.26492652743223294,0.5524117776075463,0.11676096287943817,test
2023,columbus,-0.4189376015463759,-1.1506443920001252,-0.5067893717906581,-0.34538571140421326,False,-0.24244370167424537,0.5991382966388166,-0.13766293649168265,0.5160431523021314,0.2278041762901841,0.25604731595567704,-0.05778012131684103,0.4625434925833699,1.071264567162871,0.1454707646327358,True,1.2565779882821817,1.267012273423299,1.0031629455362066,1.2759245152072678,1.7327351541057978,0.39432286948188827,-0.43628838056188607,-0.013070335399109505,-0.12385875882744767,2.180448658339352,-0.7536904531978655,-2.5847081172670343,-0.3723878848918803,-2.2979540845407627,-0.26152987404987627,,4.418893605107527,1.1885303135094356,0.07577248693016152,-0.745745276397633,-0.4164147346577614,-0.7976316297198252,-0.42037065051011235,-0.5131285065829265,-1.284569718013605,-0.26385143034283864,0.5463577790927584,-0.021826287301526356,test
2013,dallas,1.4327557486545,0.8689802637633758,1.6269539849965904,1.7640921321774794,False,0.0219968779330952,-0.04754288189379493,0.20750776763757356,-0.01603741549731496,-0.15030954006158992,0.15808773100358897,0.02899258506399911,0.028241726597805515,0.6096483525712738,-0.3243899676274072,False,-0.592866410015042,-0.596402078210631,-0.5479079356619196,-0.5965539257498462,-0.6773178556527596,,,,,,,,,,,,,,,,,,,,,,0.22559871530920197,0.2249358897610676,train
2014,dallas,1.5409125708645968,0.10291573916342682,1.7253755543078193,2.2296595504700463,False,0.24812402063194416,-0.48095819751691776,0.352895394297249,-0.46882402407490775,-0.006207159315888635,-0.2750916844706804,0.20575003818548532,-0.40649320342336814,0.00580573846393635,-0.8499304886315231,False,-0.592866410015042,-0.596402078210631,-0.5479079356619196,-0.5965539257498462,-0.6773178556527596,,,,0.1966311471559626,-0.6328367739505621,-0.46264421350310286,-0.31207100594893644,,,-0.027860088287895022,,-0.43327110685717346,,0.038542882932003114,0.37285647714778025,0.631550132912864,0.4480305968140116,1.4712665619502476,1.657874012807042,0.6974996485026111,1.8726972853881299,0.2914422963892487,0.4780935559847929,train
2015,dallas,1.6826803148482095,-0.5935065559274355,1.8043545822914462,3.297069684090492,False,-0.405252548297392,-0.9536149691637938,-0.04190367113498012,-0.9605921000121752,-0.5771040970980306,-0.7881353335933303,-0.34711873326612563,-0.9219868862872005,1.518198190996107,-1.1277459615112564,False,-0.592866410015042,-0.596402078210631,-0.5479079356619196,-0.5965539257498462,-0.6773178556527596,,,,-0.5812933601739338,1.6909829992814078,-0.24537569537469064,-0.31207100594893644,,,-0.5696186161253658,,-0.43327110685717346,,0.21610071057463304,0.9163190511754418,0.06422442587122157,1.3642898958674037,1.5807371365987908,1.7571053326406791,-0.08117045977161697,2.355829377406722,0.5085978378921828,1.1296847050906047,train
2016,dallas,1.754737073653611,-0.7327910149456077,1.913252961437238,3.1898026958977845,False,0.16893541927620773,-0.7776642240628332,0.27270659955394466,-0.7131761851566706,-0.164250045645811,-0.44310059197833374,0.09856931147240096,-0.6504274731525355,-0.11417056959944843,-1.117693592465563,False,-0.592866410015042,-0.596402078210631,-0.5479079356619196,-0.5965539257498462,-0.6773178556527596,,,,0.48336384801527,-1.7622526097304672,0.0071002649914885295,-0.31207100594893644,,,0.24517298152213488,,-0.43327110685717346,,-0.33927150313862764,-0.4270640285089824,0.7573309115781462,-0.622650025709044,1.724226896036867,1.8367341501939767,-0.7890523763845513,3.4635101785873137,0.42861655504548907,0.9679189689178029,train
2017,dallas,1.870087556140104,-0.87207547396378,2.0136893018704987,3.7256594779243546,False,-0.6328806483059729,-0.8857788450069962,-0.4454004595671569,-0.8716632656379304,-1.0748542549522282,-0.6934599337702354,-0.7283098940835784,-0.8438647193492989,1.1541478157534149,-0.06927984572650357,True,0.56139003759785,1.4490048631451347,0.25707825206929974,0.8953503017959236,1.7327351541057978,-0.923443957203565,-0.41009675026622316,1.3432295933743672,-0.8734421683922938,1.42296733675622,0.9178004122771153,0.7760735259230128,,,-0.7951013134515255,,-0.43327110685717346,,0.10843465936007002,0.2876765575874599,0.47165063505593696,0.24553253798956587,1.7971589093167688,1.9465284764377453,-0.930628759707138,3.3521962799469467,0.4991080816054231,1.2230403362631603,train
2018,dallas,2.0236503906234122,-0.9417177034728663,2.0978059962153055,3.8347594087087646,False,-0.8924915754857318,-0.742839176953216,-0.6941098689158418,-0.7311546239133065,-1.2570329669296878,-0.5431704936983227,-0.9645529610265984,-0.6812232581646221,1.7265396451248125,0.8683577943647416,True,0.27223715138215737,0.1999542252840801,0.31878452471770613,-0.021728076120693017,1.7327351541057978,-0.9201648873814525,-0.6879618355389147,-1.1390401711030265,-0.24370832431267073,0.6587762896458376,0.8206436624141745,-0.5846621902228493,0.3409067138756431,-0.0895811669092148,-0.4327088904879697,,0.8813845785611168,-1.2594994271022424,-0.722188733705421,0.8516922081210927,0.02511571534900112,-0.3487397078881448,1.9139105237387783,2.0477911436579466,-1.0722051430297246,3.9082695744921385,0.7146037942315504,1.219132571674289,train
2019,dallas,2.1597428097633617,-1.1506443920001252,2.1859522328041745,3.740323018657979,False,0.5322688130052835,-0.2983514364970042,0.723278289325807,-0.41044726223215855,0.34092666574332714,-0.12878601705396187,0.5462164419010729,-0.29197725317390505,0.24758903133836327,-1.2696127286403611,True,4.963427030711869,1.4632467939870186,5.5890598272550704,3.246189720115622,1.7327351541057978,1.2820823618237496,5.486471460685837,-1.783736210965252,1.618949251788732,-1.5937854442686743,-1.8768341784381242,4.110423341578969,2.1012257301551722,4.717265415759092,1.812083423868115,,0.5520500648967355,-1.2558598149258555,-0.9595015316738595,0.4619979511330723,0.07243432199354083,-0.5924737907510004,2.069338645534849,2.132599897046982,-1.1429933346910182,4.021485567982972,0.8623198624716228,1.0909847902473329,val
2021,dallas,2.431430638962762,0.10291573916342682,2.285582664788622,5.015174437765509,False,0.5624490234253218,0.12159729378513524,0.7949668068446267,0.021064549368104417,0.5079033347887415,0.1840814888397891,0.6361026638349453,0.10135132750610412,0.39450187108497503,-1.0462267498471762,True,1.483827925788424,1.037846095146515,1.8670506275317384,1.0063511458615066,1.7327351541057978,0.6896188285307521,-0.5380210147071016,-0.6753779716687581,1.200056863590583,-0.7393065430540916,-0.7699051763879334,1.0683844168054615,2.6864725016897357,0.23756599153505273,0.936475057803331,,0.26419262805373617,-2.724933595491567,-0.4745442737153026,2.4460497370982655,0.28117853716193736,1.0567368262291852,2.2070841434528696,2.2214713452091446,-1.3553579096748987,3.9234863332958736,1.3352134930326698,1.754321748539011,test
2022,dallas,2.6295679512961407,-0.9417177034728663,2.501767606182581,4.95317316227225,False,-0.47973286397818987,-0.41553931284889045,-0.2666810608867122,-0.4314178982410899,-0.5842668047799655,-0.1680439842041958,-0.45225962344520565,-0.3473308515619367,1.3970673064077463,0.21780447821360369,True,2.2073641650612554,1.6727500903246053,2.116680564050537,1.7992142813921201,1.7327351541057978,1.2635309120082368,0.22462581855662123,-0.7525982571861766,-1.1522343645532755,1.131146276889124,1.1069088250276458,0.37002351819616097,0.797710115885878,0.685581552500182,-0.8492593803715168,,1.9320074420183058,0.5309238559411673,0.6484020137513732,1.1133159592059847,2.749125437546999,-0.5402726130291557,2.4820720931699887,2.3219214734747196,-0.08117045977161697,5.2464346516836535,1.2947673679000427,1.5292304590410366,test
2023,dallas,2.810346129165447,-0.8024332444546941,2.631518866441397,4.164370302590664,False,0.5559351230130197,-0.5262378337912623,0.6362031967687752,-0.4945087890760029,0.2972942019371084,-0.23490230057671904,0.5106498643823446,-0.4220143252339123,-0.29688457581459,-1.0642643341049542,True,2.695886489293578,1.6941600656419966,2.5514289808091597,2.241896211458289,1.7327351541057978,1.2820524159806252,1.3729938129651862,-0.8392032151272645,1.034823242900516,-1.8298765131378105,-1.1261612135828791,0.14847040745199283,0.35310859425785346,0.9729369002672265,0.7695043636286759,,2.7560886351824134,1.1679390829772744,-0.4448884812457899,0.7425659788333382,0.7294219792700399,-1.2461904823402639,2.682616127260775,2.5398850480530064,-1.1429933346910182,5.182094225872208,1.4238264775120861,1.0047895007995151,test
2013,denver,-0.24942746608590669,1.0779069522906344,-0.23711225710676853,-0.023823826294574822,False,-0.5097929481916086,0.10533190908303464,-0.3936722473863559,0.0931093388431278,-0.20307781966787322,-0.12192282861098619,-0.3809098893781597,0.02734766262572502,1.013143148557379,0.3422671437113588,False,-0.592866410015042,-0.596402078210631,-0.5479079356619196,-0.5965539257498462,-0.6773178556527596,,,,,,,,,,,,,,,,,,,,,,-0.03563672253587308,0.14178538803999924,train
2014,denver,-0.19573956211553595,-0.10601094936383175,-0.1902688285195408,-0.0005534246955625704,False,-0.18877850772358837,-1.1717200403501826,-0.14324088718978703,-1.0879239102773175,-0.3004524204626809,-1.081282913260716,-0.21415544703971173,-1.1127056419055206,-0.2570631462131546,-1.2955188339421977,False,-0.592866410015042,-0.596402078210631,-0.5479079356619196,-0.5965539257498462,-0.6773178556527596,,,,0.18596597782249516,-1.3645650784757002,-1.4381447694256826,-0.31207100594893644,,,-0.009699717254502383,,-0.43327110685717346,,-0.3732156688121509,0.7906971652185126,0.939241246025507,-0.3669792733029779,-0.23134968933024308,-0.22152858924170563,0.9098642234864914,0.01732780842183307,0.06256356838814757,0.11214815979615501,train
2015,denver,-0.13081502015624952,-1.0113599329819527,-0.15450664110348522,0.20338136192043862,False,0.45627523793335284,-0.8797177749475035,0.4834634035049006,-0.8207260029085183,0.41386016377658774,-0.8672321454428574,0.46172714117565977,-0.8529300775504898,-0.5093383265638776,-1.2037638766826686,False,-0.592866410015042,-0.596402078210631,-0.5479079356619196,-0.5965539257498462,-0.6773178556527596,,,,0.7287963322013077,-0.24678355752533299,0.07875793708754157,-0.31207100594893644,,,0.4203116107939137,,-0.43327110685717346,,-0.2057061465346211,1.1801129729898696,0.18758727133919179,0.4974448330910968,-0.17700965252798195,-0.17429976250409931,-0.29353503475549714,0.04147614304515193,0.3036099301702697,0.37917615695632056,train
2016,denver,-0.10258722558016958,-1.4292133100364701,-0.09245169054492128,0.49195028037942273,False,-0.14318430620253364,-0.2809084562543186,-0.08772098483944485,-0.21838571548107538,-0.043626938709965105,-0.18030670620714698,-0.09481118560707806,-0.2238016642672649,-0.05791560689551689,-0.6350131723179605,False,-0.592866410015042,-0.596402078210631,-0.5479079356619196,-0.5965539257498462,-0.6773178556527596,,,,-0.5852058251141254,0.5259411365432213,0.4971094922159574,-0.31207100594893644,,,-0.5364446074975608,,-0.43327110685717346,,0.47323690217811026,-0.506089879273173,1.6567812979329721,0.7101105143142785,-0.1112964892540981,-0.1382433463925934,-1.2137815263523117,0.25310487010362104,0.11874923460546556,0.7157250522349462,train
2017,denver,-0.05187523174976378,-1.707782228072815,-0.0431905366112559,0.5547484874342914,False,-0.8211258573548758,0.008431591952753819,-0.7977759987579193,0.09807290911081931,-0.7280327235915468,0.012670431657568454,-0.8008527876981338,0.04114822784789943,1.2682637499796412,0.9550282200174108,True,0.9856605563218094,2.278791336098355,0.45902601048339775,1.3816397017706274,1.7327351541057978,-0.4054257899176131,-0.04385926734344705,1.2246124886050538,-0.744605608004985,1.4865039787113288,1.3928377039320352,1.176043260498655,,,-0.7474991840714628,,-0.43327110685717346,,-0.0858214829610393,0.39398349947468675,0.800432528989317,-0.2643108199713949,-0.08272581909052872,-0.07567784688643113,-1.6385106763200723,0.5525607593879964,0.1695195086571745,0.72464680613732,train
2018,denver,0.00942005159423152,-1.4292133100364701,-0.005413578073169026,0.4745771723363245,False,0.6766323943187242,-0.5310375051255148,0.6963295219656239,-0.5270377248930823,0.6102396632118331,-0.5313991974563178,0.6765566422919136,-0.5271335756477261,-0.5213765443479249,-1.097672207351338,True,2.0699721940803184,1.916345951840521,2.380334460030883,1.9009651293669891,1.7327351541057978,0.5311903454815671,0.7039521366454743,-0.015586893810095391,1.5833809845883258,-1.9349511466814293,-1.8020476057445287,0.7101349188368036,1.0880621300103022,0.674529423739911,1.575012245813208,,1.3646131113099171,-0.6845237994015327,-0.7950601084262255,0.7368456800385369,0.0973962634722839,-0.7473745681259879,-0.03139784002505616,-0.026011403284948244,-1.921663442965246,0.6177281829605143,0.35100036730828055,0.5507535754698751,train
2019,denver,0.08658685568470684,-1.707782228072815,0.029240485225769428,0.2816400412705415,False,-0.8617376125297742,-0.7298398463889787,-0.8060267802312739,-0.6332060076566989,-0.930094319999627,-0.600032386391318,-0.8843766989193138,-0.6539718979063112,0.5957895209266043,0.8885958972195868,True,2.2427670999242135,1.4378410191522242,2.228873590564501,1.538890908137073,1.7327351541057978,1.2818727409218793,0.004905595863780777,-1.0926685336649697,-1.6560876964737379,1.2569882564049564,1.7403503646908578,-0.14917320943394388,0.9392183671554022,-0.40335379805446775,-1.133161785792555,,2.5996042281388494,0.3550757443505321,0.6890391716616775,1.2359513883305964,-0.11420683820637796,-1.1521833114927194,0.030641980984829446,0.012076360213121376,-1.6385106763200723,0.5345322081966145,0.6424748997033312,0.2339956007503442,val
2021,denver,0.1993471562324461,0.381484657199772,0.0146333945910425,1.1341974258809286,False,-1.0250880608710615,-0.4962177548311806,-0.9871757513296174,-0.3955667999334344,-0.8482901885115979,-0.4910046335233721,-0.976906633263006,-0.45871636795371135,0.8959929743653825,1.2404121432234207,True,0.9107994947240056,1.0959899491466607,0.7198751280796506,0.7737780154434629,1.7327351541057978,0.6262534244797029,-0.48758612193798245,-0.32351125286357035,-0.7868724185250766,1.127749254937544,1.8965907001363633,0.35921422060733,2.0556904221276504,0.12013971541982885,-0.8180929338512624,,0.46832731010291495,-1.9206624006784867,-0.22285038149023817,2.3694754182783457,-2.6839587244440604,2.8585331260144407,0.10874610992425442,0.047015535262017336,-1.921663442965246,0.3343160502409468,1.4475655800034208,1.4364880475487445,test
2022,denver,0.2888866190672632,-1.3595710805273837,0.084445213969427,0.5765844122224056,False,-0.5656418132803239,-0.08231552836650577,-0.5116024364691052,0.0019040554400571194,-0.4885772980146963,-0.11675232890015855,-0.5345212541519858,-0.06281523593200898,0.799658860342057,0.6222831351881593,True,4.9239854228178155,1.6304285574650992,5.603084056880934,3.1946535730301058,1.7327351541057978,1.2418052028215467,5.7627221840487,-1.7544930050153222,0.47984255938196113,-0.07554599554412694,-0.5438494187309091,3.471253169603157,0.8310435435311895,4.773790937336012,0.41804485647506007,,1.279349112612283,0.4605912589983861,-0.9719111425104562,1.3099844511183039,1.6862753652870277,-1.8860499803764794,0.222876080149573,0.03228826670943041,0.20198230687355703,1.2190382550363756,1.5675702598146828,0.5578307058056965,test
2023,denver,0.3543013430592393,-1.2202866215092112,0.1025781540677087,0.3885882568386046,False,-1.244246022766944,-0.8681544488408696,-1.1982194753943727,-0.7011027149959101,-1.195085769646973,-1.0030502429559396,-1.2400844952658332,-0.8689677572462147,1.5052056062103896,1.5548362436725447,True,2.002250575473041,2.637895892915271,1.8277830547436353,2.492969715905053,1.7327351541057978,0.289033285056799,0.8984549129537551,0.8062306731337593,-0.7440955814804607,0.8049925738084412,0.8161842480111351,-3.0664587369362413,-0.4244316615319171,-3.506368545633276,-0.8812913695905407,,5.850220436675813,1.1438245749045015,-0.5275226004226329,0.3867890161662501,-1.0318058875415177,-1.0985887380512467,0.3135031552610146,0.10267445365386303,-1.567722484658779,0.6403879216139027,1.8522006857456847,0.28444744014699946,test
2013,detroit,0.21824783809180157,3.3064582965813933,0.25217490987853275,-0.7508644899513857,False,-0.5626948962012399,1.0661864975889437,-0.6681858623369158,1.0923487615085166,-0.7677268787408912,1.0318298752714026,-0.6783928163960588,1.071530243578228,-0.9460836463337908,1.1483071034598127,False,-0.592866410015042,-0.596402078210631,-0.5479079356619196,-0.5965539257498462,-0.6773178556527596,,,,,,,,,,,,,,,,,,,,,,0.2288457462306263,-1.269752568319783,train
2014,detroit,0.24128434551387976,2.192182624436014,0.2717181897622362,-0.7554069998525627,False,0.27653707324135096,-0.14652030730289065,0.28080596291626886,-0.15248161020198597,0.37858255877538255,-0.18117084775189768,0.317638890186177,-0.15225755950828898,-0.4534656836861259,-1.0595298850021735,False,-0.592866410015042,-0.596402078210631,-0.5479079356619196,-0.5965539257498462,-0.6773178556527596,,,,1.070138017559949,0.5711772833718524,-1.9381109186451346,-0.31207100594893644,,,0.9260360705797972,,-0.43327110685717346,,-0.672045626753248,-0.9291778017635138,-1.048984328792341,-0.5347794839731705,0.2420063436143568,0.27178412358529214,3.175086356647881,-0.7371422490046668,0.26055395728739,-1.2815528604678077,train
2015,detroit,0.26950189951824594,0.6600535752361172,0.3114091808662529,-0.6749966052861128,False,0.5914296258405297,1.0552451689341078,0.6439926261850838,0.9891576692586823,0.9150779622527072,0.7185652407100079,0.7287166404971104,0.9287811938681317,0.10841532041462469,-0.18645746102033167,False,-0.592866410015042,-0.596402078210631,-0.5479079356619196,-0.5965539257498462,-0.6773178556527596,,,,0.4464624931374605,0.6472344415865375,0.7640164100109887,-0.31207100594893644,,,0.12173608275528339,,-0.43327110685717346,,0.32849620591488354,-0.7702865532550657,-0.15588697671010535,0.4853005813352333,0.26532266942588667,0.29148819323496,2.042475290067186,-0.7418561362427805,0.22281322479838742,-1.1995219626501377,train
2016,detroit,0.3015439657052423,0.2422001981815994,0.3941155354256377,-0.6467055348489575,False,0.3681656633641711,-0.10482018312797559,0.3929540879665843,-0.09615345117527319,0.5704623114174084,-0.25783009837534354,0.4512001276341015,-0.14565715969108511,-0.4008415364106034,-1.1095083301082904,False,-0.592866410015042,-0.596402078210631,-0.5479079356619196,-0.5965539257498462,-0.6773178556527596,,,,-0.28771390415857145,-0.5289729563136496,-0.8112826936358074,-0.31207100594893644,,,-0.3352078024300775,,-0.43327110685717346,,0.7414353552884737,-0.6626081168845303,1.6941138497837702,-0.18777851741223145,0.29388297462821433,0.3315057367502653,0.48513507351873103,-0.6584120621505588,0.010577443146675894,-1.1958097029898422,train
2017,detroit,0.31676555150030045,-0.3149376378910903,0.44861509427658425,-0.45305116537772544,False,0.6699555688619883,0.6359398125368726,0.7282587407164642,0.5436456686797895,1.0417928010484099,0.23994077607435024,0.8267624279986412,0.4798894132942482,0.022413205773590582,-0.8431622268859983,True,0.482128479174703,0.18807700675477992,0.5515853856854679,0.2385952971343542,1.7327351541057978,-0.017941552810547483,-0.7017395794245184,-1.0363881867105667,0.40859606513411795,0.49501011943574896,0.2318839929663344,0.7013518021984755,,,0.08471231285688191,,-0.43327110685717346,,0.4626622213202742,-1.212509093876044,0.3585677195132488,1.4314228813156709,0.32631424735554565,0.4148925469687056,0.060405923550970034,-0.6290536416324828,-0.1496477174070834,-1.0016760418985957,train
2018,detroit,0.35322471761975227,-0.4542220969092629,0.4734975176336711,-0.686233340304814,False,1.3359865342628219,-1.2497021195954885,1.2648561353128045,-1.1742084475201608,0.9593837954245961,-1.2132404206851513,1.21780365574541,-1.2055551068336587,-1.0407650512698188,-1.187893469831093,True,0.6862196136987526,0.009143803818328253,0.767557238643272,0.2888099343824916,1.7051448053034526,1.2696248910840346,-0.7188017147818418,-1.6941168625797305,0.4250996344306592,-1.1372293466055798,-0.3040645131248553,-0.11966952316305282,1.3690050320521772,0.10471235369817486,0.06501104406011657,,0.7911085756576002,-0.25443465094164713,0.8399251034198726,-0.552255576383206,-0.9145798205785949,-2.228561519483172,0.34172072574495566,0.46984049377525394,-0.5058996097393773,-0.4280931856918498,-0.07319727891435233,-1.2647495141225515,train
2019,detroit,0.3609822920451759,-0.5238643264183489,0.4981784638785545,-0.6344327888001634,False,0.6856352435697277,-0.48951085165111646,0.6995607070252994,-0.4601528743494638,0.8589989684942719,-0.5820009558445329,0.7625257900037,-0.5048383788823659,-0.6249983199601563,-1.2954021397741715,True,1.94119180070898,0.2640951614864072,2.2232638987141553,1.0499586157700418,1.7327351541057978,1.2820673889021874,-0.6739614210450587,-1.969922808074518,-0.4772423342000899,0.4867875982202566,-0.09600724441911464,0.8710206075055326,0.3482422254610191,0.15082855325322658,-0.4064136252154527,,1.0235608793899291,1.174703111085902,1.2327370029537608,-1.4551626474370818,-0.9348697632222024,0.06619118267417248,0.3786227517544669,0.4949276339993161,-0.6474759930619643,-0.6700727305816819,-0.13882720831022963,-1.2165196888674077,val
2021,detroit,0.36360934004209833,0.7993380342542892,0.37497520976634036,-0.5718736612137777,False,2.28839465460648,0.34246295159381435,2.3095873307873642,0.2900563110162309,2.4921446564465968,0.05961435734352646,2.41333109009214,0.2384295954453362,-0.7485007265337396,-1.2216180843906912,True,1.7466120923514785,0.9009391707992227,2.2036302474022613,1.2296742801888363,1.7327351541057978,0.8711205837072215,-0.6238327003622862,-0.9587277396992254,1.2929946923435909,-0.07992727063135364,-0.0031490776200873098,0.11146160390233072,0.40382191046328764,0.057704518989855506,0.4716059762198662,,1.7196126319686669,0.6415082368620715,1.2231692246297678,-1.6127459837503715,-6.859304936051854,0.12482799083447417,0.3864745553936338,0.5198116394847215,-0.7182641847232575,-0.6163178761119653,0.420937799367134,-1.1041309012699774,test
2022,detroit,0.41470911018805834,-0.7327910149456077,0.4358212976516857,-0.6239132921869113,False,-0.2524412620785129,1.8176721658578217,-0.3130773767998334,1.8605188167662465,-0.3036181252013193,1.9386693674989457,-0.29547330225888935,1.879372048787214,-0.790749635459241,1.1138656532966247,True,3.5795705651759855,0.5608905426012721,3.9818925678821193,2.0872880247666017,1.7327351541057978,1.2820823618237496,2.914097092678537,-2.0889258132723896,-2.8799431334937657,-0.01615549066736427,2.0466317185101026,1.4159017885519771,0.6672650626446252,2.753117587317921,-1.243559710497634,,2.2313089528086434,0.7323822066359675,2.4336778989728636,-0.13591099695494108,0.6500774786574992,-0.9384152934234162,0.3891335134507942,0.3955947467963503,0.6267114568413173,-0.5513985518677691,0.4015687781072479,-1.1846465978759049,test
2023,detroit,0.4755073844515548,-0.9417177034728663,0.4921341505124606,-0.7204217042978833,False,0.8425020814974562,1.2727074337515154,0.8927656999668157,1.2060211455646788,1.067585988510459,1.0589505392799354,0.9522174217676511,1.1810014243695703,-0.30190910109738234,-0.503298797807143,True,1.1843634897029067,0.36232894477757005,1.3229136249378508,0.7671707844626452,1.7327351541057978,1.2579609851871143,-0.7172986881761396,-1.2982665305100387,1.3384558364199168,0.5670293214176724,-1.420058554289421,-2.5700886997354133,0.31897209589976394,-2.587901394962655,0.957512406114172,,4.318981308824384,1.1885303135094356,-0.28739221671889414,0.10835022637061056,0.3866573636636263,-1.3993090049630712,0.44085397904861284,0.45694143787057456,-0.930628759707138,-0.6054015056658075,0.45124121999613775,-1.3069224584108776,test
2013,houston,1.6074428344685718,0.7993380342542892,1.392233149279944,2.8338133673265937,False,-0.037799507981580285,-1.1279797910174463,-0.4842247945160318,-1.1717728721603948,-1.1900630088707587,-0.9935012645748688,-0.5688245637139302,-1.1204748586456252,-2.404431317835392,-1.022321115997219,False,-0.592866410015042,-0.596402078210631,-0.5479079356619196,-0.5965539257498462,-0.6773178556527596,,,,,,,,,,,,,,,,,,,,,,1.545995916217005,1.194136174899221,train
2014,houston,1.660165393878743,0.03327350965434083,1.4842074510006724,3.8232835942215804,False,-0.26022796271103804,-1.573038263320396,-0.725844437964292,-1.5403905276074707,-1.3877032660333255,-1.4407164110356472,-0.7945797856632963,-1.5428559578171022,-2.7482209086065117,-0.9704422230118167,False,-0.592866410015042,-0.596402078210631,-0.5479079356619196,-0.5965539257498462,-0.6773178556527596,,,,-0.23252622671959952,-0.3472747552296992,0.043784431343048845,-0.31207100594893644,,,-0.3991400958609066,,-0.43327110685717346,,-0.5619812386254885,-0.7437903279735262,0.6506315958606905,0.976995346631632,1.6480755257953463,1.4212220422723694,0.6267114568413173,2.9827763800758325,1.4110261723216395,1.8250026263594803,train
2015,houston,1.829663923357937,-0.24529540838200434,1.5125149852652127,3.2775448608310467,False,-0.5410213166227614,-1.6108962101094395,-0.927886312311774,-1.7698089250174371,-1.5184161101415425,-1.7152096589025647,-1.0055463024569513,-1.7140201587397978,-2.2709005804601547,-0.3363927963386828,False,-0.592866410015042,-0.596402078210631,-0.5479079356619196,-0.5965539257498462,-0.6773178556527596,,,,-0.21675856954823755,0.5543790807060849,0.5543800699756473,-0.31207100594893644,,,-0.4137823456167607,,-0.43327110685717346,,-0.7887587016428974,1.3064059251520035,-1.1616560764748567,-1.1280967427115587,1.7014384922512396,1.5139530504690024,-0.15195865143291015,4.0095768002235275,1.8803039800644339,1.3967184780734456,train
2016,houston,1.760636325665411,0.1725579686725134,1.5773906153946202,2.3077588435078273,False,-0.18116713759573336,-1.6131635308085048,-0.6147076310362287,-1.6771973546580392,-1.3101686705414866,-1.5815320681358718,-0.7033559084463676,-1.65190104815829,-2.467427925684827,-1.1526685016825857,False,-0.592866410015042,-0.596402078210631,-0.5479079356619196,-0.5965539257498462,-0.6773178556527596,,,,0.33036723757840236,-0.1855673327197831,-0.7176349911719796,-0.31207100594893644,,,0.24089868428831504,,-0.43327110685717346,,-1.000680494844275,-2.850899522914446,-0.18079523625631838,-1.7695894526823908,1.872995875733963,1.5424934812502231,-0.4351114180780841,3.443248733441036,1.435370938530588,0.6428949976870162,train
2017,houston,1.7831355444249166,0.03327350965434083,1.615268312488809,2.1215159375595682,False,0.8149596854389526,-1.7259043523864037,0.2058311992064899,-1.7881115184764051,-0.5909782235651595,-1.7772135851383994,0.16424366557865847,-1.7742911555110186,-2.70378627422985,-1.2969024933630808,True,1.7721257478599823,1.592197733993477,1.592177212768543,1.5838198242417716,1.7327351541057978,1.1980543260169234,0.03861235918795481,-0.49706072593698675,0.9332042012030155,-0.2293054195526797,-0.12821737533680588,1.9174623787974834,,,0.7988982346597986,,-0.43327110685717346,,-0.697121754053235,-1.307307494603174,-0.9309098793980763,-0.795561369080432,1.803129817989306,1.6079028670975744,-0.010382268110323152,2.436875157991833,1.3858691686836544,0.4828539016319873,train
2018,houston,1.9232299789905314,-0.4542220969092629,1.6837705306378732,3.308386112265354,False,-0.7875032350981569,-1.612591569343933,-1.058158690562591,-1.8151285890430482,-1.794330655591532,-1.8502296321541025,-1.227647109858414,-1.774997816005295,-1.5637316832255066,0.8231304689568377,True,0.8916179391575169,1.5425414535790254,0.32719899495214555,1.3895683789476088,1.7327351541057978,-0.767980112623687,-0.10542769052517534,0.7547893183350105,-1.4758552017130366,1.2821219523301133,1.8576695160678685,-1.1421462975287404,-1.235569039827911,0.010116084646850248,-1.1981787802564938,,2.2603680690383388,1.0952631740853127,0.17440639317389262,0.6912897864964765,-0.1416961559614916,1.6364377138280073,1.8259023288343632,1.6460921979649725,-0.15195865143291015,2.2436057812291748,1.612340151897842,1.2475827346891994,train
2019,houston,1.8943051428331472,-0.8024332444546941,1.7481424679867728,3.8171472211971835,False,0.029256760020927572,-1.3719930045425635,-0.4688760740055774,-1.307459775597176,-1.0892388100999502,-1.181495937841686,-0.5067752203156924,-1.3033081487313016,-2.7348168635509076,-1.1686556027021875,True,4.139994875992145,1.444145665716864,4.444689173728154,2.8352222441925163,1.7327351541057978,1.2820823618237496,3.966132215192002,-1.635604004361714,0.776763741940003,-1.2557210236145562,-1.7486223590930334,2.750249857482794,1.979398704413732,3.1506624514678543,0.9829101542988279,,1.2575020255695355,-1.0869419237806692,-1.2237869957779215,-2.16461492314609,-0.2846865906320594,0.19090124712058265,1.9676984536055737,1.7151580091081386,-0.6474759930619643,3.475253546794544,1.3206510739726462,1.5298467398560298,val
2021,houston,2.094876297710452,0.8689802637633758,1.7019034707361549,4.262711657293339,False,0.22287291307904697,-0.44896713575565456,0.10587524324974831,-0.3530589320322013,-0.4425302381370702,0.022896261902028155,-0.030463076338548865,-0.2669786437359392,-1.0273910725832909,-1.1054907166090997,True,1.858061896857576,0.7324324279411651,1.9820487701351908,1.1530307826586437,1.7327351541057978,1.2820823618237496,-0.4519031569655703,-1.4867264948394523,0.8778067812047611,1.662858732330195,-0.04477515239206508,0.9679957156915702,2.1168316714691584,0.2054671260174178,0.8224397360808201,,0.8117172601929519,-1.277498057179991,-0.8405168643887371,1.6064451170761935,-3.0949110056493865,0.048504538016924066,1.9384222750801643,1.780059558108849,-1.0014169513684315,4.003208917463269,2.092255928992939,1.881291269233962,test
2022,houston,2.1950386469361516,-0.5238643264183489,1.8605666965961196,4.770357062038915,False,-0.3630462779668143,-0.9162784749221596,-0.11959901394479466,-0.9589640518925164,-0.8914554368879479,-0.6591070926927604,-0.46183276764367903,-0.844914029907412,0.9334151741016684,-1.164604648012132,True,2.9708454086060696,2.7377110062068777,2.467284143382608,3.033437900792739,1.7327351541057978,1.1940715288813897,1.8278541979723306,-0.10524058366588637,-0.45175153604434143,2.183382382444888,-0.053562391920677174,0.7369760199269656,0.26782727901283704,1.8158016842212472,-0.5118275811946358,,2.358246185375731,1.1885303135094356,-0.021181999347424322,-0.1389497418095935,2.1080219952661077,0.07356905545398414,2.1414297149593544,1.733440135587212,0.6974996485026111,4.465583365678939,1.8872366800268623,2.039825584876833,test
2023,houston,2.421592863069921,-0.5238643264183489,1.9904186954110366,4.222227533963551,False,0.384063053899054,-1.8158041714323652,-0.12143452837595155,-1.880512719983111,-0.9656173940848443,-1.9131500665023125,-0.2225074541564581,-1.895108972349448,-2.510558018567223,-1.2965857520498667,True,1.0663654943448715,1.406027606447793,0.5207322831318042,1.3763539169859733,1.7327351541057978,-0.36350160954357297,-0.23287877992351794,0.415756614576745,0.263340744906754,-3.751560067531808,-0.11747091767702239,-2.1074687349796815,-0.9085874122967729,-1.4177857740581727,0.06755902327253634,,3.625665720597176,1.0908424579258655,-0.4545049735496381,1.7248902868337246,1.223159097291959,-1.028763376077991,2.2428087098653426,1.8934087422791046,-0.7182641847232575,4.992380939482162,2.149542893331247,1.5546344459235057,test
2013,indianapolis,-0.5478022251708837,1.565402558854238,-0.7066546670961631,-0.6074965020177451,False,1.3354051316930904,-0.4184858555220071,1.362979372911462,-0.40676054580111937,1.3310326758187636,-0.45833702686236893,1.3730048027577109,-0.42077384172153576,-0.7111432367515831,-1.2946352923842843,False,-0.592866410015042,-0.596402078210631,-0.5479079356619196,-0.5965539257498462,-0.6773178556527596,,,,,,,,,,,,,,,,,,,,,,1.1637015619955309,-0.2650468528592516,train
2014,indianapolis,-0.5286168554178909,0.5207691162179445,-0.6782463942755217,-0.6191317028172513,False,0.7438883902310331,0.21259241856282163,0.7607108251319568,0.2314983702572877,1.0056903575552838,0.06120529466669588,0.8520984441226959,0.17634492205617383,-0.49288218690613206,-0.9107948325549499,False,-0.592866410015042,-0.596402078210631,-0.5479079356619196,-0.5965539257498462,-0.6773178556527596,,,,-0.5472151658793506,0.2699082849778904,0.334933018253619,-0.31207100594893644,,,-0.42985784808943733,,-0.43327110685717346,,1.3886409154875559,-0.5060242618176543,0.7095451417536678,-0.5886485091619195,-0.5333487280427891,-0.6949340976803791,1.4053815651155455,-0.5883653517877127,1.0695288545852146,-0.34223268643918303,train
2015,indianapolis,-0.5518807035320102,-0.3149376378910903,-0.6493344286743725,-0.5609556988197206,False,2.1332949744893828,0.6611095220735651,2.219883284294074,0.6372478210378028,2.3939605868212084,0.5188887229892989,2.2957144139684798,0.6108015623337997,-0.6341947504929828,-1.0305397195453563,False,-0.592866410015042,-0.596402078210631,-0.5479079356619196,-0.5965539257498462,-0.6773178556527596,,,,1.5473505350947094,-0.12493644942740613,-0.10673908104806851,-0.31207100594893644,,,0.6805499842332055,,-0.43327110685717346,,0.8653758434291998,-3.1015525145741316,0.6748097407422323,0.06889659510007767,-0.5139303186554908,-0.6662920995298306,0.34355869019614405,-0.6004395190993721,0.5188640247372077,-0.25207441942895864,train
2016,indianapolis,-0.5305052168418742,-0.6631487854365214,-0.6148818424876373,-0.6376205150466034,False,-1.0839321209549464,0.04666268046128383,-1.083899124190147,0.07942538942730927,-0.6434968018618443,-0.06614852057513244,-0.9633686884605461,0.028365886637234557,2.144725836895435,1.5491682412255534,False,-0.592866410015042,-0.596402078210631,-0.5479079356619196,-0.5965539257498462,-0.6773178556527596,,,,-3.4666480517305276,3.081746799357363,2.260829820164291,-0.31207100594893644,,,-1.4946449391665249,,-0.43327110685717346,,2.3155286433784736,-0.3644094906952063,1.08154883548975,-1.1444313397746335,-0.5374767466065824,-0.6371422645326414,-0.5058996097393773,-0.540068682541075,0.4144533478134353,-0.4817088190878758,train
2017,indianapolis,-0.5091201722848052,-1.1506443920001252,-0.6017858301944339,-0.5335412531003363,False,-1.1317015165495647,0.8047254799357938,-1.21650912707127,0.8977197814086595,-1.1750671198745148,1.0504887728402224,-1.1999163265211648,0.920901591965536,-0.5723185123407201,1.7240761285015307,True,1.0662486388414874,0.3998811156901714,1.1377948745337105,0.7552777686971734,0.5232345871404473,1.0441027465148234,-0.7240344740757682,-1.0753718573727946,-0.24403305679709253,-2.9533256715844334,0.1516876388657731,1.2520155294941517,,,-0.4755932849509738,,-0.43327110685717346,,-0.9583118966092466,-0.39531674040489895,-0.826817817459946,0.5318965225126885,-0.5158416175084289,-0.6024062242224019,-0.8598405680458445,-0.6196258671562556,0.5126360769896667,-0.2674198057982529,train
2018,indianapolis,-0.4752402648276129,-1.2202866215092112,-0.581134426193613,-0.5482844869901214,False,0.729278066195645,-0.514204226156292,0.7291210066356707,-0.5367869806743839,0.6407355215465346,-0.5756821188038037,0.7163472788983769,-0.5357652113723509,-0.6400503374706835,-1.2967191168133252,True,1.4327411469445634,0.9146235766296597,1.4996178375664728,1.1953168063710153,1.5545164921935428,1.129238778517249,-0.35030969195051237,-0.8082975454645142,2.05128551805052,-0.04413806476277289,-2.6511201080832336,0.033430047555375035,0.4064348868123268,0.3958415990906776,2.819886955948352,,1.4563999764217026,0.9243842133656348,-1.195930644822207,0.31522417723876495,-0.2110006110174713,-0.6035030602244805,-0.4941968144464498,-0.5892024662097377,-1.3553579096748987,-0.5116199595601787,0.6639890147967844,-0.3319646141906525,train
2019,indianapolis,-0.4539999536840958,-1.3595710805273837,-0.565620688553972,-0.48237824684497377,False,-0.3782896939895845,0.5505963896660965,-0.36526522037732784,0.559055576033614,0.017785104784783286,0.36368893882365405,-0.25220313812233713,0.4994521584572412,0.6328723777500901,0.5092398275615483,True,1.936769890571498,0.2411372155784938,2.2176542068638097,1.093566085678577,0.9855591004379131,1.2820524159806252,-0.6914967314449181,-1.9214129021623785,-1.0244914367296767,1.4280233123225463,1.5822092952374993,0.16308867145047953,0.4606121945997441,-0.13675488722744442,-0.758591012385367,,1.8738214778890308,1.0188811760822354,0.7290099840466298,-0.47851476820492617,-0.6653362827357123,0.07969063549756701,-0.4599053766749722,-0.5683811554974597,-1.4261461013361918,-0.5269194181400212,0.7320656361671981,-0.2128078045521419,val
2021,indianapolis,-0.39860119153277707,-0.8024332444546941,-0.5706576163590502,-0.18512277436444055,False,1.6809563319620795,1.030120860671269,1.7354851326500644,0.9310409632138238,2.036895287551682,0.6567367238399261,1.853712381934149,0.8770669551965578,-0.4363728567799203,-1.0206040446676894,True,1.4541119995440872,1.3695575959990085,1.373400446344487,1.330103681967542,1.7327351541057978,0.7203432635762986,-0.25770655274363624,-0.17737916549887556,0.577928848547207,0.23931931818438873,-0.050404249261475485,-0.7523034303396423,0.5139624594143004,-0.9035818547388507,0.10832958987726915,,2.430034508443429,0.3214384153778976,1.3347235772228323,1.4056982344858266,-2.3389383429567077,1.8317876347586923,-0.43840706506520677,-0.552739780620919,-1.567722484658779,-0.45852670329932016,1.3301008946895563,0.43922560564249674,test
2022,indianapolis,-0.3680419601299067,-1.4292133100364701,-0.5395294025236668,-0.1785879355592385,False,1.1038998084665537,1.5184456119251186,1.1353966615373279,1.5691439555989002,1.2676023062167252,1.7470625192133875,1.1928830237176193,1.6197595491916135,-0.7313564845640882,-0.1655191931573287,True,4.314793088957931,0.6337598979319092,4.781268523434362,2.5352557396174245,1.7148387621111576,1.2820823618237496,5.44174250225318,-2.168111995405544,-0.6964004978310068,-0.2936813413275252,0.7482403177458099,2.384759920413044,0.7879653921621678,4.363410674119273,-0.46323048352623586,,1.8981620938156767,0.5650265234569015,1.8715251841992808,-0.0752434221285486,0.5853680459904348,-0.44395826017595197,-0.382335388738194,-0.5578181490873283,-1.0014169513684315,-0.15005653841925384,1.3275649076357847,0.3857391330307745,test
2023,indianapolis,-0.3395383528223412,-1.2899288510182976,-0.5231090178791117,-0.25660753544085835,False,-1.1287121107691722,0.9525913753746942,-1.2274945755512974,1.040482545063346,-1.2037128273818076,1.2659106688477517,-1.212000975565803,1.0934866528297038,-0.749605547672819,1.796793265777342,True,1.0184302656006563,1.1023156450291103,0.8432876733764634,1.0380657272870006,1.7327351541057978,0.027007157719048366,-0.5521049306790522,0.09499156134206524,-2.555904448915289,0.010198536417203917,1.7193399433886687,-3.41962928619097,-0.6664316270690754,-4.347885509006776,-1.4441695108798025,,5.156372750679841,1.1885303135094356,1.2077035279393031,-0.22738100887164528,-0.6431661135820329,-0.9166816555152439,-0.3514049623986365,-0.526433831964919,-1.6385106763200723,-0.1432751567784588,1.4441483368005077,0.1899512429446367,test
2013,jacksonville,-0.9583815631119434,1.6350447883633241,-0.9563855476719426,-0.6706931748534187,False,-1.0792164953827015,-0.0165869691764001,-1.0327701319771458,0.0022552497230635357,-0.5404118150073873,-0.1407945468923584,-0.9104627323920375,-0.04572191668065868,2.1452893585694093,1.319339077297774,False,-0.592866410015042,-0.596402078210631,-0.5479079356619196,-0.5965539257498462,-0.6773178556527596,,,,,,,,,,,,,,,,,,,,,,-1.4767428299617629,0.13160452541277573,train
2014,jacksonville,-0.9467748991317773,1.0779069522906344,-0.9441961823836533,-0.6369829697973154,False,-1.0964861365773668,-0.2856799409643868,-1.0509994530004294,-0.24774090911165286,-0.5762609932114737,-0.39742259545206765,-0.9345432703825609,-0.303476669359465,1.5881008743604477,1.155600488961456,False,-0.592866410015042,-0.596402078210631,-0.5479079356619196,-0.5965539257498462,-0.6773178556527596,,,,-0.01750150052998115,-0.5816062697075067,-0.14532398140748168,-0.31207100594893644,,,-0.196522711364598,,-0.43327110685717346,,-0.9051663773511458,-0.35290076633089895,-0.3691597865203752,-0.13423142766311907,-0.9489152650839467,-0.9467196062449512,1.4761697567768388,-0.653946274240767,-1.4328859764005322,0.20869408561313543,train
2015,jacksonville,-0.9263285736484527,0.311842427690686,-0.9292868760806217,-0.4863629046530238,False,-1.2073481522502258,-0.6725343585306137,-1.1927539053255487,-0.620053150377037,-0.7826772156249024,-0.6943721556510969,-1.0897504517649872,-0.6568588515067684,1.2115230433327786,1.4151783304382233,False,-0.592866410015042,-0.596402078210631,-0.5479079356619196,-0.5965539257498462,-0.6773178556527596,,,,-0.15730819335842597,-0.3832792436907297,0.2259478544495016,-0.31207100594893644,,,-0.3652798062004818,,-0.43327110685717346,,-0.9293559543028145,0.6112308234921643,-0.05490877449404685,0.9831888277427552,-0.9371676180127967,-0.9344299545562408,0.9098642234864914,-0.6189642689473975,-1.2866297860720834,0.6602277026622043,train
2016,jacksonville,-0.9072933989472589,-0.17565317887291773,-0.907426609406582,-0.319246356183405,False,-0.8872659821189481,-0.6421533394433937,-0.8869969698572117,-0.5623828032984383,-0.4681015678789051,-0.6079846503545703,-0.7692389420431414,-0.596005912721657,0.28611018219629136,0.05223212437972962,False,-0.592866410015042,-0.596402078210631,-0.5479079356619196,-0.5965539257498462,-0.6773178556527596,,,,0.34990113648911764,-0.9859503341166654,-1.1970951446528653,-0.31207100594893644,,,0.2925276243765317,,-0.43327110685717346,,-1.0852659285309356,0.3655337839915186,0.7609364563132722,0.826099057529293,-0.9164729363979579,-0.9193979838956693,0.13119411521226385,-0.46266169210468294,-1.244090788669183,1.116047422283814,train
2017,jacksonville,-0.8838773076669978,-0.5935065559274355,-0.886372251181355,-0.224331807195653,False,-0.8548426577305536,-0.2221236435562148,-0.7935310221267348,-0.19193194663569005,-0.2872211467872569,-0.3298244382486925,-0.6665879426935953,-0.24147780973068766,1.114312899088106,0.630876827133524,True,1.8767362628308424,2.423507463382827,1.415473000139921,2.403111629130794,1.7327351541057978,0.6197476900609457,0.7361976241029933,0.5698692573721961,0.11761914813655683,0.9396800550162597,0.5057870740133472,2.01608115634667,,,-0.04742559344740503,,-0.43327110685717346,,-0.7633031122781094,0.7474844789754903,0.5814056648545437,0.1292461358646787,-0.8972065464422021,-0.897357864751453,-0.3643232264167903,-0.28924026160776634,-1.1330301798793543,1.324106443568695,train
2018,jacksonville,-0.8657726595821775,-1.0113599329819527,-0.8682393110830733,-0.025816155198599842,False,-0.6515163374303028,-0.017002580004137475,-0.6129430938446173,0.011054322743880884,-0.19784099737647226,-0.14003402033550535,-0.5038949605969596,-0.04071623808952468,0.5122331770032578,0.2613980852691394,True,0.007705291463254191,0.3876111488404021,-0.0570627017114595,0.0681297560887043,0.9415635939609902,-1.9573616233744235,-0.7092407955400137,1.1180759262726065,0.18163566546358784,-0.630900957176465,-0.32576943339145203,-2.0740501879574005,-1.7247469790801404,-0.9594023624736524,0.011095469222335013,,2.379515602106397,0.45337020196349986,-0.6601872994624356,0.11338115188295873,0.16986228430273836,0.6777680809208763,-0.8735060260673196,-0.8761302845618621,-0.7890523763845513,-0.19074482826402397,-1.0711054102383333,1.847710424956252,train
2019,jacksonville,-0.841647238034556,-1.2202866215092112,-0.8536322204483464,-0.08662203334944349,False,-0.9568780850665971,-0.8730057641241308,-0.9750468165040024,-0.7708679442890013,-0.6302808978477605,-0.8213310785199843,-0.8770637006223297,-0.8152166982576502,0.2877135355305758,0.2829031533768415,True,2.9265839700541103,1.067407982606673,3.2273930664753783,1.9974301925572042,1.657420997550843,1.2812887969809552,1.2865419493112766,-1.487358369243779,-0.3896979189653645,-0.21630543575225322,0.017144913171449443,2.4396241479961462,2.930887672430249,1.6042456923325714,-0.538376309277735,,0.2507579955859012,-2.40709906093764,-0.4967576281041055,0.6371597651907535,-0.28024897686529254,-0.7783287687514383,-0.8551814655897108,-0.8578481580827888,-1.2137815263523117,0.01526031401915166,-0.8931190518237222,1.5953990989388285,val
2021,jacksonville,-0.7854913562812136,-0.5238643264183489,-0.8442635347309009,0.5549875669027744,False,-1.0715776264846564,-0.5354223223199275,-1.0784077442160338,-0.4745774612136028,-0.5353810352774303,-0.5980277345481255,-0.9216287308719585,-0.528984621273037,0.7884453101267811,0.9600377339448252,True,0.6669515483512246,0.5099345607822489,1.0031629455362066,0.516097407298312,0.5500791751324077,-0.1407644283849228,-0.723978806423705,-0.22835796142323725,-0.5320271374761119,0.9205281533984402,0.9897578155051757,0.37492534189730903,1.768676545219774,0.0604001601508972,-0.6493329859339685,,0.17161186693886957,-2.3740600243775623,-0.4074274307370064,3.509206656018826,-0.8934298224778555,2.8229814947220446,-0.8307629988994983,-0.8431208895302018,-1.4261461013361918,-0.04783961515068496,-0.2339025444838374,3.4367059800461592,test
2022,jacksonville,-0.7437733152344504,-1.3595710805273837,-0.805781406300103,0.5888571582711998,False,-0.9308638349515096,-0.498733742090583,-0.8803801704712132,-0.43456217597758456,-0.4214778115779513,-0.47298065729226313,-0.7671022264396702,-0.4628884803431013,0.722671485217935,0.43586420176616003,True,4.468591572613997,1.6574506192031282,4.865413901189545,3.1127241634328278,1.7327351541057978,1.2820823618237496,4.074781555106051,-1.5418363625777742,0.17292860025718693,-0.04198800133099622,-0.4614452889750726,3.2718239015495008,1.4772997169768045,3.6924137498828986,0.03050177037182429,,1.0016152608850246,-0.39076222483617323,-0.916382936531782,1.8362385181086107,2.286170477147479,-0.36805182517203544,-0.7739250064380285,-0.8336751241826806,-0.7182641847232575,0.6179762822888362,-0.1130717975470487,3.2783387745657717,test
2023,jacksonville,-0.7094366782788325,-1.2899288510182976,-0.786540342084704,0.36276767424244033,False,-0.27875696487733753,-0.18077500090971851,-0.24396877439722253,-0.13129813471877821,0.03858315231128721,-0.27922417072361255,-0.16891281188291796,-0.18968315556131243,0.24752306352335438,-0.46925744193433083,True,1.3616272926092046,1.5368139717911105,1.050845056099828,1.4966048844247013,1.7327351541057978,0.605972602223761,-0.035940543837478835,0.11077313409131974,0.6459601870550166,-0.4915187730614729,-0.7955577749785323,-3.2410788525159107,-0.20295794369076572,-2.944990905995724,0.5246190259522547,,5.331543572870449,1.1885303135094356,-0.761156721423622,1.0358282299667603,0.076052062219717,-1.21885029486703,-0.7317002273322837,-0.7948763890993137,-1.567722484658779,0.6531236871344202,0.11221408344888081,2.540943559224468,test
2013,kansas_city,-0.6075143161279604,0.9386224932724617,-0.5954393011600353,-0.6568265656814046,False,0.5089093313807199,1.6538609646974904,0.5146073558873141,1.6056604746533047,0.6306764123224863,1.496022039326583,0.5621342325651446,1.5920701850760661,-0.2370797899466512,0.07533756964893516,False,-0.592866410015042,-0.596402078210631,-0.5479079356619196,-0.5965539257498462,-0.6773178556527596,,,,,,,,,,,,,,,,,,,,,,-0.5492850472717282,-0.5510591058381973,train
2014,kansas_city,-0.5852854484616928,0.451126886708858,-0.5729746031493863,-0.603033685272729,False,-1.4785244832504238,0.03985324607109968,-1.5822533368717098,0.1840020428635122,-1.5780611994539626,0.36279945260560464,-1.5793216429289796,0.20077615548187625,-0.6791486368287796,1.846104887066166,False,-0.592866410015042,-0.596402078210631,-0.5479079356619196,-0.5965539257498462,-0.6773178556527596,,,,-2.2750384568307376,-0.45519437259619255,1.5513442991561346,-0.31207100594893644,,,-1.543409317205459,,-0.43327110685717346,,0.574098646405544,-0.21819196169659708,-0.07143683653072284,0.059402258934362746,-0.5937861260447342,-0.5828037219420621,0.7682878401639044,-0.6395565131981044,-0.5089023896810058,-0.46298685496005065,train
2015,kansas_city,-0.552968252247992,-0.10601094936383175,-0.5497039966899246,-0.5435028976204614,False,0.976566856480563,1.596605039896416,1.008529577665617,1.5759017461639315,1.1861150347758898,1.625935107497905,1.0779341974842802,1.6077214236295803,-0.4747036164175181,-0.42391342235840074,False,-0.592866410015042,-0.596402078210631,-0.5479079356619196,-0.5965539257498462,-0.6773178556527596,,,,2.841328419373096,0.25473702026687334,-1.9926473636396822,-0.31207100594893644,,,5.803268824169104,,-0.43327110685717346,,-1.5770539445064076,0.39483034783173926,-0.04623382358385839,0.0678531085373682,-0.5712872501764532,-0.5601541985818768,0.2727704985348502,-0.5837341643257064,-0.378230069824616,-0.367585277338253,train
2016,kansas_city,-0.548202290172494,-0.4542220969092629,-0.5196839069716583,-0.42914321852942516,False,1.4995124164876148,1.2107494503549745,1.579974000805752,1.1606861545347937,1.7815299236262794,1.193803209734018,1.6527854112917457,1.195082699246106,-0.3911702633958007,-0.7234673516818888,False,-0.592866410015042,-0.596402078210631,-0.5479079356619196,-0.5965539257498462,-0.6773178556527596,,,,0.6210770925219523,0.12196494408138181,-0.26444151957653783,-0.31207100594893644,,,0.14938014690794485,,-0.43327110685717346,,1.0922342025127034,-1.3963350573398658,0.4479149080440746,0.4851657522812546,-0.5385775054904329,-0.5366921362670657,-0.29353503475549714,-0.5219574315735858,-0.56820431957396,-0.17291527384205332,train
2017,kansas_city,-0.5192296646804468,-0.8024332444546941,-0.5117255610396346,-0.4720181365440436,False,1.6747196935860542,0.4014236942281019,1.7321517833819522,0.4348418732170715,1.90828329794969,0.4252556228556132,1.8081395021577686,0.4285303430712957,-0.7038787931780762,-1.0558956951979261,True,2.758412381843582,2.519084522061883,2.9693485921810616,2.689863926309112,1.7327351541057978,1.0391916282424358,1.70775123864631,-0.08954210562310262,0.17381096954032588,-0.31314490583938664,-0.29327419237258284,2.847257841363161,,,-0.09282714215713106,,-0.43327110685717346,,1.669688397166831,0.10026592795554908,-1.3193721951863775,-0.7927954900228124,-0.5337536525286248,-0.5064250602072664,-0.6474759930619643,-0.40328325285967287,-0.35582293552483885,-0.27317603707856536,train
2018,kansas_city,-0.5012315185414478,-1.0810021624910389,-0.5058827247857439,-0.4387860904249063,False,0.3039893229554723,1.865450574741899,0.3227907207678177,1.773718377134766,0.6227973447728719,1.5131408752767228,0.4218215223893537,1.724336925730198,0.6874497034466922,0.6450718391441506,True,1.523408047221567,1.8605457138500652,1.2331590956609535,1.7503210266989309,1.6261022038224573,0.4071846091037813,0.23898807278888698,0.4687514613020656,-1.4699135096808906,1.558043696366422,1.4901260430724428,-1.4763384582437298,-0.16765279765363347,-0.976778880111752,-0.7961143813622594,,3.3837123080938376,0.9189331047178956,1.8257459460986316,-0.614310525789812,-1.4858305336029065,-0.2255828068455108,-0.5044291041840884,-0.49840123803033964,-1.0014169513684315,-0.4477757324053768,-0.2325050624980046,-0.2138707637243421,train
2019,kansas_city,-0.48022605784256217,-1.2202866215092112,-0.4932904052730483,-0.512183487249188,False,0.6682020570576165,1.5726921889575785,0.6834794153697172,1.5711003218757833,0.7752086980882813,1.6666755516782212,0.7233758937887269,1.6116078003959964,-0.4490847289460503,0.07372052189199942,True,4.200510609160375,1.0224265301493207,4.727976991184711,2.61322055606135,1.7319894651205896,1.2820823618237496,4.604918522615449,-1.8890862572777367,0.32968911286219443,-1.2177811404269276,-0.5028228062229465,2.211696151738253,1.0386553019793876,3.3699632277692153,0.03735453063554614,,1.9770877461216438,0.21743525099511754,0.4331505869630936,-0.4584191750371284,-0.9739648164108169,-1.0212721777816098,-0.48621233930339125,-0.49251033060930494,-1.284569718013605,-0.4132899257686509,-0.13586408683712364,-0.380652254476531,val
2021,kansas_city,-0.4698748879544802,-0.5935065559274355,-0.5037672151076111,-0.36020863845015944,False,1.7087201654857973,0.8172830939398277,1.766384751262406,0.8112970723660926,2.0222860903248074,0.76362956069824,1.8692441923418401,0.8037872159433743,-0.641948484478289,-0.9971651874898373,True,1.1325744765826888,0.5873039595560308,1.1265754908330194,0.8808145209205553,0.9974899805508888,1.1382375043761055,-0.6475192863151121,-0.9471732086770284,2.9835521232221183,0.3915369175501577,-2.6676126308590646,-2.7742184999582724,0.3236586727459764,-2.8451485045309877,3.384015997869067,,4.50661754558527,1.0491448006173973,-0.9161584334164757,-1.0979917848777199,-2.7225728333042976,0.7488897939078489,-0.46495173080476504,-0.47981440944328174,-1.4261461013361918,-0.48945641956343405,0.0441322320652975,-0.05706843017225767,test
2022,kansas_city,-0.4186856834822218,-1.5684977690546424,-0.47838109897001674,-0.3634760578527605,False,1.589800596631925,1.6649891952630247,1.616393927994385,1.6431055814054552,1.719594643399821,1.6098229768798211,1.6767732394139798,1.6462590617748811,-0.6530420487419015,-0.4320320023339441,True,2.1944351742774106,1.3122664273104876,2.206435093327434,1.833571882492372,1.5455683680213994,1.2596080065589517,0.44515322220437586,-0.8725169832367503,-0.1970386747260559,0.018055928994120653,0.4939367285259261,0.6889698928875719,0.43544132151266973,0.9314447620884231,-0.252334910823134,,1.5319426687384143,1.0288693355251965,1.8871273241183901,1.2174692661482172,-0.0029250818112887345,-0.5026546248360921,-0.4544748279818265,-0.4903774158534131,-0.7890523763845513,-0.3317479465268961,0.31106997983081297,-0.10436552395419604,test
2023,kansas_city,-0.4191758655149117,-1.3595710805273837,-0.4596437275351257,-0.6582610424923027,False,0.37305072684747403,1.1086771714448393,0.41988564872324113,1.0849778907725258,0.6023120364423326,0.9647346980182715,0.4725455599363615,1.0607437703477103,0.2612656129178386,0.024558935962066417,True,4.575209799730958,2.4943169926135282,5.1935787131202344,3.4761198308589076,1.7327351541057978,1.2820823618237496,4.192087214915904,-1.0622309083639139,-1.2757695735495498,1.0342311643797817,0.39873919679415676,1.9323408798710817,0.35627293258879994,2.908821967919937,-0.7308340718683183,,2.741362989702283,1.163584843752556,1.6937848444511292,-1.719370864471698,-0.5403405763527059,-2.468823594175921,-0.40266384172249864,-0.4647824387827103,-1.780087059642659,-0.3351386373472936,0.1563107248245166,-0.7104643824821105,test
2013,las_vegas,-0.7313883678040526,3.5153849851086525,-0.7106842093402257,-0.5738659901178027,False,0.08145521505633714,1.0093649116410712,0.20319041573030708,0.935994284977165,-0.06157758941167199,1.2279972738875924,0.07769477947155805,1.0599128102037654,0.5551937381915738,0.10714506573381552,False,-0.592866410015042,-0.596402078210631,-0.5479079356619196,-0.5965539257498462,-0.6773178556527596,,,,,,,,,,,,,,,,,,,,,,-0.9010831809038292,-0.17369258025371234,train
2014,las_vegas,-0.7211081992131848,2.331467083454187,-0.6819737208512796,-0.45727490265425846,False,0.8524717296161926,0.6626777577412678,0.9882432071907767,0.5560295221151611,0.8838407961942379,0.7336811020379824,0.9278774058617382,0.6520655092309413,0.12713704221908265,-0.7764048274772439,False,-0.592866410015042,-0.596402078210631,-0.5479079356619196,-0.5965539257498462,-0.6773178556527596,,,,0.9146343226107874,-0.43980774855681687,-0.7766381610849815,-0.31207100594893644,,,0.48597723655261454,,-0.43327110685717346,,0.08746560549743727,-0.890376517310718,0.7495664134150463,0.5477742293787942,-0.7191648432067774,-0.6989967924535064,3.387450931631762,-0.5534660462704505,-1.0345500441269568,0.05641926747751433,train
2015,las_vegas,-0.6895037467907487,1.4261180998360654,-0.653162493806232,-0.411929496798649,False,0.8265850489838662,0.837864626409637,0.9680871767376474,0.7235017957766011,0.872771967044757,0.9157087819639818,0.9082303744602089,0.8275593028928875,0.23549987018869992,-0.6762312195243896,False,-0.592866410015042,-0.596402078210631,-0.5479079356619196,-0.5965539257498462,-0.6773178556527596,,,,-0.012774513871839538,0.14922997987654113,0.08614155765650848,-0.31207100594893644,,,-0.17737133694252655,,-0.43327110685717346,,0.9414979394980458,0.7386664834853229,0.6761082527842639,-0.13900792601335504,-0.7087598041151135,-0.6700500921949736,2.184051673389774,-0.4324762738255344,-0.9304502291445341,0.10497166095800992,train
2016,las_vegas,-0.6654834617793864,0.6600535752361172,-0.6364398934933722,-0.17508143668815446,False,-0.28239341878787766,0.22662008797984923,-0.11598369146139695,0.18041781147597669,-0.31999416523616475,0.2670204413466647,-0.2444205561137815,0.216606095141615,1.0259355937009509,-0.14156354752107445,False,-0.592866410015042,-0.596402078210631,-0.5479079356619196,-0.5965539257498462,-0.6773178556527596,,,,-1.220778654049626,0.8982084399889577,0.4672167946847636,-0.31207100594893644,,,-0.830781062688404,,-0.43327110685717346,,0.9217619444739242,0.07653415532280036,-0.4641457895513983,1.208261599226333,-0.6767714607315036,-0.6410018245671124,1.2638051817929585,-0.3854201012205055,-0.8125545378904911,0.6186000053588766,train
2017,las_vegas,-0.6381670780858149,0.1725579686725134,-0.605210941101887,-0.13555363123229802,False,0.4656744416388995,0.38585086812424735,0.6372448415297423,0.29755876522772023,0.5130920433576864,0.4135890597488573,0.5499333944666387,0.36478896150984186,0.4404849322041869,-0.8435123093900772,True,1.0582553553246632,1.961450505218992,0.6637786148226686,1.0565658467508594,1.7327351541057978,0.12463060630431316,-0.17295255247764948,0.7326737252102251,0.855110015970632,-0.612640726820191,-0.6173639617423261,1.244480074293947,,,0.5326090632466112,,-0.43327110685717346,,-0.2361082988945877,0.2563127352139792,0.763433466537911,-0.26052789742343363,-0.6524594076433711,-0.6241416412586336,0.48513507351873103,-0.13963636662973955,-0.7833741138728191,0.6297754181869817,train
2018,las_vegas,-0.5945490696337932,-0.24529540838200434,-0.5667288126710893,-0.29725104508296873,False,0.9041185551864372,0.8131039066815782,1.0475855565144632,0.7025974090279347,0.9002640589566792,0.8751345690232423,0.9717218226025814,0.7999682243857638,0.05488788926536787,-0.9748849366945319,True,3.7065458775149445,1.6076610890893286,4.394202487403676,2.543184162229544,1.7327351541057978,1.2631191566652775,3.613797728371971,-1.350585459020656,0.4578821741872539,-0.39318316377432494,-0.11693725005174062,2.1845343684367386,1.2496651282943407,2.938484388542015,0.10627747481676415,,1.4472959201764155,-0.0961863078203893,0.5618425617543287,1.312499880983099,1.2869795171328964,-1.3496119543803091,-0.6248112190302979,-0.592655756766896,-0.010382268110323152,-0.09861727768054038,-0.6510927712412913,0.18851508139045114,train
2019,las_vegas,-0.5571784926318333,-0.4542220969092629,-0.525526743225549,-0.14910146777966818,False,0.902950581105209,0.8907794327423831,1.0412120154858164,0.7129128946745943,0.6774376045806411,1.2146916931215563,0.8959722647034226,0.9368219990603011,0.1281916188041457,-0.8000687376934325,True,3.69652444743415,1.3826508354975706,3.976282605867458,2.4083974139154485,1.7327351541057978,1.2820599024414063,2.8986632361440576,-1.6057412143312997,-0.07259079899942901,0.11073188131953951,0.1516072231962101,-0.32151844231934235,0.35344420589901443,-0.4153390333704839,-0.20897555096747958,,4.463601524392076,1.1674820540510158,0.9855408879185104,0.7479794437864636,1.3879849116322696,0.4495306116769682,-0.5806633941155412,-0.5538570216835291,-0.4351114180780841,-0.26641512340216356,-0.6088255541215272,0.41780402023396745,val
2021,las_vegas,-0.5430116857232732,1.9832559359087552,-0.599670320516301,0.042480879631377894,False,1.064300545604591,0.7213445271273515,1.1951844468097987,0.6403985040895165,1.162081784911644,0.8624618596581062,1.164556593191089,0.7471471557375104,-0.07543851740073974,-0.7906165100833028,True,2.2873897504615024,1.2836827693074615,2.6159401669238176,1.6300701865426337,1.7327351541057978,1.0605280414685097,0.27458753628320454,-1.000436479025263,0.14749313296063574,-0.3871013825776765,0.06933468271784025,-0.35531973163560393,0.802876137933749,-0.9193306198297058,-0.0934842550429519,,2.8994863359183625,0.29843739596182733,1.047986919887144,-0.807103496906464,-7.684003170403667,0.561396274244904,-0.5428388865555339,-0.5123159676283011,-0.6474759930619643,-0.11267623961877396,0.1459944627243431,1.0127780007285805,test
2022,las_vegas,-0.4634048947458434,0.451126886708858,-0.5249223118889398,-0.2158046394864259,False,0.12233989035642967,0.3874707477409588,0.2786846037840331,0.2822313949357175,0.002882324751440475,0.49851458738341076,0.13900024960707255,0.3821892371405302,0.5756409655979388,-0.7214001978482802,True,2.1317509455793657,2.1139567594963786,2.0886321047988092,1.8639648904392718,1.7327351541057978,1.0163803822424893,0.44943963141323034,-0.07868494398612885,-1.0852709233258286,0.7451825345336851,0.05899030340587177,-0.45879534509369857,0.30294064696930584,0.24768501373957846,-0.7154189651234394,,2.8472348367418134,0.9426155127149332,1.1792488326473105,3.2053616570255072,4.287689376302301,-1.6785035496300151,-0.5284999991740014,-0.5870695514538458,1.8301107150833058,0.08613402214307038,0.280551449031466,0.2780863641949148,test
2023,las_vegas,-0.42465866761036,0.311842427690686,-0.48220916410187614,-0.2152467873932989,False,0.2743853461634006,0.44450231458040534,0.4176143770577833,0.3751818522224511,0.24548708303637146,0.6702281034241887,0.3196984755678643,0.4999151060105546,0.44486270735148403,-0.3665499034757628,True,4.213606746140684,1.9310378118505847,4.87943813081541,2.980580307511059,1.7327351541057978,1.23183323706115,4.2568843619172885,-1.3146119940788528,0.20083278309813218,-0.11336881810271196,0.3095070456408795,1.6505431169452172,0.5107561696282088,2.95390138241305,-0.03081014529481622,,2.669967956289758,0.8936137022031679,0.14904867261931182,0.4953105665372819,1.3777084357106404,-0.4774696083351837,-0.44792624546942794,-0.5117065634123321,0.2727704985348502,-0.18189595222054755,0.28760190373907024,0.19769145702223062,test
2013,miami,0.6025116375480964,1.6350447883633241,1.0957595786730379,0.33049194599723497,False,-0.7790041509115742,0.6627159704800948,-0.7749027229841876,0.6631150460181358,-0.2667906346406259,0.4114893653807947,-0.6267150192217865,0.5872575054417086,2.130095517244729,1.3169801880440997,False,-0.592866410015042,-0.596402078210631,-0.5479079356619196,-0.5965539257498462,-0.6773178556527596,,,,,,,,,,,,,,,,,,,,,,-1.1572208146813483,-0.5582582807472788,train
2014,miami,0.6717338061031801,0.9386224932724617,1.1715149728614151,-0.041037548025351006,False,-0.37235885020837894,1.5340182488569987,-0.38453704649175474,1.4957774750806916,-0.14693534252564175,1.4781648534087266,-0.3107479387834208,1.4924517642352173,0.2761735005359337,1.0130752333127742,False,-0.592866410015042,-0.596402078210631,-0.5479079356619196,-0.5965539257498462,-0.6773178556527596,,,,0.34505588450613794,-2.005538360683188,-0.26825760862307324,-0.31207100594893644,,,0.1704656552714867,,-0.43327110685717346,,-0.6201338276094028,0.16864909489100569,0.4277660011695795,-1.89109856840683,0.6309376942544469,1.1223092743395187,1.4761697567768388,0.3850110129946949,-1.1111726167345768,-0.8958841476219827,train
2015,miami,0.7651325990644532,0.381484657199772,1.2122133495264469,0.611729094089407,False,-0.3725782200968872,0.14013330969585294,-0.3138299506215604,0.13661863202659702,0.14843613612456705,-0.033023405289509325,-0.18978909933688823,0.08872739738022803,0.45584970284614673,-0.21279700180340871,False,-0.592866410015042,-0.596402078210631,-0.5479079356619196,-0.5965539257498462,-0.6773178556527596,,,,0.13713889264143095,0.22753859124064876,-1.0768737186561714,-0.31207100594893644,,,-0.05639531640081986,,-0.43327110685717346,,-0.3027360182470963,0.7361869106041554,-0.6993609616804052,2.754434166833105,0.7010006862626931,1.1986879360743146,0.7682878401639044,-0.0005353432173343083,-0.8808652593341051,-0.38781279324257417,train
2016,miami,0.8335068482816524,0.03327350965434083,1.2626833661333314,0.23653371488341499,False,-0.5117761677680187,0.8709561015459336,-0.4976564843111239,0.8975806945639045,-0.22953992152129096,0.9159398657499405,-0.425663191975699,0.8957110649853643,0.3601835129497865,0.9663142131250964,False,-0.592866410015042,-0.596402078210631,-0.5479079356619196,-0.5965539257498462,-0.6773178556527596,,,,-0.2433149254131352,-0.07481255372675583,1.0324292939814725,-0.31207100594893644,,,-0.36854308760226173,,-0.43327110685717346,,-0.18122946569715312,0.00977394858611469,-0.42511498359115907,-1.6906690149127308,0.7955339697673591,1.2397211532829013,0.20198230687355703,0.6768585228772027,-0.7756412536471663,-0.7089707121083443,train
2017,miami,0.9363105823046733,-0.3845798674001763,1.3431734724584814,0.3147127010773568,False,-0.4879750517590502,0.36467249807523394,-0.4897687621721719,0.38936358613528754,-0.051594437499464074,0.19826686521349568,-0.35612859644235406,0.3257623152332364,0.298285716459674,0.7799202855962456,True,3.9069989514875636,2.8496783417267557,4.570906700032299,3.3452974211333024,1.7327351541057978,1.1820332999454153,3.40859284595457,-0.5330737055976335,0.08231057334083935,-0.03773176740733997,-0.16519396230495895,3.930057246750427,,,-0.09943746118397148,,-0.43327110685717346,,-0.4181716186107193,0.7898993970934568,0.4298015778103094,-0.1652456382113807,0.8647387429848061,1.2906064053163226,-0.15195865143291015,0.2875079769642397,-0.6371778736308008,-0.681137883625584,train
2018,miami,1.024348094621499,-0.9417177034728663,1.3835696334552094,0.3011648645299867,False,-0.6883746138531007,0.7394365564141732,-0.6570897538879605,0.7079061342814261,-0.14483905436807584,0.4357388133487899,-0.5145433198359473,0.6351093803080156,2.0052545021113963,1.219290498810662,True,0.29612376225348985,0.6639685820638674,0.049520869345935054,0.44077541960549815,1.1093427537306857,-1.551423260441999,-0.6445132331037077,0.39580049146854096,-0.16072806157963337,1.9046456199581345,0.38363567194714127,-3.7161274446744876,-1.8499061489731077,-2.902068004431445,-0.3129257415344779,,4.69191021082192,1.0774805940454317,-0.34832216383030956,0.34100189338115316,-0.7796052139149316,-0.5326449799498855,0.9687912068936936,1.3717587334095427,-0.5766878014006706,0.3686364573254582,-0.44420626273633723,-0.7075516819870844,train
2019,miami,1.0772017333496038,-1.2899288510182976,1.4415950417697108,0.39161659677272265,False,-1.3965182917385648,0.15948635936396605,-1.470879508980073,0.2520091046334962,-1.3951151181530712,0.3913806034129755,-1.45236145781907,0.27076500217574023,0.021927671474139376,2.0908625692035945,True,2.7670658071831884,0.7537318943400563,3.146053074973999,1.7503210266989309,1.4173104371670247,1.28118398653002,0.7215709485234282,-1.6949687318857516,-0.9917248060573333,-2.147636689029993,0.7627005172363214,2.01734381371554,2.605841804900807,1.1351315553569812,-1.1068414463397271,,0.5792560370637658,-1.956526706964527,-0.5074542041242041,-0.5156004724206981,-0.2984341063416426,-0.13086302885848572,1.0578980876897104,1.4124872485101454,-1.1429933346910182,0.3545774953872246,-0.42615877647485295,-0.6629296906610486,val
2021,miami,1.24525361139806,0.10291573916342682,1.3175858792086843,0.7601974440173516,False,-0.7799917289252024,0.3058717949312813,-0.7637174628207123,0.3107334005791267,-0.28259376498029976,0.12929711392572005,-0.6284498457749104,0.2561165374339267,1.1170920728199962,1.2010862085985607,True,1.5574669602529323,0.22100016016756846,1.7296139876912195,0.9204576522405999,0.9631885745320244,1.2816481470984469,-0.7193583913024723,-1.7850311193006856,0.5280177230444076,0.7229420893181077,-0.21081157849342774,1.0590229186535653,2.7178042456181224,-0.028473055358523514,0.5454389299208479,,0.3593749960566074,-2.111251772545173,-1.1116538064830461,1.9715885392313335,-5.361040124939259,0.8666330983011287,1.1113937256494948,1.4709900532431803,-1.4969342929974854,0.4484417412689606,0.530069959035248,-0.32702274133555903,test
2022,miami,1.4198696959149175,-1.4988555395455563,1.4983108488548915,0.31455331476503484,False,-0.5415754271799736,0.3208661331374477,-0.5101078278703111,0.3402099291808523,-0.11908106120300853,0.15383243489989323,-0.40416788786268976,0.27951111829654013,0.7725226083036442,0.7199228126352999,True,5.004364878496373,0.9584319994699727,5.530158603155073,3.053259593735192,1.7327351541057978,1.2820823618237496,6.1644199613356365,-2.073175141007314,0.24730158049607542,-0.34813112797314566,-0.42372302943460805,2.9374002267344452,0.33862934916776494,5.245714761829458,0.07303004152286574,,2.015879596709485,1.1880483557326538,-0.6218765096217856,1.8757531798828377,3.273288737623089,-1.812086774948682,1.2814868856074986,1.3459606216001838,-0.08117045977161697,0.8309282057650214,0.5620668609499171,-0.7411512829547959,test
2023,miami,1.5592916662713407,-1.707782228072815,1.596430202497816,0.4419826714664752,False,-1.0764427378527464,-0.07618768060005296,-1.0698469212553916,-0.02558682544378437,-0.6417128074028128,-0.17039526172632635,-0.955354715786639,-0.08217936226131264,1.656643390827189,1.5116927426936817,True,1.0115955034514141,1.3991959751765637,0.6497545202789625,1.3182106662020703,1.7327351541057978,-0.2656086483701894,-0.2501914197151251,0.6010862087691805,-0.5795000788388522,1.0010832084959167,0.692709642654847,-4.076148019740986,-0.9006765664694066,-4.661347104633447,-0.6890080428987917,,5.941769683480699,1.1885303135094356,-0.3965789817208881,0.9820428345164773,0.7293407620374109,0.007954835220353848,1.4582239857213224,1.5281724821749485,-1.7092988679813659,0.3684710577732437,0.7222964979154598,-0.6862853728866914,test
2013,minneapolis,0.17007414063680074,-0.10601094936383175,0.20613738974011747,-0.2981276698007398,False,0.5681689743825137,-0.4956383210736205,0.6051575371090051,-0.4883671898350376,0.8582814948830171,-0.7175876900348184,0.688630868333608,-0.5616186077684249,-0.49678819434249144,-1.2957522222782503,False,-0.592866410015042,-0.596402078210631,-0.5479079356619196,-0.5965539257498462,-0.6773178556527596,,,,,,,,,,,,,,,,,,,,,,0.18622625460105513,-0.6918602139036598,train
2014,minneapolis,0.23144930044016201,-0.6631487854365214,0.23928037469753247,-0.3468998813712723,False,-1.3889232037772696,-1.1635928339863897,-1.4392431251129942,-1.004840749580921,-1.2449173301937144,-0.8597675800827133,-1.3895954506815835,-1.0068635827464247,0.001135650424496988,1.3274493219756012,False,-0.592866410015042,-0.596402078210631,-0.5479079356619196,-0.5965539257498462,-0.6773178556527596,,,,-2.2076233613805414,0.5770036275137163,2.298976089598815,-0.31207100594893644,,,-1.44867165711821,,-0.43327110685717346,,0.701168070944673,0.4030368107493957,-0.3956647892665187,-0.787218313798483,0.19324749294195162,0.22536783580231126,-0.29353503475549714,-0.2673248209393434,0.3667158989694896,-0.7726560890028058,train
2015,minneapolis,0.26786477345363574,-1.0113599329819527,0.26335688960580633,-0.32681720601870007,False,0.9965807922371228,-0.32743681673161923,1.0225398395042773,-0.3052500252557395,1.302803285659945,-0.5074896662831523,1.1280969288938112,-0.3717483101107009,-0.669405019343121,-1.295843910553128,False,-0.592866410015042,-0.596402078210631,-0.5479079356619196,-0.5965539257498462,-0.6773178556527596,,,,2.6925264261647577,-0.7060773430266672,-2.302488938465944,-0.31207100594893644,,,4.466589771311178,,-0.43327110685717346,,-1.3864686540564362,-0.4952031046802249,-0.8362734527168908,-0.3477210367272089,0.2553681606495212,0.25878350031128444,-0.8598405680458445,-0.3179370839169843,0.44863860734053856,-0.7627047559117867,train
2016,minneapolis,0.29540167079143975,-1.0113599329819527,0.3086892398515106,-0.12862032664629094,False,0.8696284811227095,-0.11539905827987797,0.8963296177221788,-0.0932606278133751,1.1560359392870927,-0.2413135711318318,0.9920705963917769,-0.14193775677079773,-0.6087343884329002,-1.2960106165074514,False,-0.592866410015042,-0.596402078210631,-0.5479079356619196,-0.5965539257498462,-0.6773178556527596,,,,-0.13685765044629525,0.09685958289059028,-0.001862426907079216,-0.31207100594893644,,,-0.23971162711704286,,-0.43327110685717346,,1.1426240755302524,-0.8066175640606283,0.1057836745995484,0.8033297163322105,0.2922259628244018,0.28305810158072064,-1.2137815263523117,-0.2970967403379557,0.37569879783546334,-0.5560384836577436,train
2017,minneapolis,0.32797419859319915,-1.2899288510182976,0.34646619838959747,-0.05370875985495014,False,1.5122379375977992,0.5603205858376996,1.531047884009192,0.5161589970030919,1.770719482986285,0.1896332767974487,1.6370973655557184,0.43024363992722514,-0.6584287331362232,-1.2914345380612775,True,0.3400574547679471,0.26962897075644054,0.37768595144093975,0.26898836872246934,0.7223323251629982,-0.6275865135961202,-0.7232690438599012,-0.22929849952516923,0.695897983669649,-0.02433126053035265,0.0022972563639526333,0.5674181268307772,,,0.19675431884476455,,-0.43327110685717346,,1.0059818028864214,-0.661251461765834,-0.2741196481996404,-0.08061931063352723,0.3200973436028759,0.32876341777840423,-1.2137815263523117,-0.09142239715920907,0.36848226515423566,-0.495203862397383,train
2018,minneapolis,0.38177201803329563,-1.5684977690546424,0.36631169394160584,0.19381818318111851,False,0.30621486252182745,0.8685608060061927,0.32650067957060946,0.8355450336590671,0.5754220343072567,0.7255353985829355,0.4083137494375206,0.8065425636249766,-0.3429505159895228,-0.5288131441163199,True,0.7647402715219093,1.378241379297142,0.4702453266430099,1.1133876513385992,1.086972227824797,-0.5876312724075038,-0.4209658593315328,1.3354617710543104,-1.3019510131274978,0.3766616316328003,0.6671447702492259,0.08828741161632801,0.37026673941220917,0.34263378971196234,-0.7479595270007544,,0.6292948986746307,-0.9311116791601615,1.6539293144709932,-0.020519234056020026,-1.078484999445915,0.7589705918744031,0.35306552132251834,0.3668511812764738,-1.4969342929974854,-0.013684607618388073,0.5572073761249021,-0.2264919703146025,train
2019,minneapolis,0.4112648645683925,-1.3595710805273837,0.38585497382530953,0.5291669843066101,False,-0.08587335424615945,-0.5797833394866286,-0.059455051979331576,-0.5494738970241165,0.053619358824959634,-0.5803345435751431,-0.032991806568525885,-0.5615657420245,-0.3165169888957388,-1.2967941344927707,True,2.6352302847977196,0.6662036625286019,2.952519786794341,1.637998863719615,1.480693713609004,1.281835308617974,0.30179510122901804,-1.740067213542202,-0.46234511449867843,0.059264109646131255,-0.6752778648585199,1.4512836489689382,1.8348279969186139,0.655867292625007,-0.4652754176771207,,1.1129930237314065,-0.886763254079393,0.4195816495335136,-0.8032656989135719,-1.099936387229937,0.9122737254320754,0.40751680870877194,0.38685995303412646,-1.780087059642659,0.24318089697075024,0.6174290632634742,0.13647106505893447,val
2021,minneapolis,0.4498656755855431,-0.9417177034728663,0.3396159765746911,0.8210830153243562,False,0.40017919404943336,-1.340943451697845,0.3606372904713165,-1.2755979991124051,0.6746483451704784,-1.4136107488374123,0.48574700631746853,-1.3373373999576346,-0.7796417106172553,-1.2842161702390797,True,-0.1049068582161641,-0.09381982696376193,-0.1636462389983146,-0.11290738634686157,0.1518835554369525,-2.0786497744886776,-0.7240344740757682,-0.06611896760029841,0.7424718278150745,-0.2905332122964979,-0.9313505988087899,-0.9585329204119912,-0.9913036957129161,0.11477953664960364,0.42844816309120154,,0.903528096183791,-0.6982014287219271,-0.19446203419795802,-0.5471533417423994,-3.885885248465393,0.5042166812049114,0.43736789708437823,0.40656402268379455,-1.567722484658779,0.591181554830085,1.0491766136630585,0.5221020328101832,test
2022,minneapolis,0.49254359955425847,-1.8470666870909875,0.38907860762055946,0.6336447120336822,False,-0.5143021262297579,0.24564776185200954,-0.48090994234671025,0.22940364917167466,-0.018505115875150514,-0.03539425039028962,-0.3515637600162683,0.1542166991369424,0.6067123655164173,0.2570804010521666,True,1.9619852280514674,0.3461332801563169,2.1194854099757094,1.1953168063710153,0.9848134114527051,1.2820823618237496,-0.5599819034459731,-1.8430376216973883,-0.884564255983741,1.552581327426503,1.3500858097861754,1.6364364737301473,3.0286165837233257,0.23963956165893094,-0.7187018178863621,,0.12249689457200101,-2.5417231633797477,0.4973655315486477,-0.45211469800895815,0.2047529967631882,-1.0242751783849868,0.47643758198820113,0.35994460016215724,-1.1429933346910182,0.8941108347109652,1.0234578409555741,0.25115474063487075,test
2023,minneapolis,0.5161720120213812,-1.6381399985637286,0.40801745616765384,0.22784716086186588,False,-1.010918544189396,-0.09913859204911152,-0.9869517428599608,-0.05584736462831325,-0.4972310855953397,-0.21141114287087412,-0.8565408078260632,-0.1143087042786013,1.4614918658799483,1.2178734981989143,True,1.6448601933702096,0.4272277503912103,1.7492479091674291,1.0195656078231419,1.1384244805034471,1.2820823618237496,-0.5589242180567753,-1.6319192693487918,-0.5302313995912562,0.9688637954778291,0.8409522742365408,-0.6110321883809389,0.33828175139656247,0.1182112952046221,-0.633093588224179,,2.4766110413695674,1.1885303135094356,-0.34373665739170606,-1.021180308964037,-1.1348878645328278,-1.7741893384444427,0.5196339034609853,0.40981417850229634,-2.063239826287833,0.6996009613066982,1.0513747696273315,-0.2225962825128975,test
2013,nashville,-0.6940423681742053,0.7993380342542892,-0.7522892330101719,-0.38929664044892476,False,-1.568992335810487,-1.3215616478896244,-1.574274312192797,-1.211906564223461,-1.1591420346133376,-1.224131921319486,-1.4710523158452846,-1.2437283622545483,2.109512161338748,2.1074164704678955,False,-0.592866410015042,-0.596402078210631,-0.5479079356619196,-0.5965539257498462,-0.6773178556527596,,,,,,,,,,,,,,,,,,,,,,-0.06252406869994429,0.3928337025236246,train
2014,nashville,-0.6599323892058477,0.1725579686725134,-0.7364732797022263,-0.058490349224610196,False,-1.016230562262491,-0.6825493120268561,-1.034331308623332,-0.5943786338802923,-0.734053844108725,-0.6603581132211,-0.952297703881144,-0.6371687818055903,0.39867880777852677,0.6680772608407622,False,-0.592866410015042,-0.596402078210631,-0.5479079356619196,-0.5965539257498462,-0.6773178556527596,,,,0.5612671242366392,-1.8484139135970707,-1.2640960184296788,-0.31207100594893644,,,0.8688105934163535,,-0.43327110685717346,,-1.468294363635453,0.8352325522169112,-0.38408762246637107,1.8167510557333875,-0.6813652115537497,-0.740944115986047,0.6267114568413173,-0.3619333648060447,0.1808191440231026,1.2038167814523406,train
2015,nashville,-0.6084264097152495,-0.3149376378910903,-0.7076620526571787,0.2005921014548036,False,-1.1107463164975913,-0.8613073692277815,-1.09759407501919,-0.7755290006693507,-0.8057571009886293,-0.7403505610991093,-1.0307937779138943,-0.7844629824643206,0.7272433902276206,1.2166232035414897,False,-0.592866410015042,-0.596402078210631,-0.5479079356619196,-0.5965539257498462,-0.6773178556527596,,,,-0.0755191233086982,0.39103165835092335,0.4793888028504369,-0.31207100594893644,,,-0.2680426771660678,,-0.43327110685717346,,-0.9471907815610872,1.956002966342042,0.8380387636141482,0.8220194590028622,-0.6468409076530456,-0.724998039001522,-0.010382268110323152,-0.018646594184823454,0.48052902370403794,1.751821207851932,train
2016,nashville,-0.5776712420402592,-0.8024332444546941,-0.6722020809094278,0.35129185975525623,False,-0.5403038675057741,-0.9747375334803619,-0.5462722369965802,-0.8853589276301493,-0.37749518679163546,-0.9214971409121949,-0.5008718508799869,-0.9182749292463391,-0.21805031151369825,-0.5630462118366039,False,-0.592866410015042,-0.596402078210631,-0.5479079356619196,-0.5965539257498462,-0.6773178556527596,,,,0.5731736700559439,-1.007781316522294,-1.5625843628167269,-0.31207100594893644,,,0.5604221200031859,,-0.43327110685717346,,-1.0260422932659476,0.3497220384296147,1.3692436943915074,0.14236942070921788,-0.5947092985926465,-0.6959497713736609,-0.5058996097393773,0.25021037793986706,0.46447867645787055,1.9767171124095362,train
2017,nashville,-0.5381282984254596,-1.3595710805273837,-0.629085978897958,0.3870740868715456,False,-1.0085269782135478,-0.991672019455884,-1.0270450648188925,-0.8805479868736759,-0.7102286415443589,-0.8970303996422417,-0.9392710348020308,-0.9152915515073148,0.21720414393540124,0.49168569057130773,True,1.2863619476782269,0.773825253622493,1.3173039330875052,1.101494762855558,0.873706327258116,1.061111985409434,-0.47653609300346794,-0.8069534063053494,-0.45924635242651207,0.5081869027703063,0.9233417829615478,1.4595214904946545,,,-0.6027669572583636,,-0.43327110685717346,,-0.49372082945945617,0.8388670948411752,1.9312209816851396,-0.34661857125569673,-0.5635805559946676,-0.6601980573701395,-1.0014169513684315,0.40659565455868885,0.4691555592048682,1.8899858314473454,train
2018,nashville,-0.5106412385366618,-1.5684977690546424,-0.5914097589159727,0.26976576100255234,False,-0.49818577932170793,-0.04895088889918832,-0.4881126265827756,-0.012066486079559244,-0.19314656820627768,-0.097387507636813,-0.4056584869994681,-0.04412105260406233,0.20453993072036886,0.42972108734934744,True,0.09414165543240202,0.13305117692534474,0.029887015410804567,0.070772584839816,0.8073404385256581,-1.6909858623228662,-0.7211397561684897,-0.21093085625944288,0.5771085948797843,0.016331212705437533,-0.05606258819254518,-1.4360049414942162,-1.8648288808747304,-0.06480200392887,0.5208171627793515,,1.7071009480271913,0.9432636628285364,-0.9341051264882172,-0.01084370210022125,1.2959111329636979,-0.9106986722673631,-0.5235572946566238,-0.616727223297676,-1.567722484658779,0.44372785403084697,0.4011694670263651,1.491777882324921,train
2019,nashville,-0.4777963115273212,-1.6381399985637286,-0.5525246762607685,0.5521186132809783,False,-0.7794060878232235,-0.7699980298006315,-0.7860420630245024,-0.6775620835121174,-0.49825773442311794,-0.7116779085668146,-0.7066522105562874,-0.7113760914882713,0.04997685098636205,-0.027219933450741963,True,2.325180942617708,0.2993580311468808,2.666427123412612,1.3142463276135796,1.0086753153290098,1.2820823618237496,-0.5474288479057564,-1.9892050610861958,-0.3127452105280054,-0.13948672879556107,-0.40247867163914486,1.7911818766863512,2.718283690819781,0.24683484998878838,-0.4518642100975283,,0.34920583839754893,-2.1114345841156763,-0.3980763304320083,0.25709135964259994,1.2768132116723252,0.6338002584359714,-0.4957363566895252,-0.5787410271689346,-1.780087059642659,0.3219937836009656,0.3798405590844351,1.9694782609671029,val
2021,nashville,-0.3762972263406101,-0.8024332444546941,-0.5557483100560185,1.3083269720927155,False,-1.1478783400762655,-0.5092250306183422,-1.1337022400601828,-0.44885133617709366,-0.7511372226882893,-0.5023866281291933,-1.0382733248263374,-0.4787482035205442,1.043248231795833,1.4806354234032562,True,1.033782753871439,1.0720568747971855,0.7086558794611173,1.2124954796387104,1.6857570353383962,0.22575771853512275,-0.6386681296370879,0.03493817575931611,-0.19332811478158185,0.533539756451313,0.8200734422118187,-0.19610193652584565,0.6369401536397212,0.14566536364476979,-0.3956206679693437,,1.2793130169281264,-0.3980414491889469,-0.8437091730460016,4.1257409007258765,-2.1897215752452164,2.0383560612040457,-0.46249247100085805,-0.5395360226082548,-1.8508752513039526,0.6149990903489749,1.404091890791008,3.5963935995161185,test
2022,nashville,-0.311902463291306,-1.4988555395455563,-0.5104159598103143,0.9993566056565152,False,-0.9965586036931061,-0.5195059599105786,-0.9922621308732328,-0.45074602841886824,-0.6585389112164662,-0.5001518242895016,-0.9062349429664068,-0.48167946010358637,0.7173901466722638,1.1297860719344972,True,4.630750302776049,1.0345468025202034,5.064556340890919,2.8920439214978253,1.7319894651205896,1.2820823618237496,5.478232648180506,-1.962325460052633,0.14895185561219915,-0.32758432100314244,-0.30943043143933224,3.0788743751714827,1.183891239691807,4.674404721298529,0.015885436048135984,,1.419422526266428,0.016059996468728042,-1.0335557082765825,1.643862342122599,1.6830377546286324,-1.206541149531955,-0.35976050315414176,-0.5427861784267568,-1.0014169513684315,1.3997372658307305,1.584602242291141,2.7386172321271864,test
2023,nashville,-0.2589757751516443,-1.6381399985637286,-0.4935926209413529,0.6203359549547951,False,-1.0466591920237571,0.0717548294884759,-1.028076815782832,0.1155572235505624,-0.7487355460423564,0.005474408019655368,-0.9657561047137698,0.07316550937982634,1.6902084300579325,1.6036977588846957,True,0.7791831222930509,1.4072990228315583,0.36366178935615484,1.0711016276262275,1.7327351541057978,-0.6746988112914478,-0.357852658805055,0.976959927483539,-0.05528814915494635,1.0984811817120814,0.41393044782615,-3.9430334105753393,-1.2281616114622864,-4.230355554385358,-0.24107815443179909,,5.516236408668449,1.1885303135094356,-0.9009194440937995,0.8920001658370419,-0.6463539845691008,-1.4930277599121655,-0.29458355387515306,-0.4970808622290733,-1.7092988679813659,1.0791102338628977,1.9168976825053392,1.9045959161714614,test
2013,new_orleans,-1.0050027898951663,1.1475491817997203,-1.1718653191731903,-1.0485981213688849,False,-0.016104012090018,0.5598181450737167,-0.06456369256625896,0.5577708528096926,-0.16184257753328604,0.6048701544393704,-0.08079828101784409,0.5494508665090582,-0.26787795452965846,0.14230335150059364,False,-0.592866410015042,-0.596402078210631,-0.5479079356619196,-0.5965539257498462,-0.6773178556527596,,,,,,,,,,,,,,,,,,,,,,1.0693421979729572,-0.8182572058500227,train
2014,new_orleans,-1.0023716456695584,1.0082647227815482,-1.1622951563435415,-1.0187131878085096,False,0.7732378483305944,0.6618688583787712,0.6893885931857008,0.6746515677545393,0.4880987465314698,0.8319871263111167,0.6682649788764206,0.6910603243730005,-0.556680506363289,-0.6517254442388686,False,-0.592866410015042,-0.596402078210631,-0.5479079356619196,-0.5965539257498462,-0.6773178556527596,,,,0.8068212661257742,-0.2868939542644631,-0.6981232255298284,-0.31207100594893644,,,0.44704310436202505,,-0.43327110685717346,,-0.0717451266100698,-1.3560011787251325,-0.10770970212387249,0.3832240625123693,-0.996102787632136,-1.1639722092379403,0.9806524151477846,-1.0461086125413768,0.9176686492807832,-0.6913725833311576,train
2015,new_orleans,-1.004184909567642,0.7993380342542892,-1.156150104421346,-1.058240993264366,False,-0.5819380393617972,1.2462483280373728,-0.5887312518578197,1.2836089118212022,-0.5102503024940127,1.2503020772535878,-0.5736327498297976,1.2525287758998378,0.25705177897182424,1.1657862227706077,False,-0.592866410015042,-0.596402078210631,-0.5479079356619196,-0.5965539257498462,-0.6773178556527596,,,,-1.3159332265273431,0.9237901968862459,1.592341669602438,-0.31207100594893644,,,-0.9375614149395501,,-0.43327110685717346,,0.6807099628074013,-1.9236693214913019,-0.7858893037018783,-1.4801148136429099,-0.993439683590479,-1.1543233091517626,0.8390760318251982,-1.0150961965011556,0.7442539056313209,-0.9023117815063958,train
2016,new_orleans,-1.0051017820883976,0.381484657199772,-1.1503072681674553,-1.0191116535893145,False,0.6094781231803512,1.0913864746415387,0.5216065720366821,1.018395188098237,0.4984692584591922,0.8976484659439519,0.5566791619718412,0.9714654422657886,-0.41595623732162107,-0.1284687948089814,False,-0.592866410015042,-0.596402078210631,-0.5479079356619196,-0.5965539257498462,-0.6773178556527596,,,,1.2133070251577514,-0.7087867153145188,-1.1368491871193442,-0.31207100594893644,,,1.00364588787228,,-0.43327110685717346,,-0.5668111966643617,-1.81008640699478,-0.8569415725487387,0.7053220480000901,-0.995274972727646,-1.1481276996227434,0.6267114568413173,-1.0561152854503548,0.6016831103677537,-0.7240747616900668,train
2017,new_orleans,-0.978984227990095,-0.10601094936383175,-1.1510124380601663,-1.0207055167125345,False,-0.053423358118257325,1.2518436566959146,-0.17270612031567611,1.3327757454240878,-0.3470570203741383,1.4882360066029074,-0.1915950217416705,1.3518132490484291,-1.069405049784128,0.4292042988909453,True,2.292762166934364,2.3853125365156838,1.8558312438310474,2.584148739745752,1.7327351541057978,1.2374855149508643,0.6570382228693427,-0.07825061237193727,-0.7896338144282687,-0.6873089195216417,0.48739381722966335,2.40827850001631,,,-0.6482455021698131,,-0.43327110685717346,,0.5686188747349348,1.6521152925779752,-2.061612997787557,-0.5210649045832156,-0.9962029822574708,-1.1422367922017087,0.20198230687355703,-1.0155096953816918,1.2014127259435206,-0.7300868222498185,train
2018,new_orleans,-0.9815477844423933,-0.24529540838200434,-1.1498035753869476,-0.9491410624799558,False,0.9918720930468431,0.36643539170458517,0.8463966995367923,0.4851442777037795,0.7129622379068639,0.6629866084606515,0.8728421948655497,0.4794307471216048,-1.1824889528345257,-0.9184716417515365,True,1.6145891117134608,1.7014957528986299,1.5416903913619064,1.6895347562402698,1.7327351541057978,0.4278697002419014,0.22802154533246702,0.22013823846235187,1.1430716935883454,-0.09393879677503324,-1.1837022804129174,-0.9514005962039168,-0.3098322722054796,-0.20218639248642178,0.7481618446263193,,2.853353821717023,1.1390299259872063,-0.18304356548995737,-2.002324617092706,-1.713102439710395,1.3439803790862537,-0.969768185107073,-1.142947763787006,-0.29353503475549714,-1.017163690903837,1.1177079258915739,-0.38491384596706224,train
2019,new_orleans,-0.9737710942831044,-0.4542220969092629,-1.1469828958161037,-0.9362307711818736,False,0.5302190174589396,0.9118577308169435,0.482725885461259,0.8818086123866982,0.4313800184633406,0.7750782714293621,0.49338761605434805,0.8321392633278382,-0.010308297975190396,-0.21872339847960104,True,3.2440305715027957,1.852580802343196,3.2077594151634847,2.692506818701439,1.7327351541057978,1.2820748753629685,1.4530578135448613,-1.1158404692633388,-0.39639985466330924,1.3173993105022805,0.6120015524752483,1.224041543512735,1.0220904702620843,1.0300533893294521,-0.38725801883968375,,2.080939628504164,0.24039472232698247,0.8862135238438968,-0.7489412956156541,-1.4207917957301375,-0.22802520866858236,-0.972362880404536,-1.1417289553550678,-0.4351114180780841,-0.9428992919595208,1.2296940656794555,-0.3315169573389856,val
2021,new_orleans,-0.9826421602061842,1.3564758703269795,-1.1763985541977606,-0.8361361670436566,False,0.04609820607977717,1.802792276696162,0.010092318813197259,1.7762072996198557,0.17467615750905552,1.795181617765681,0.07709858370317488,1.7904161272844394,-0.41880249696707983,0.6790215067420851,True,1.9664164376845064,1.533534412900245,2.00729211329743,1.5547482624910354,1.7327351541057978,1.2315262921691257,0.030095208422308853,-0.5224068345228641,-1.16500421215033,0.03144807165703667,1.2891819058653207,0.46888026963096596,1.292419654152243,0.3347956946437027,-0.7533747786247295,,1.5381417889197633,-0.19053369743385082,1.1921884559932385,-2.7514563784436787,-7.246223661755173,1.3994715184216515,-0.964491728837718,-1.1388850690138785,-0.6474759930619643,-0.9295019282301452,1.7030745176248379,0.2891300215948624,test
2022,new_orleans,-0.9896808464973149,-0.7327910149456077,-1.1613885093386274,-0.9826918812237372,False,0.031870176977331216,0.3970927910463907,0.08876155538259446,0.4317607335877354,0.015086726850371072,0.4953291719371258,0.04641436019494542,0.4324900617500583,-0.008592645616838847,-0.3489040782106444,True,6.115412321258465,1.582698665510898,7.196227356792336,3.674335742023992,1.7327351541057978,1.2820823618237496,6.285344018529587,-1.9428912976228796,-0.024542323118188856,0.48068563547956455,-0.9032635985850564,3.599284388952307,0.3787529194815657,4.777471524305896,-0.18964825852400125,,2.481658026334999,1.132415470981718,0.08686671009803884,-2.5493732680504557,0.9596297029544135,-2.5789837689327464,-0.9734705492625474,-1.1685427408577085,1.1930169901316654,-0.8256310094394312,1.1887786902645612,-0.5140287471826971,test
2023,new_orleans,-0.983621158862002,-0.7327910149456077,-1.1617914635630338,-1.0122580421594685,False,-0.2259119786059569,0.9202459945053963,-0.31852197632060975,0.9932153449454036,-0.4485393302236344,1.2160334699432525,-0.3355274762660991,1.0359795199646786,-0.9005132181776807,0.31810311563220045,True,1.2094920726782692,1.6371553180279559,1.115356242214486,1.4173184945021815,1.7327351541057978,-0.01249889582270335,-0.152452939605433,0.7759305691815896,-0.3990517586337136,-0.9491727361693512,0.5832858479258405,-4.93699669151267,-0.6980570311834783,-4.678619943765352,-0.4627431399177987,,7.207211899911357,1.1885303135094356,0.056043545513982794,-0.9438449331056756,-2.0084296007235536,-1.1301070890935778,-0.980594732622559,-1.1534092028278091,-0.930628759707138,-0.9777158977006757,1.3368107553070678,-0.6604614492226164,test
2013,oklahoma_city,-0.9855463863441541,-0.3149376378910903,-0.9921477350879983,-0.6589782808977517,False,-1.408500622401772,-1.2131511619775135,-1.3437139980784545,-1.1957055089355892,-1.0565890830648361,-1.5143035518110846,-1.3021931949229402,-1.3344869311663647,2.348003422648287,1.4732836908175997,False,-0.592866410015042,-0.596402078210631,-0.5479079356619196,-0.5965539257498462,-0.6773178556527596,,,,,,,,,,,,,,,,,,,,,,-1.5003770761244641,0.289894947407579,train
2014,oklahoma_city,-0.9599879674614128,-0.7327910149456077,-0.98711080728292,-0.6248696100608433,False,-0.9911214972292971,-0.21624134101252174,-0.996306435490793,-0.21545647332693224,-1.0479153594741935,-0.2536094648395416,-1.0335462187017905,-0.24451498394856508,0.6059730228439657,1.2977756621060588,False,-0.592866410015042,-0.596402078210631,-0.5479079356619196,-0.5965539257498462,-0.6773178556527596,,,,0.2946033822245546,-1.8826711254121984,-0.1556464291732057,-0.31207100594893644,,,0.29019098929663556,,-0.43327110685717346,,-1.298670632589675,1.4372428502989456,-1.2498543420551418,-0.1370025171497248,-0.9764100522706453,-0.9827760223564571,-0.5058996097393773,-0.6417894071530003,-1.1371137540529703,0.3953814894507326,train
2015,oklahoma_city,-0.9408182999183811,-0.8024332444546941,-0.9737125793214119,-0.778597708295414,False,-0.4055705415947772,-1.1469064470552817,-0.3261208426028657,-1.1000311455997323,-0.23020482643578827,-1.2982160785926264,-0.32997410029766294,-1.2071047804892012,0.09766808717980899,-1.1861430573106988,False,-0.592866410015042,-0.596402078210631,-0.5479079356619196,-0.5965539257498462,-0.6773178556527596,,,,0.7583187964505711,-0.5279276597624643,-2.18024981021476,-0.31207100594893644,,,0.8003888260497081,,-0.43327110685717346,,-1.0288071973669246,0.5277862846520204,-0.12986338868422442,-1.946165223949711,-0.9505411820040348,-0.9776976538900478,-0.930628759707138,-0.6063939029790946,-0.9898582301830344,-0.19469075149958853,train
2016,oklahoma_city,-0.9394255821653348,-0.6631487854365214,-0.9641424164917632,-0.7199435453609173,False,-0.34407440087008634,-0.5038735446347908,-0.3084044934472069,-0.4777184447879848,-0.24550989064855558,-0.5864580775451588,-0.30722013629232914,-0.5400313279894945,0.037135838436612986,-0.3606651832881512,False,-0.592866410015042,-0.596402078210631,-0.5479079356619196,-0.5965539257498462,-0.6773178556527596,,,,0.03243325464207376,-0.03623227101131056,0.7222733669923739,-0.31207100594893644,,,-0.1452814322859832,,-0.43327110685717346,,-0.3220492376451427,-1.5378623369255455,-0.6720677137645008,0.25808711341546464,-0.9311386655573067,-0.9641891937693993,-1.0014169513684315,-0.7659217710899922,-1.0848206632064323,-0.015603669936353587,train
2017,oklahoma_city,-0.9243125464304403,-0.9417177034728663,-0.9561840705597395,-0.8252182046495994,False,-0.813061584549568,-0.3641452600182748,-0.8154121221246372,-0.38359361870810255,-0.6571974070799301,-0.5013344514715132,-0.7807374891748786,-0.44696230269178117,0.9218114074891364,0.8119611700171785,True,-0.2379654478100893,-0.1565943429416744,-0.22815732380135434,-0.2133367244843518,0.03257396423025151,-2.3620422608956266,-0.7240344740757682,0.6415741671114171,-0.4966892010616661,1.001692414876761,1.0267417129887437,0.022502426305287128,,,-0.5948893509966496,,-0.43327110685717346,,-0.2991922415315539,-0.015180500524741904,-0.8999210864069727,-1.6619003003511263,-0.9297290308284586,-0.9545402936832216,-0.8598405680458445,-0.7050547358750514,-0.9415189853929087,-0.3997584651550258,train
2018,oklahoma_city,-0.9064823456675438,-1.3595710805273837,-0.9427858425982314,-0.8004336330835282,False,-1.6009944431344485,-0.8156976278581244,-1.6607320103070542,-0.623794586500947,-1.522048027940832,-0.36446054332185895,-1.6309427718819838,-0.6024438062203877,-0.006240026485387447,1.7543999415929339,True,-0.15727060463417808,-0.030254645985627677,-0.19449937532251782,-0.11687169311474448,0.6298674655986111,-2.159623334296824,-0.7238953049456105,0.4601743055615822,-0.898312336794404,-0.9888477285653261,0.82485451929311,-0.2359980911874668,0.5003222434271144,0.11752701706374229,-1.155912354350461,,-0.029051950284058624,-2.856275399281454,-0.7748537259224145,0.22757824505807078,-0.21456073846700996,-0.13482075356015166,-0.9144324210282088,-0.9465164715062948,-1.1429933346910182,-0.8143011401127371,-0.8256529520380803,-0.34590544174260757,train
2019,oklahoma_city,-0.897603769991874,-1.4292133100364701,-0.9329134641002781,-0.7345273929383804,False,-0.48199520640991206,-0.19977429898572016,-0.40648729552757806,-0.24417808977784938,-0.44671301350873877,-0.28594814982133726,-0.4554361158791823,-0.2613456498031622,0.5241308637746113,0.008388458392709,True,4.2962494053696005,1.2146646873746245,4.784073369359535,2.7797217585185092,1.7327351541057978,1.2820823618237496,4.500235502910892,-1.7802309438859407,1.2614934772513025,0.6126334528994889,-1.5330645015716888,3.886366400651688,3.093437574987563,4.009307104064589,2.6434296773907238,,0.06285651129269447,-2.6315999791327154,-1.6289088188299012,-0.7690227199460753,-0.6921238253918793,0.38912708018411973,-0.8963856415118728,-0.9330080113856462,-1.567722484658779,-0.7885815097433804,-0.8081005514242596,-0.14952151889422172,val
2021,oklahoma_city,-0.9075992506891044,-0.8024332444546941,-0.9253580723926607,-0.6131547161051761,False,-0.26164280545096447,-0.6516798509017581,-0.27316472417792664,-0.6535249485943505,-0.13100435442351513,-0.7561328382485263,-0.2284744587680309,-0.7067888713208802,-0.274837489131939,-0.9342837015190989,True,0.45340625297537396,0.6997928295127086,0.10281260421882314,0.6350269285408763,0.5970574375501628,-1.0523907576968625,-0.7225314474700659,0.605401306106796,-1.0496088393197645,0.13985047299444348,-0.4563571702463588,-0.8859598540184972,-0.14557434611725678,-0.46433749539772634,-0.764039422723345,,1.4517461417458684,-0.7317390422924688,0.776510743335833,-2.715749100950541,-0.9971836784134109,0.9191337146586454,-0.8873992201154663,-0.9230544091914841,-1.6385106763200723,-0.7201887949026793,-1.048064932819091,0.22971543363171268,test
2022,oklahoma_city,-0.911253086676508,-1.4988555395455563,-0.8992667863623552,-0.695398053263329,False,-0.5345030742993768,0.4481001763613508,-0.44016061862834227,0.36067564334152163,-0.21914535273234048,0.1195655048105851,-0.41073635460202784,0.30579376964152477,1.8787852559508313,0.7201395303759202,True,1.3180540167284833,0.17389827085140894,1.5052275294168183,0.7473490915201921,0.7640907646842968,1.2667351172225383,-0.7225314474700659,-1.7091699707890091,-0.1861538196556489,2.3951125435435325,1.449304124996095,0.503052650556551,2.1947894612588406,0.11742333855754838,-0.32526957433145526,,0.7583950152968079,-1.4026242675727603,-0.22008999610684965,-2.0739285290407827,1.264081491707186,-1.2504481339175235,-0.8975161132846158,-0.9154368564918701,-1.0014169513684315,-0.5942370358913279,-1.3895642695598598,-0.10734255022062521,test
2023,oklahoma_city,-0.8797407993994942,-1.3595710805273837,-0.8721681147710343,-0.7202623179855613,False,0.09895125590031126,0.13361860524177022,0.18795568896821374,0.0849939874696851,0.28784720618208476,-0.09228335133550256,0.19344475062590089,0.03120425587443701,0.39726427333847336,-0.26444250645275846,True,2.0014126419786176,1.4374514188324097,1.9904630377463934,1.700106325809578,1.7327351541057978,1.259757735774573,0.3025883652709164,-0.5981890935781734,0.6523485032318033,-1.5966079444702377,-0.8652489184279991,0.3321471423761469,0.33269621479724026,0.8811192151818986,0.4089233352200764,,1.743197050280511,1.1714955989852507,-0.40317719110093697,1.6162134743226766,1.26642642816122,-0.7474886061197432,-0.9012143314555936,-0.8891309078358699,-1.7092988679813659,-0.6795832048340165,-1.2248223596265821,-0.2478845220866262,test
2013,orlando,-0.6560054713060821,1.6350447883633241,-0.5198853840838615,-0.016810828552406745,False,-1.074094797745395,-0.42115109946920415,-1.0729095891417824,-0.35849686164410993,-0.6573835136313749,-0.43144465127141624,-0.9607111518573483,-0.3951495922647978,0.6508968253403966,1.394031680132316,False,-0.592866410015042,-0.596402078210631,-0.5479079356619196,-0.5965539257498462,-0.6773178556527596,,,,,,,,,,,,,,,,,,,,,,-1.5896929797380823,0.6792525097411835,train
2014,orlando,-0.6268498809327523,0.8689802637633758,-0.48442541233611064,0.027179793648465726,False,-1.3855717136262362,-1.0663211722703791,-1.4158260131265628,-0.9664557085726366,-1.0122434892473064,-0.9867073080887347,-1.3040434425191885,-0.998222453525532,0.7898244846998912,2.012694147221412,False,-0.592866410015042,-0.596402078210631,-0.5479079356619196,-0.5965539257498462,-0.6773178556527596,,,,-0.3578864182408971,0.18279296192375105,0.5408848585198919,-0.31207100594893644,,,-0.614496272579259,,-0.43327110685717346,,-0.9556423264281224,0.36215492269602795,0.8028090708953172,-0.2669381065176415,-0.6428662905156269,-0.5066281949459228,1.4761697567768388,0.02460538871927163,-1.5528321812007215,0.6868970221787206,train
2015,orlando,-0.5828789141090027,0.1725579686725134,-0.45017430326157853,0.37456226135426846,False,-1.0956865012863153,-0.41691497144666295,-1.1050105513040684,-0.376860534358916,-0.7853211314984789,-0.4549324545352069,-1.021277356794599,-0.40789805472407425,0.8363601660321227,1.3468372244633977,False,-0.592866410015042,-0.596402078210631,-0.5479079356619196,-0.5965539257498462,-0.6773178556527596,,,,0.3096571192401434,0.08133811467528078,-0.585709429996161,-0.31207100594893644,,,0.3149558140217385,,-0.43327110685717346,,-1.3005292582826187,1.2942536257826596,0.6266178095371249,1.1494899725550878,-0.613356554863575,-0.4708764809424014,0.6974996485026111,0.07025566513047715,-1.3783126828884371,1.2860198090424462,train
2016,orlando,-0.5504511197207952,-0.3149376378910903,-0.37381447773659227,0.5961092354818508,False,-1.485892758047069,-1.0321126366253026,-1.5051809806508154,-0.9338402094955979,-1.102482112205988,-0.9592506408011021,-1.399552380820028,-0.9670394827832917,1.3262769925495042,2.2244273798074,False,-0.592866410015042,-0.596402078210631,-0.5479079356619196,-0.5965539257498462,-0.6773178556527596,,,,-0.39514221815753875,0.568211188702742,0.7679787093658205,-0.31207100594893644,,,-0.6812454949419162,,-0.43327110685717346,,-1.0164827808887629,0.39604055855337633,3.6059984114468993,0.3376219204652845,-0.5688514842846937,-0.4363435753708183,-0.010382268110323152,0.43074398918200774,-1.5731829311833196,1.4948319576119484,train
2017,orlando,-0.5023709528207784,-0.7327910149456077,-0.3321087155105443,0.26227460432341826,False,-0.8435513112024968,-0.8178570259457995,-0.7535954632138838,-0.7445613146846463,-0.1684662333247407,-0.8799139863446968,-0.6100169296425987,-0.8101881235872812,0.8419379404583743,-0.27756226505799997,True,2.8760776755118775,2.9128785425692993,2.9188616356922674,2.9118656144402784,1.7327351541057978,0.7409909224105133,2.193033995505909,0.2115068251334823,0.8499725515430969,-0.5016109263296268,-2.196099007634087,2.958183663922831,,,1.300607059713926,,-0.43327110685717346,,-1.3964706701194114,1.2904584996138517,0.9059310128386335,-1.5663585758150176,-0.5360297980172649,-0.3593555094200536,-0.5058996097393773,0.6606493667601805,-1.4238156190918247,0.7962845583005344,train
2018,orlando,-0.4683906877607927,-1.0810021624910389,-0.29201477018212146,1.0446223183559638,False,-0.9081535724126348,-0.7489679705795407,-0.8880025882920457,-0.6518678020426969,-0.8252744547778125,-0.614937290585659,-0.8942550725303087,-0.6644625835766298,0.282961616652815,0.5936763934262858,True,0.20809076055040737,0.4166207736185654,0.15329949316653846,0.2174522852781684,0.8498444233818112,-1.7418788227126385,-0.7025745942054641,0.09685669399992583,-0.2948804786995001,-0.5835694812010851,0.7624080966197286,-2.8272446301684293,-1.649306276599166,-2.0397531327154463,-0.466118336541473,,3.5177287544540454,0.5879444467045611,-0.6033601274960342,0.3065559870563419,0.7074458071037039,2.6225976610677457,-0.48736561399086564,-0.31730661851818465,-0.930628759707138,0.3142200046468835,-1.3852593327198797,2.0529008397728314,train
2019,orlando,-0.4302821068906745,-1.3595710805273837,-0.2584688310003004,0.6930161133736279,False,-0.8130425628438727,-0.9890977672283691,-0.817988811002685,-0.8809326718048271,-0.5833660089762043,-0.8692373563597255,-0.757362862773199,-0.9041031869347771,0.002608465751962968,-0.13324492040034316,True,3.0681112798752253,0.9645452288007818,3.440560005966931,2.004037423538022,1.6171540796503139,1.2818577680003171,1.5844473893266644,-1.6244796324153274,0.15412698713627013,-0.277615738782128,-0.639266265925123,2.38413718555046,2.758844754880095,1.8212137022445694,0.004977311782563506,,0.4789896825350629,-2.1679233594012417,-0.8888853276675361,0.4704304421721011,0.2091871560258014,-1.4013375800131276,-0.45297259959922076,-0.2768828055255668,-1.284569718013605,1.1260837066918195,-1.280612841864082,1.3691638069061063,val
2021,orlando,-0.3597252504889217,0.03327350965434083,-0.30762924637786404,1.182969637451461,False,-1.2609412911526783,-1.5238686837366462,-1.303648959474069,-1.4000737708259068,-0.8416268834488599,-1.3828891844625983,-1.1657793461430388,-1.42779748217796,0.09990456382339512,0.9163857798052762,True,1.1373633497093316,-0.009827551648723653,1.3313280276312112,0.5517762000298659,0.5344198500933917,1.245847891643329,-0.7240066402497366,-1.9258866843198972,-0.3937559052350305,-0.3046648397296118,0.010302270743179126,0.8681611142187683,2.9446297705227877,0.06239078746982029,-0.6071262826952591,,0.11148454033738879,-2.4654907384798093,-0.7829573295351434,2.1601269423799123,-4.995472429377442,1.0334942090019539,-0.41440112383240724,-0.24306087153928105,-1.567722484658779,0.7612122945066042,-0.4310465852836145,2.3393233559960804,test
2022,orlando,-0.2854401432786465,-1.3595710805273837,-0.1922835996415721,1.0287633802799245,False,-1.412337010979784,-1.0553340639977407,-1.359540309378033,-0.954944808097109,-0.8641004468101541,-0.9922937586142883,-1.2457247661640742,-0.9927593187171613,2.3830194742845863,1.6618948075389501,True,5.627705660675942,0.8958538811448369,6.41087482037301,3.2831899590433395,1.7327351541057978,1.2820823618237496,6.506609018567176,-2.1840340845547646,-0.07706441009515792,2.5373067917764764,0.6521362821026031,3.921079644425646,0.3672881860969054,5.504102334965923,-0.2873403894717763,,1.5373970192821849,1.148311767998677,-1.1616390889574977,2.096885038622348,5.521607645154222,-0.8615759255234762,-0.34298723187568186,-0.2926257477714356,-0.15195865143291015,1.2696505180140165,-0.5798516039654845,1.751720043900415,test
2023,orlando,-0.22863910550734884,-1.4292133100364701,-0.1352655768880864,0.7683261459457736,False,-0.16142198681095554,-1.3175460943892232,-0.12764310109329097,-1.2017507539347603,0.059907332302797045,-1.1776439202160667,-0.08084150905110558,-1.2233737478145972,-0.34088105531825796,-1.2894007254185336,True,1.3127950296290638,1.3972085061065982,1.1237707799900045,1.3882469327514453,1.7327351541057978,0.5243177744845369,-0.14258584827725818,0.026515510663345565,1.2501668526465226,-2.960854385079507,-2.5901650305544752,-4.379838111257295,-0.2683243038718897,-4.836107594673904,1.7187762052282671,,6.651731932286162,1.1885303135094356,-1.241946509426814,1.0172158045037951,1.4529830112111652,-1.1673535539225035,-0.2677998030296235,-0.17633110989066303,-1.567722484658779,1.1096264512464753,-0.5038223872987404,1.2134672869401077,test
2013,philadelphia,1.3240930422017525,1.8439714768905826,1.2187613556730488,-0.36315728522811647,False,2.6821067461193713,-0.21223770534650727,2.809074813393671,-0.22400134683805917,2.8025882041536048,-0.04958782651123991,2.8244156427839417,-0.15412963974297844,-0.6909780497068453,-1.187326669586394,False,-0.592866410015042,-0.596402078210631,-0.5479079356619196,-0.5965539257498462,-0.6773178556527596,,,,,,,,,,,,,,,,,,,,,,1.1500517837278001,-1.169479396233537,train
2014,philadelphia,1.3950957048254364,0.9386224932724617,1.258049392552659,-0.1707780062554604,False,2.2375566650436287,0.13633643899784798,2.4025429951820176,-0.08095345515162498,2.1614951272977523,0.43463538827083675,2.318383019065495,0.16873746704659948,-0.37986104587252983,-1.2850997117969931,False,-0.592866410015042,-0.596402078210631,-0.5479079356619196,-0.5965539257498462,-0.6773178556527596,,,,-0.5313568503234689,0.37187262029357515,-0.08746856241460638,-0.31207100594893644,,,-0.3516649228105695,,-0.43327110685717346,,2.8466238815291485,-0.2833175881963606,-0.7619852877836876,0.816306986209069,1.3612839582163732,1.2463230322892334,1.6885343317607189,-0.3348078382428646,1.2686133719233932,-1.0277701682223672,train
2015,philadelphia,1.4423784725413562,0.381484657199772,1.3156718466427546,-0.2754948134510155,False,0.4002238537062833,2.203941663679231,0.38647429616116324,2.2970253101652647,0.43268955815926347,2.48555635522261,0.41509725918496154,2.338753025855531,-0.8330770733382554,0.8532709054984854,False,-0.592866410015042,-0.596402078210631,-0.5479079356619196,-0.5965539257498462,-0.6773178556527596,,,,-2.021102450133866,-0.4674349970260132,1.8737526499804695,-0.31207100594893644,,,-0.938268544921817,,-0.43327110685717346,,2.3382998940705066,-0.7777925065167728,-0.23884945113977402,-1.061661907674691,1.4331490714858133,1.2859343063272257,0.7682878401639044,-0.1351705787199477,1.2351749088130837,-1.1254149793371213,train
2016,philadelphia,1.48090623414695,0.03327350965434083,1.3881028684797798,-0.2812327206946076,False,-0.14765337325258623,1.5320228628711208,-0.12415833371414826,1.673475193957713,-0.2761623413299544,1.6567009318720456,-0.18514087888725242,1.6281700422972851,-0.5658611786945429,0.8931469697726121,False,-0.592866410015042,-0.596402078210631,-0.5479079356619196,-0.5965539257498462,-0.6773178556527596,,,,-0.6317983858292583,0.32366518473399924,0.03325728914570989,-0.31207100594893644,,,-0.5720507527961602,,-0.43327110685717346,,0.4263958756568126,-0.9595024195094368,0.1547390657620618,-0.5159280612736793,1.4810061705302053,1.3440308415829483,0.20198230687355703,-0.2438380845248826,1.1226277025656268,-1.1480121214633467,train
2017,philadelphia,1.4716740173947715,-0.17565317887291773,1.4046239916804362,-0.17771131084146746,False,1.6260142026377873,-0.04300502457209981,1.807442288266437,-0.11967925892955918,1.678679713917511,0.13230921653253597,1.7411193737977408,-0.003321170142147951,-0.28304146743091313,-1.2150998815766512,True,1.1052568412978583,0.393034543162104,1.2471831902046595,0.7169560835732924,1.7327351541057978,1.0763843654028342,-0.6979263452581997,-1.2132288268466442,2.0619439026274686,0.34079960338666304,-1.8507648804688805,1.2887894736976582,,,1.4836625397447276,,-0.43327110685717346,,-0.1765601976642282,-1.8663271228605598,-1.4685469646002602,0.1586411986672502,1.5200019187105056,1.4170577801299138,-0.15195865143291015,-0.24979246840460503,1.0357041114718593,-1.0744842055516486,train
2018,philadelphia,1.5189738527302141,-0.5238643264183489,1.4318234018278586,-0.2086322554319358,False,2.6755483928078903,-0.25719650595228444,2.7629830543629637,-0.32959351724998,2.569136858817229,0.04972248044135557,2.729762487882695,-0.1733535973920871,-0.7456350049852299,-1.2567930407529015,True,1.2103920435970024,1.3055526346309243,0.7142655713114628,1.433175848856144,1.087717916810005,0.5919205153376765,-0.14347653071026692,0.04001481131761611,1.0622603303487033,-0.4777323612985723,-0.03828341470370606,-0.2129575933917364,-0.04954147222504711,0.5304785072340907,0.2903811098628154,,1.5008288858233114,0.9602152811843107,1.7584223442375104,-0.8016020528998337,-1.1723205439875934,-0.6533481452736078,1.5106575606525583,1.4337148286997359,-0.3643232264167903,-0.142365459241279,1.1077951256039373,-1.1046598098612261,train
2019,philadelphia,1.5504813610737613,-0.6631487854365214,1.4828978497713525,-0.013304329681322707,False,1.6273854195092168,1.3096095891399475,1.6987197828956428,1.3418760512692036,1.5862474616127757,1.3802151454249094,1.6742787405199866,1.3520459327804926,-0.6999896795121389,-0.44136753577604737,True,2.4502469216846188,0.5647181355165365,2.708499542125888,1.4569617531046568,1.7327351541057978,1.2820823618237496,-0.22052056116552185,-1.8418210101262635,-1.117179399277092,0.08036042245984602,0.7134568854021025,0.8567691670437723,0.8907704295278046,0.060026917528599115,-0.5602313524079794,,1.6205740184808037,0.4224833561652582,2.751542128160392,-1.1087041254767587,-0.5170749758294705,0.6420971468523685,1.558531934632353,1.461138018418346,-0.7182641847232575,-0.17445297237089447,1.0475180547453589,-0.9748677916371575,val
2021,philadelphia,1.5656346763907294,0.7296958047452031,1.391930933611639,1.6363440028513951,False,0.6043370937008435,2.2089070496630505,0.6036138896901613,2.2783093451134144,0.6342250221023378,2.442449911246703,0.6273273730828617,2.3192682762795256,-0.7908255438692552,0.6457386629614437,True,2.5444101875675886,0.6654038824220072,3.059103121457959,1.5428552467255634,1.7327351541057978,1.2767819475907458,0.021605891482694418,-1.70448204869681,-2.183381426338513,0.05412028105609033,1.6678885358991746,-0.9410693227459646,0.3518380644734583,-1.6790141382643515,-0.9406747694278987,,3.8999040049498563,1.16385075149147,2.704383909706914,-1.4149074776917212,-4.414202337078198,7.5127125612050305,1.5904221563828762,1.5126326746677363,-0.8598405680458445,0.028244178867990914,1.4025801006431105,0.29361069393098504,test
2022,philadelphia,1.657396343287392,-0.6631487854365214,1.5046573778892904,-0.11180507069631977,False,1.9403201837254693,1.1089620644382725,2.0787164374793745,1.1110617984162665,1.976860499362239,1.2631920799206817,2.0424766955835665,1.1681476027164157,-0.5451610863108372,-0.7670942999282891,True,6.08346170175936,1.0979334401776313,7.064400138637847,3.5567277942600217,1.7327351541057978,1.2820823618237496,6.464385104477357,-2.1538647950653487,1.5169995117002155,0.29999973450596773,-1.2408485794105553,3.0242755755625965,0.34252484143124073,4.917178311402192,0.7247059844545839,,3.139971671445232,1.182647104785961,0.6395869876500324,-0.017966854964014536,1.2339703554577435,-4.121929927960081,1.6057595350306764,1.4209173401643846,0.5559232651800242,1.7401295442881979,1.333830801025757,-1.0526255113892131,test
2023,philadelphia,1.6823150677904253,-0.87207547396378,1.5712455634724247,-0.2992433739869938,False,1.8849281497099482,1.4454346884088507,1.968023776004831,1.4155935430614122,1.9899380764242616,1.6473699922245006,1.9895317903987944,1.50994771941653,-0.6410835653613766,-0.5872352458089106,True,2.0173150241051157,2.1403871850516887,1.3762054273518178,2.203574526334408,1.7327351541057978,1.1426395433153798,1.0641218454933785,0.175774656923518,-0.04827657120690631,-0.07509398267268684,0.1560300850221754,-4.1453225179757,0.22665492232040813,-3.9056759443885056,-0.1889103328861161,,7.170821318196173,1.1885303135094356,2.0611442405737046,-1.251571144478888,-0.1300013310783182,-1.4670495200952138,1.6986358067315295,1.5345712264426243,-0.8598405680458445,-0.07397274440057798,1.2000033045868685,-1.2030522082897468,test
2013,phoenix,0.046448593500957897,1.2868336408178929,0.3062715145050732,0.23613524910260997,False,0.001347162339435579,-0.48896773891263945,0.3021432267014715,-0.5003147497994935,-0.21933825311959498,-0.27008927957834855,0.03120335884628117,-0.41489234156291505,0.997320516555315,-0.8385778131421083,False,-0.592866410015042,-0.596402078210631,-0.5479079356619196,-0.5965539257498462,-0.6773178556527596,,,,,,,,,,,,,,,,,,,,,,-0.9590259761271456,-0.12489034373305286,train
2014,phoenix,0.07076722050157565,0.6600535752361172,0.3612747661365276,0.36396307158485536,False,-0.06588939835183683,-0.5022425038715902,0.2576781369516216,-0.6233592080750625,-0.25560619890802133,-0.32924542427855225,-0.019613278853195373,-0.4804875609544647,1.168803292621709,-1.201946781780545,False,-0.592866410015042,-0.596402078210631,-0.5479079356619196,-0.5965539257498462,-0.6773178556527596,,,,-0.04600742108701641,0.2185414593926545,-0.3204108255923899,-0.31207100594893644,,,-0.20581787974556534,,-0.43327110685717346,,0.04076366730776286,-0.7930086132046182,0.48552424876925865,0.035225389370088726,0.06812029883936953,0.3263258009145279,1.1222287984703716,0.28709447808370336,-1.0537973872038782,-0.027510302049759145,train
2015,phoenix,0.11809777755215896,0.1725579686725134,0.4290718143928808,0.5282106664326781,False,0.23004368261085006,0.06457026707307409,0.540942062584156,-0.14709876630096058,0.04484328219974031,0.2861966684234052,0.2800671463327099,0.07320925392145426,1.1495482378043822,-0.7886993916085853,False,-0.592866410015042,-0.596402078210631,-0.5479079356619196,-0.5965539257498462,-0.6773178556527596,,,,0.32769111904593917,0.009093865456498717,0.3607245166370994,-0.31207100594893644,,,0.07299227174873944,,-0.43327110685717346,,-0.010283072949464938,0.03020194370376993,0.9651609790649189,0.12994397044658004,0.09273431779833884,0.38178158456771716,0.48513507351873103,0.41974491895974264,-1.0753666031568734,0.09270877352017962,train
2016,phoenix,0.17361055140188875,-0.17565317887291773,0.5080508423765077,1.0207940646638245,False,0.02374315321899593,0.4168699642810888,0.2669540018300494,0.3063818124283572,0.20767058818074735,0.5963032821486245,0.16737605225280996,0.4442212309327534,1.1042992083894645,-0.17773873960922454,False,-0.592866410015042,-0.596402078210631,-0.5479079356619196,-0.5965539257498462,-0.6773178556527596,,,,-0.11197771433436915,-0.019449897524753117,0.5341299422765994,-0.31207100594893644,,,-0.2461070107323301,,-0.43327110685717346,,0.2907543336398749,0.26638886337700945,1.3312112082594971,1.1821520127412641,0.14063978666185828,0.4501364241255861,-0.010382268110323152,0.590189157516798,-1.0969164211345923,0.5440557545093604,train
2017,phoenix,0.24754406564999784,-0.4542220969092629,0.5757471520767595,1.078890375505194,False,0.4345466608144943,-0.34363958551019635,0.7134503075567323,-0.5274172855720585,0.4598138919425976,-0.2569706157778904,0.5473421262189991,-0.3734467152077783,0.6348356190582051,-1.2225683083303338,True,2.375186532741252,3.3790333518538467,2.0549742238610516,3.262046819904723,1.7327351541057978,0.09309014703362907,1.4636764181758872,1.0965115002663515,0.41329135060231775,-0.4852763068715649,-0.9180893238463088,2.48598187618654,,,0.11529366297488866,,-0.43327110685717346,,0.17755296359215272,0.8263416305931003,0.7607384789429904,-0.32698879167157663,0.19682685955735996,0.5297652416788835,-0.3643232264167903,1.1013564736357497,-0.9891631069968432,0.5290352506116286,train
2018,phoenix,0.32497917271936877,-0.5935065559274355,0.6514018077090348,1.2407471756681867,False,0.3421962796636041,0.22554540199333306,0.48518815042585756,0.22117629628640292,0.2705467589796803,0.45523538964171034,0.37489694370489823,0.308128052841585,0.2916956435501394,-0.506407863855272,True,2.926715141886181,2.3648706418771948,3.2442221420264152,2.7136497032751943,1.7327351541057978,0.9507615534963355,2.0667240929748587,-0.30282692232536085,-0.17568727991820024,-0.3465614182204627,0.6263959573270265,0.20786790489981544,1.0248652593666832,0.5666830415970046,-0.27756757983666525,,2.9472321460262525,-0.13119472357179968,0.5592395599981652,0.8295330133191037,0.9844040685918957,-0.06311259905932573,0.2716584247341258,0.5980185138674246,-0.6474759930619643,1.1616446104179396,-0.9001551527266635,0.6100588855410406,train
2019,phoenix,0.4068245526733861,-0.5935065559274355,0.7311867441414741,1.6017571730775206,False,-0.2408252026287764,-0.20503119898207606,-0.003993006833346224,-0.31012209102030275,-0.41418345940540735,0.06449674775347324,-0.2225590205920746,-0.14446954192263342,1.2586809465133568,-0.13396175600393323,True,3.123761908525599,1.2789391551868061,3.4461696978172762,2.1811101955644894,1.7327351541057978,1.279664234991461,1.814535712216247,-1.3940979558311934,-0.6288320434877712,1.0920760353952823,0.3249395436815618,-0.12631041341756158,0.6015750769523817,-0.07045248251643818,-0.5759430073219337,,3.5754029681886372,0.8207799105912259,0.38601352933344407,0.8557193330339355,1.040967556548803,0.39034316046298023,0.3500341156580788,0.6742956082328919,-0.7890523763845513,1.3296078556917774,-0.8116980099943886,0.8733418178024004,val
2021,phoenix,0.6148624497394494,-0.24529540838200434,0.8119790661349295,2.773884113893521,False,-0.24977160703570564,0.06430977726433747,0.010853495936687324,-0.07721330009075884,-0.49411549931759297,0.25786542354907527,-0.24692207682028428,0.08648265088026579,1.4942569055913888,-0.0204766775983656,True,2.4540511495382438,0.34342966442998213,2.935690711243304,1.3221750047905607,1.7327351541057978,1.2423442279977843,-0.7032008552911734,-2.043732071083772,0.08343754479434072,0.40092230312227706,0.23072893153079305,0.3209522186604995,0.8741636463553563,-0.6141425689973087,-0.10187542652289705,,2.272260969822844,0.4014018582394741,-0.30953238992528986,4.497013360071531,0.9760873921743596,1.9902697833081655,0.43287364989005067,0.7547369647408148,-0.7890523763845513,1.7042378414576487,-0.1921913997630597,1.8740757474828884,test
2022,phoenix,0.7249479129556027,-1.1506443920001252,0.9050614919727756,2.552576219234422,False,0.6822462785908976,0.39709392607823707,0.8918472975036049,0.262386813342283,0.6031092540935841,0.5669908629734293,0.7426920222757468,0.41615808367001944,0.4874696698703668,-0.7297605014575923,True,0.5242198314936598,0.3139064926793667,0.6160965042590472,0.32581023695142447,1.7327351541057978,0.04408377476068863,-0.7008628139045254,-0.7299535090491901,1.0632955906106387,-1.0753068444944132,-0.6237972153073665,-2.131368095870599,-0.6209502566267403,0.11916513746160609,0.7053543535196524,,3.0370560470015686,1.1444228673170582,-0.2386211467242315,1.2497053510668923,1.3070692327634577,-0.8115777473835658,0.6434385285091484,0.8361939949420198,-0.4351114180780841,2.9205861484431757,-0.062068989308792066,1.5366299811155364,test
2023,phoenix,0.7981004129343566,-1.2202866215092112,0.9812198403855588,2.378207593554152,False,-0.48059814482965735,-0.33936789315646965,-0.11927789570648704,-0.48844441963567786,-0.7780438196026382,-0.14162141685872864,-0.4660682371767419,-0.31812048042663726,1.9716355146251585,-0.9772521612459224,True,2.6513583020532656,2.3906910130967027,2.871179795292962,2.455969222412474,1.7327351541057978,1.1600455646313874,1.9218907792198303,-0.09503184825907965,-1.2806021918479769,1.6599876007463592,-0.21878004029558012,1.6932321483550934,1.2316319956469581,2.071327730586761,-0.8994087789200929,,0.8390490794750146,-0.18558947541341664,0.7554740189219985,0.1626963555979089,0.619965384795395,-0.7565428594525899,0.7548611708581792,0.9300422442012636,-1.3553579096748987,2.6909288701933245,-0.030254714433725058,1.2843767133074,test
2013,pittsburgh,-0.4745596081610505,1.1475491817997203,-0.4227734160019528,-0.8934355463234162,False,2.010345285120145,1.7945841047273297,1.9947714411863016,1.8037999335111758,1.9956778653143006,1.8605276398454176,2.0448812275047823,1.8286239129711674,-0.9564828394540966,-0.3160213287203789,False,-0.592866410015042,-0.596402078210631,-0.5479079356619196,-0.5965539257498462,-0.6773178556527596,,,,,,,,,,,,,,,,,,,,,,-0.6083611597830609,-1.1930075530459368,train
2014,pittsburgh,-0.4579760263280866,0.5904113457270306,-0.4186431352017887,-0.9224438551660205,False,0.7339555449776639,1.2125431790161514,0.7483562687176044,1.2033854498565713,0.8769289035654769,1.2830041601245927,0.8021011641704194,1.2402363735554056,-0.5304320944622578,-0.29601661420158626,False,-0.592866410015042,-0.596402078210631,-0.5479079356619196,-0.5965539257498462,-0.6773178556527596,,,,-1.3168739681122568,0.4980803863984521,0.015829020396782075,-0.31207100594893644,,,-0.7010607363376873,,-0.43327110685717346,,2.0635596604436373,-0.745432496686374,-1.640604341060365,-0.9614625962936109,-0.45921645225111846,-0.40871725091355177,0.9806524151477846,-0.8850921484605485,-0.49313777589909,-1.2502470318400596,train
2015,pittsburgh,-0.42807082610532315,0.381484657199772,-0.40967740370874933,-0.8375706438545546,False,1.4690565980926646,1.5669474144392677,1.4942352160950734,1.6120050308822085,1.6224539287558415,1.7360659127280202,1.5606166614290098,1.6472359611555762,-0.8169617790382493,-0.29129883569423765,False,-0.592866410015042,-0.596402078210631,-0.5479079356619196,-0.5965539257498462,-0.6773178556527596,,,,0.8168992030846749,-0.28439813801111086,0.0024215351260045512,-0.31207100594893644,,,0.28561305017369093,,-0.43327110685717346,,0.8151521710488044,-0.013402211705596039,-1.3000865891711995,1.047870311107925,-0.4424314340165848,-0.40455298877109624,0.41434688185743723,-0.9151948669635899,-0.2982729186417023,-1.095648703742357,train
2016,pittsburgh,-0.42647056609888184,0.451126886708858,-0.40383456745485863,-0.9061864513091763,False,1.7455470147426637,1.2955563815063773,1.7739831873795737,1.3199292452208995,1.9118530688574735,1.4335217022561937,1.8485947972045824,1.3584773111347257,-0.8184208976583618,-0.5892690584516546,False,-0.592866410015042,-0.596402078210631,-0.5479079356619196,-0.5965539257498462,-0.6773178556527596,,,,0.31521418576480414,0.02863543201976817,-0.2630525216477223,-0.31207100594893644,,,-0.027137207619518634,,-0.43327110685717346,,1.5771022984583576,-1.6057126614441288,-1.5237275937958599,-1.46645225674488,-0.4121629832016529,-0.3955134929008876,0.20198230687355703,-0.8271196054093618,-0.32632445860362946,-1.2276182366977535,train
2017,pittsburgh,-0.38253168639983476,0.10291573916342682,-0.4065545084696009,-0.9121634380212513,False,-0.6455654381550489,0.22825718224623032,-0.6414043216547529,0.2525222618870397,-0.3277774508382971,0.14156654481277972,-0.5541358096706586,0.216259117160362,0.7090443794997164,0.8586221666322624,True,0.4630930235778904,0.1765066478116723,0.5263419074410708,0.3244887907552609,0.3375591072012883,-0.16868892709834596,-0.7240344740757682,-0.7269587460156749,-2.5536085107050055,1.7075343401302114,1.268164174047717,0.683406633287182,,,-1.2477146354168889,,-0.43327110685717346,,1.8663844265604252,0.6974552837607387,-2.123097996094122,-0.5833566119974678,-0.41054328525830985,-0.3896225854798529,0.2727704985348502,-0.8983241126377096,0.07096454107610284,-1.2373324130914345,train
2018,pittsburgh,-0.35753854707568294,-0.3845798674001763,-0.3977902540887647,-0.9353541464641026,False,0.10926060687184595,1.540942321463664,0.060579719797215464,1.5609122104974784,0.05665096883712326,1.5919997080982908,0.07785693945419889,1.5715482244960148,-0.7921737261479199,0.4877514300492785,True,2.2608411589869015,2.737405791098639,1.8754651653072567,2.8960085146511774,1.6961965374809556,0.5087908548245799,1.236942071323103,0.5835494574046227,0.6820011646190932,-1.6182371881713393,-0.3269902894657268,1.3827081804908963,0.8806181773826846,1.578315697933474,0.48117029512528636,,0.7694278911124706,-0.4217570956533488,-0.5472259725100188,-0.39013772554413007,-1.320510767765356,-0.8859147263348868,-0.3660706915579853,-0.39236490445171396,-0.08117045977161697,-0.9045265958457538,0.21932694066347416,-1.2850865536747629,train
2019,pittsburgh,-0.34672928227961364,-0.4542220969092629,-0.388925261151827,-0.9395778837406357,False,1.4995450841995697,0.8511740098399013,1.5786013440094497,0.8227483119055806,1.7063165924942314,0.8557000499083253,1.6276315234296557,0.8512148618293832,-0.39453968834535297,-0.7848318134682853,True,3.074839709634477,0.7388723915488665,3.4265360465053827,1.9273937987253984,1.563464616365686,1.281842795078755,1.3415415895495655,-1.8205118654078585,1.660536416871327,0.4668762413119451,-1.1178418470408156,0.45530445352600013,0.9571256454373493,0.19534810381289205,1.0224837268218196,,2.8169969664712053,0.3302133707620631,0.08762849975586769,-1.1425757960862384,-1.3179310827155142,-0.5598205730085364,-0.3407739671519073,-0.3835285433201618,-0.5766878014006706,-0.9285922306929654,0.24457965505406018,-1.2972048420589857,val
2021,pittsburgh,-0.3622396521969948,0.6600535752361172,-0.4553119696227582,-0.8408380632571556,False,1.332647811397948,2.2787243719076464,1.3210679582074438,2.290147831710142,1.4145839368534794,2.4199587499888056,1.3852126626687262,2.338514385419927,-0.8808453010996962,0.1303338639801827,True,0.9964378151401992,0.5595478968295621,1.157428660927762,0.7618849996779911,0.6649145606026835,0.6012336725493383,-0.7150719820936178,-0.6921796519906327,2.3200745265528693,-1.2824868155863407,-0.5720972502937687,0.2874951436315309,1.4820222522131414,0.08136395410330605,2.361972247043729,,0.6525145275915719,-1.1530199969008246,-0.7772790649285173,-2.4747269882735146,-6.50856355988799,1.3935761484021565,-0.3298334050627642,-0.37459061481928146,-0.6474759930619643,-0.93297531882665,0.6324815959834554,-1.0710302438966617,test
2022,pittsburgh,-0.3556167331174353,-0.4542220969092629,-0.4382871536415939,-0.789515670689471,False,1.9989272995188447,1.5517379876982185,2.0248937514843472,1.5050552996618762,2.1118840879789347,1.451611835538928,2.0892446000764044,1.5099447410647597,-0.7059282154267206,-0.6243940030275681,True,3.29212340222435,0.49848335601317034,3.6705562911738356,1.9287152449215619,1.4143278248765458,1.2820823618237496,1.9290579894229474,-2.064643738364554,0.7588090535983419,0.2223126456360845,-0.6636541453489582,1.8521254545941561,0.883315056642014,2.0872527491381456,0.18922532632000114,,1.3768880131379488,0.43282051951554407,1.400904053746714,-1.3542342609944487,-0.6928413396047501,0.2624012925051611,-0.34553217535918546,-0.4415235112065557,0.48513507351873103,-0.8305102962297594,0.5521926721716129,-0.984107033633954,test
2023,pittsburgh,-0.32367843805713664,-0.87207547396378,-0.418542396645687,-0.7554866930087237,False,0.07500665006794527,0.9539594670934911,0.12741769578200077,0.8991439574953484,0.36556311912799444,0.7011538228695816,0.1899057571211222,0.8595337706181146,0.6218874786902264,0.22183876230822686,True,2.7392084340706857,2.0998349225302118,2.845936181966407,2.429540553054065,1.7327351541057978,1.2783091855900859,1.373299985051533,-0.5077494252956997,-2.016894263392299,1.4883008267543882,0.7404765503752725,-0.8333168698389178,0.33526124662611356,-0.2966064080772168,-0.9756645618867134,,3.9915895512879667,1.1885303135094356,2.108123914576129,-0.06973402696798606,-0.5154756618671443,-0.042073747482687524,-0.33882880942558014,-0.4243586257900924,-0.6474759930619643,-0.7772516404166863,0.6726330059527925,-0.9346001073641249,test
2013,raleigh,-0.9752744102106573,0.7993380342542892,-1.0270032754991398,-0.3461029498096623,False,-0.635479075331258,-0.4694722427478098,-0.6407955305137417,-0.41748761870285,-0.4460808526553574,-0.4825799523041475,-0.5892082271340322,-0.4482264268713353,0.1828404329273941,0.12814168068083168,False,-0.592866410015042,-0.596402078210631,-0.5479079356619196,-0.5965539257498462,-0.6773178556527596,,,,,,,,,,,,,,,,,,,,,,-0.876534985953125,1.6228928563149834,train
2014,raleigh,-0.9475777599541214,-0.03636871985474515,-1.0092732896252643,-0.3288892280788861,False,-0.27592831318583766,-1.1820900696423573,-0.20522939705325827,-1.1180077542663056,-0.006896566589044141,-1.1124184716923908,-0.1696727036554284,-1.1333726109873936,-0.04672211257315149,-1.2819156280694186,False,-0.592866410015042,-0.596402078210631,-0.5479079356619196,-0.5965539257498462,-0.6773178556527596,,,,0.4554801364224421,-0.22184300588290498,-1.2384141777774205,-0.31207100594893644,,,0.2717241357801142,,-0.43327110685717346,,-0.5824572012078657,1.6228872764447884,0.6152090265364516,-0.36681751109988503,-0.9660133051479746,-1.0179183321440095,0.6267114568413173,-0.31711008615591174,-0.6378842784836277,1.584531099687629,train
2015,raleigh,-0.911822462463783,-0.10601094936383175,-0.9930543820929123,-0.3017935549841458,False,-0.49183563098452243,-0.4219253803603872,-0.44594332790840835,-0.3958074567766618,-0.23778563345591794,-0.4042824294529891,-0.40372990230741085,-0.40040526625766076,0.20823776218118636,-0.37333483581671995,False,-0.592866410015042,-0.596402078210631,-0.5479079356619196,-0.5965539257498462,-0.6773178556527596,,,,-0.2413777604484287,0.3102069532695336,0.7951592056781165,-0.31207100594893644,,,-0.3652026179302728,,-0.43327110685717346,,-0.16102198106710103,2.3431041072552707,0.32973113669613674,-0.3047658775679666,-0.9379802309741326,-1.0000424751422488,-0.22274684309420334,-0.29924693451674433,-0.2573607749240125,1.5926476048735834,train
2016,raleigh,-0.8779725940169502,-0.4542220969092629,-0.9540685608816067,-0.1801021055262975,False,-0.773808640785863,-0.56745556943148,-0.7706105357345782,-0.4922284968580456,-0.4875666870944034,-0.546328887250282,-0.6959134454812401,-0.5272895668217015,0.25400775564365863,0.4332719241764331,False,-0.592866410015042,-0.596402078210631,-0.5479079356619196,-0.5965539257498462,-0.6773178556527596,,,,-0.30335183210614963,0.0804973193213432,0.7057223600932243,-0.31207100594893644,,,-0.44323710540872147,,-0.43327110685717346,,-0.3961390129254522,1.8655721208537648,3.364538008056857,0.28703382701628705,-0.9017906233006228,-0.9836901286804108,-0.29353503475549714,-0.27112901064027717,-0.23841510393231055,1.8041744767360084,train
2017,raleigh,-0.8524708396310241,-0.7327910149456077,-0.9302942616416373,-0.12702646352307093,False,-0.4869687621762324,0.48703933557002693,-0.4655861714113688,0.49366590907111185,-0.09343822912363474,0.3270759492331886,-0.36128853147861834,0.44398054288030697,0.6897439019284112,0.5807066701799352,True,1.250368984294517,1.608144471637598,1.1125513962893134,1.479426211157006,1.5947835537444253,0.03191078953065484,-0.07433730684796444,0.685815886989486,0.36494879061955154,0.5087158433904296,0.1275921800585306,1.4255900826408372,,,0.20449597512667717,,-0.43327110685717346,,-0.6896455909095482,0.8242877285179369,1.1067558278822907,-0.18368805454020357,-0.8675295894154534,-0.944383556750403,-0.6474759930619643,-0.14484645252449668,-0.15415281650823562,1.8514956678834817,train
2018,raleigh,-0.8213790984990478,-1.0810021624910389,-0.91115393598234,0.014030422881900586,False,-0.8607015498423899,-0.2290223671183116,-0.8388257927903634,-0.18346595000625973,-0.46466032297971954,-0.27164518161784035,-0.7423300399169628,-0.22123302201227035,0.7454567964744782,0.7919397849029535,True,0.5845906883100502,0.7311246451020772,0.33280861926141214,0.7539563225010099,0.9124820108385824,-0.7495334732591094,-0.7094495492352502,0.2527498244705704,-0.39809183256485,0.09141553464892377,0.18354686504355305,-0.9397157669661068,-0.2872803685324651,-0.35572389230898493,-0.520132025508005,,1.6661062851467667,-0.19910091239698968,-0.3535054635420704,1.241096898025648,0.42917644626618046,0.2715794512556256,-0.8417180719343794,-0.9204136575889512,-0.930628759707138,-0.08976840163706394,0.06550088160849925,2.2033757569858587,train
2019,raleigh,-0.8023848860847083,-1.0810021624910389,-0.8943305971133786,-0.19556257782153166,False,-0.5459662364517035,-0.39346445681323733,-0.5207498970687188,-0.34289113465359083,-0.3946381506524823,-0.3141591938553902,-0.4998242842262286,-0.34159491834609484,0.30053952363093195,0.2895213797634754,True,3.5234045486928847,0.9885076218429204,3.9734777599422855,2.2551106734199244,1.6454899737875137,1.2819700649120334,2.8947804174126603,-1.7366523536916953,0.2667317194234758,-0.45832220497931286,-0.44236484374239576,2.4584175098211345,1.9645418962273375,2.8025100276687005,0.10982249012886164,,0.9078092673096844,-1.066467027884283,-0.7362723640895815,0.008290090922236475,0.08669594770834493,-1.474446417493355,-0.8102486676102623,-0.901115857416596,-1.284569718013605,0.05661020207277985,0.12873241797719703,1.4498665131510513,val
2021,raleigh,-0.7476893098577218,-0.6631487854365214,-0.8831486173861048,0.4682017198434445,False,-0.5469453374008372,-0.2932053912776415,-0.5324192004976404,-0.25510281240633714,-0.13910260670876282,-0.3645103008789969,-0.4202296256832059,-0.29650099721918927,0.040705577731210855,-0.610890820727383,True,1.1337977273338207,0.37226769967993,1.3705957355014722,0.7077060874825785,0.6604405703417886,0.8812048463793343,-0.7221139400795931,-1.218000056003732,-0.4974106078453222,0.27302756130716715,0.1880501425390814,0.11030553299507542,1.7209178100695606,-0.1431933224620863,-0.5332751185029644,,1.0230363073622635,-1.173503202414052,0.06362771702929453,3.058151434986876,-0.6220361388656745,3.287813278024858,-0.7910237374994725,-0.8841541067387888,-1.284569718013605,-0.16089020908930443,0.7666418373015238,3.4511454666385903,test
2022,raleigh,-0.7124050786662075,-1.2899288510182976,-0.8254254247399082,0.5272543485587461,False,-0.555105545765304,-0.5785281834365433,-0.4958783969192357,-0.5131786358582762,-0.1698904886089269,-0.4985979721868207,-0.4207997090863194,-0.5236109300912716,0.26383807817854643,-0.5537523548830814,True,4.271231804532007,1.48753432381318,4.481152170755401,2.948865853367996,1.7327351541057978,1.2820823618237496,3.970279455270699,-1.6428667827716386,0.007565250343336052,0.2752575835560291,0.048397366569799455,2.6456614306099824,0.6591924040616992,3.6131722675988924,-0.1666531848367513,,1.5333359064006284,0.7435752605208832,-0.41271344861443515,1.1271711455519555,4.732346310813488,-0.27441625144733245,-0.7356637885110447,-0.8728801287433602,-0.8598405680458445,0.527916226108034,0.5199589121542256,3.2302632400058613,test
2023,raleigh,-0.6740104444928902,-1.3595710805273837,-0.80044226282672,0.3861177689976136,False,-0.01466477194496058,-0.6235227375454804,0.03998814719232938,-0.624152003090166,0.12219165976577709,-0.7733152222398046,0.04853472814116791,-0.6666027154706563,-0.13335623242492778,-1.2856081649576792,True,1.4407171774498932,1.116404404495862,1.362181197725954,1.3499252476275643,1.6499641076987621,0.9662959596170735,-0.20046628950980971,-0.4839130871935767,0.5085755353252582,-0.405918025009464,-0.6435940910506956,-2.98046330318298,0.08548827575706572,-2.989707445717158,0.2828105946046922,,5.10675804819921,1.1885303135094356,-0.41328611340929605,1.2253792720991086,0.7406477303514086,-0.9573989683816312,-0.6999509690546452,-0.8146820261183099,-1.4969342929974854,0.589196760203511,0.7190788177055559,2.6813348365957452,test
2013,sacramento,-0.6365108362873393,2.679678230999618,-0.6552780034843649,-0.9232407867276305,False,1.5392156784578899,1.0448600058839819,1.5875276997537517,1.0523997255327633,1.7410671740355703,1.0728293569214629,1.6561124338313944,1.0645255325081906,-0.6442725920964739,-0.7644103340636844,False,-0.592866410015042,-0.596402078210631,-0.5479079356619196,-0.5965539257498462,-0.6773178556527596,,,,,,,,,,,,,,,,,,,,,,-0.33889153222375584,-1.0960494886395988,train
2014,sacramento,-0.6143645758995614,1.565402558854238,-0.6391598345081145,-0.9256315814124605,False,1.8648213797592883,1.5956535048652285,1.9087930545215206,1.5982314070533243,2.022988194274722,1.612348871746664,1.9731288363766457,1.608038618093129,-0.7491968477087515,-0.4751421621219423,False,-0.592866410015042,-0.596402078210631,-0.5479079356619196,-0.5965539257498462,-0.6773178556527596,,,,0.3461746674603924,-0.08497875714700882,0.25198791035708584,-0.31207100594893644,,,-0.01669213549081843,,-0.43327110685717346,,1.6730304847802573,-0.17014208658300628,-0.5141266945109743,-0.5238594363773161,-0.6231348592988344,-0.6431347393230044,2.5379926316962407,-0.9160218647246624,-0.2454261730133054,-1.1145956251643796,train
2015,sacramento,-0.5795671132168325,0.6600535752361172,-0.615889228048653,-0.7642529401864337,False,-0.5427755520789803,0.7012737589883984,-0.504480623269613,0.7438842408394237,-0.2699487659229518,0.8506076341542047,-0.4522190285916352,0.7690406473078363,0.3898975412170647,0.8771765393484426,False,-0.592866410015042,-0.596402078210631,-0.5479079356619196,-0.5965539257498462,-0.6773178556527596,,,,-2.5777229391159024,1.281067562573722,1.1843418043014056,-0.31207100594893644,,,-1.227075438029418,,-0.43327110685717346,,1.991482367679525,0.6349714898248686,0.0817945908512008,2.453688236593971,-0.6007195941179018,-0.6268839602304946,1.4053815651155455,-0.9185028580078801,-0.08643395250690579,-0.76705579166613,train
2016,sacramento,-0.5619465028216739,0.1725579686725134,-0.5695494922419331,-0.6829659209022129,False,-1.368705043131573,0.5861315883675781,-1.4525115672571316,0.7113518278512254,-1.4551404395221235,0.8561219641755919,-1.4559859199479877,0.7224718836136199,-0.5463069276908172,2.018145431927783,False,-0.592866410015042,-0.596402078210631,-0.5479079356619196,-0.5965539257498462,-0.6773178556527596,,,,-1.0620390981551917,-0.9978005070579699,0.9989763754432621,-0.31207100594893644,,,-1.1413996929754553,,-0.43327110685717346,,-0.4448477025748702,-0.5622238070661815,1.9859889749701067,0.5133600632642942,-0.5654994558191829,-0.6034218979156837,0.48513507351873103,-0.751035811390686,-0.3045819254290309,-0.6406225042790279,train
2017,sacramento,-0.5369560943166457,-0.3149376378910903,-0.5539350160461904,-0.49975135488807193,False,1.0158501936218465,1.6965464856870092,1.0491616813974627,1.6851599529891845,1.167450028944939,1.7467885731122912,1.0995205657282716,1.7176680238222746,-0.36865818747472884,-0.07261396481296901,True,3.0454638267868988,0.8609178397314243,3.5219002676326254,1.8428217513006553,1.7327351541057978,1.2814235532750147,1.5240201530122286,-1.7354315845878152,2.7328436719927116,0.2253122523154146,-1.8354274191285909,3.1178679478321243,,,4.853953658256062,,-0.43327110685717346,,-1.4531597456678065,-0.12177878010877921,-0.6712487281341837,1.4425992373313012,-0.5476648125095903,-0.5567009080247183,-0.010382268110323152,-0.6666820397612845,-0.18718166977282671,-0.2682513525844347,train
2018,sacramento,-0.49751965264766723,-0.87207547396378,-0.5337873048258774,-0.6296511994305033,False,1.2930921744044823,0.9239269027830995,1.3514363229359139,0.8950017316477366,1.5879314418987387,0.7292256575583836,1.438467844193761,0.8569675482739336,-0.36697335270792275,-0.811454754373712,True,1.986289214966824,1.9076523956448332,2.1363142153624306,1.9445725992755243,1.5276718323764056,0.6364499840635319,0.5808152902820176,0.05210838697984225,0.36955727799573374,0.03208778056167303,-0.6497203029683137,-1.3105796688488982,-0.17803278626954133,-0.5852473693210657,0.018777026106828378,,3.710653357357812,1.187799067227422,1.1139183158805435,0.7172370039225611,-0.3288071349520185,-1.5144307078007395,-0.5223708520931767,-0.5409579657788496,-0.5058996097393773,-0.476555254490702,0.02840726903547702,-0.5701667247187817,train
2019,sacramento,-0.4636021964275249,-0.9417177034728663,-0.52300827932301,-0.505489262131664,False,-0.6260772871548288,1.5244472819846524,-0.6662458177893372,1.563677110564003,-0.578609655663219,1.654641677166526,-0.6380553561404196,1.583223363436029,-0.34003563304497636,1.272269651094598,True,2.7219373130322975,0.6793472700376368,3.0478840079215836,1.7212494649481946,1.193605034457784,1.2820823618237496,0.5852965362730929,-1.745192516039769,-2.2058075031832503,0.059817759228923954,1.8258249109209181,0.381441650573307,0.8551236787844907,0.12076178645699231,-1.1997575209962048,,2.5042923895159728,0.47190895713591774,1.454400379787348,0.29250341925737317,-1.0909142334311095,0.711939033183392,-0.48245538635204477,-0.5206444919132124,-1.0722051430297246,-0.61135588954553,0.2624774692745704,-0.32588504610271823,val
2021,sacramento,-0.42683649586144695,0.9386224932724617,-0.5523231991485655,-0.2661707141801784,False,0.36694558634995134,1.273916242667875,0.4247783464359148,1.2524772497668917,0.6114237953811691,1.294348137720466,0.47504181428348213,1.2781943499873902,-0.049506597273199386,0.004154127152897884,True,1.0795017659902166,0.8001762743851731,0.9077987244089636,1.0446728309853877,0.9870504784083293,0.875462730960247,-0.6374434412917008,-0.5074167672664511,-1.2354685877415288,0.23672234481911453,1.013217259471329,-0.30829537664686374,1.2439417511995416,-0.08014642284556887,-0.7178413450300486,,1.4669332266477846,-0.5185308933844016,1.6583223896679056,0.38388186823406273,-4.201793012829781,1.43831858362656,-0.4481259437226814,-0.5097767833950965,-1.1429933346910182,-0.4825096383704245,0.8764348387903921,0.2265958518905785,test
2022,sacramento,-0.408182953132779,-0.8024332444546941,-0.5100130055859082,-0.39638933134725385,False,0.6335523660721843,0.754404978059848,0.685125657162086,0.7787902806387702,0.7846271820077754,0.7924490632493537,0.7147704431267164,0.7829990651738425,-0.4159327921924521,-0.7365871102871303,True,4.9458916082208,1.8077322237045166,5.819056112461975,3.258082481316232,1.7327351541057978,1.2806449613537825,5.22770038007077,-1.6045821622603575,0.2637707580957795,-0.372131818203232,-0.6513871004828924,3.3328650683604724,0.6626384164486201,4.4868503035937435,-0.007314790440209923,,1.471494801312377,0.7372017844037857,0.4866118653892616,-0.6777489625576455,1.4310642487492766,-1.2726933282907054,-0.41091365987334055,-0.5393328878695987,0.7682878401639044,-0.23416221072033358,0.6752380358223004,-0.12082365272788075,test
2023,sacramento,-0.3893000215977271,-0.5238643264183489,-0.491980804043728,-0.30545944016755183,False,2.600831132836583,0.659873850736842,2.6534445258199395,0.6894540682165982,2.84399719028595,0.7429829698543907,2.7563347818717006,0.7058009318727111,-0.855016787618617,-0.9396683038437407,True,4.77180358304731,1.5828123694151373,5.600279210955761,3.0836526016820915,1.7327351541057978,1.281273824059393,5.175456288609602,-1.6867375185851332,2.1848806493073516,-0.4519167325349008,-0.179829614165426,-0.47618785628032034,0.33878516885830395,0.0785024273323541,1.083384957438821,,5.875170776996995,1.186934867075951,0.7274260082129613,-0.6839816298847374,-0.5543792993294582,0.15601374142816074,-0.39203353747318553,-0.4966745927517607,-1.0014169513684315,-0.3692936448795905,0.69527171122326,0.03405959561888031,test
2013,salt_lake_city,-0.8980038349934844,-0.5935065559274355,-1.0426177516948822,-0.8165316506280503,False,0.5178451911464484,0.6212907131839701,0.6379974153514693,0.5367066991985642,0.6558234057621043,0.2610364894376838,0.6155144901255046,0.4681094736013126,0.2770403064441653,-0.5509433595527342,False,-0.592866410015042,-0.596402078210631,-0.5479079356619196,-0.5965539257498462,-0.6773178556527596,,,,,,,,,,,,,,,,,,,,,,0.7473148355788857,-0.14131402711617927,train
2014,salt_lake_city,-0.8811096224852087,-1.0113599329819527,-1.0294210008455773,-0.8332672134218605,False,-0.4875640175098943,0.021730760096401062,-0.4586553515110174,0.06645773726197908,-0.7262427149172083,0.019107233243871816,-0.5669361350121616,0.01653047514257499,0.019984206534295175,0.24547766663126688,False,-0.592866410015042,-0.596402078210631,-0.5479079356619196,-0.5965539257498462,-0.6773178556527596,,,,-1.2525509669562687,-0.2520334447334775,0.6967889102563158,-0.31207100594893644,,,-0.9133211482158134,,-0.43327110685717346,,0.6277206148376602,0.03717501535531565,0.015365916088421224,-0.709644071724592,-0.8878041446013022,-1.033661274389878,-0.7890523763845513,-0.8052868645170461,0.8283969852476978,-0.24525988379251068,train
2015,salt_lake_city,-0.862484070652558,-1.1506443920001252,-1.0156198186596628,-0.7187481480185023,False,0.5730044160248723,-0.168217576077659,0.6309280822927319,-0.1940696748377734,0.4657657376093876,-0.06649011459098926,0.5702145833104304,-0.16280706762607325,-0.3413505868320767,-1.222284908207984,False,-0.592866410015042,-0.596402078210631,-0.5479079356619196,-0.5965539257498462,-0.6773178556527596,,,,1.2205985328014763,-0.366540993351796,-1.2890248759942105,-0.31207100594893644,,,1.0065122430374474,,-0.43327110685717346,,-0.5600842589393557,0.15602180084640765,0.0586690157232043,1.1478087404919053,-0.8707047225424421,-1.0203559490078857,-1.2137815263523117,-0.82265381749957,0.9259778960564674,0.14937168577194262,train
2016,salt_lake_city,-0.8355677519605967,-1.2202866215092112,-1.0032289762591704,-0.5612744714443646,False,0.29610606649077625,-0.16293305697304197,0.37316391292093076,-0.15705775040343228,0.24189837848780657,-0.044641515344370664,0.31108731968318987,-0.14023227808826566,-0.12416182844574036,-0.9720592707687524,False,-0.592866410015042,-0.596402078210631,-0.5479079356619196,-0.5965539257498462,-0.6773178556527596,,,,-0.2681073615616797,0.2687308108236059,0.217745456154075,-0.31207100594893644,,,-0.33232103664589097,,-0.43327110685717346,,0.5822155857457898,0.8917074243067621,-0.1860937707626762,1.2822630602948204,-0.8518529310363474,-1.0064412194099244,-1.3553579096748987,-0.7038142392334426,1.1830424441028768,0.6906742625615674,train
2017,salt_lake_city,-0.8045982149844023,-1.2899288510182976,-0.9865063759463105,-0.6699759364479698,False,-0.04885029195989215,0.12555968996073244,0.05533428671225483,0.06985749557120795,-0.13294093175237265,-0.03692946670378027,-0.04211731021951983,0.027429195005440044,0.3918997762124412,-0.2712607799845803,True,1.174152888304592,3.069576054315178,0.15329956070761738,2.617184894649841,1.7327351541057978,-0.9716567646337111,0.3745666393884342,2.3200551041489845,-0.3684122661086058,0.5969205477754237,0.6129226774175155,1.3537393875344077,,,-0.4140177052134597,,-0.43327110685717346,,0.32191496927894714,1.146792990564474,0.3769483551244949,-1.4222228351720443,-0.8246096669091101,-0.9939484329825575,-1.4261461013361918,-0.540399481645504,1.4253065053096352,0.2307847161439123,train
2018,salt_lake_city,-0.769056604090487,-1.4292133100364701,-0.9771376902288651,-0.5597603014773056,False,-0.28200450760947615,1.2952223037996025,-0.3004034228075261,1.3604430469899607,-0.32245531578902265,1.3271102278326634,-0.3078073353634345,1.3323392959975915,-0.5277022917698841,0.5890419678960988,True,1.4101857099175406,1.8565106348021068,1.1882816959403468,1.6974636879821126,1.7327351541057978,0.12750540724424733,0.199853713388566,0.6813364789054862,-0.27510455114675725,-0.9795695514509454,0.7528167003954864,-0.08955734816378702,1.2181835577404356,-0.012734658118287789,-0.38007988971227885,,1.5792989520616803,-1.3130133595587063,-0.03288900470533758,1.4052518207310376,-0.6734749913361541,0.6506926665603218,-0.7932639511224752,-0.9770882496740787,-1.4969342929974854,-0.6532019762558017,1.8519164899844578,0.5907217702083124,train
2019,salt_lake_city,-0.7292357996298591,-1.707782228072815,-0.9608180441404115,-0.4059525100865739,False,-0.05135536789690058,-0.31514915113504155,0.03723380013287367,-0.3000999688106725,-0.2792393920799932,-0.20825125845577974,-0.09719947958686545,-0.29267809657488003,0.031235772100593216,-1.1397154490316674,True,3.9425093199965646,1.9938346927286699,3.9286004953038365,3.468191408246788,1.7327351541057978,1.2819925242943766,2.791489089009679,-1.2572234322208429,0.23272230852256695,0.6440028238866151,-1.5179317346630141,2.07520964986756,1.262472308243645,2.048145216601802,0.02465496194609433,,1.8481316638221532,-0.09299541495342001,-0.29978209949577556,1.592277635611857,0.22901374190235715,0.8486245097723276,-0.7572906256402051,-0.9676424843265575,-1.6385106763200723,-0.5388281858994661,2.2148560717901327,1.0610090158019454,val
2021,salt_lake_city,-0.668296888181496,-1.4292133100364701,-0.9453043065007705,-0.3292876938596911,False,0.4449901975142494,0.3980535955043234,0.5148084580660265,0.36737084482641313,0.36079451463568,0.4898480136204971,0.45096906611621135,0.4069264962106424,-0.2008661149908358,-1.0340238739907128,True,0.597872203392586,1.6933400819491113,0.17293334710166897,0.8094568081750168,1.7327351541057978,-0.9469364711345896,-0.34752630934736006,1.5693633243537075,1.0443754782077626,-0.643337622669576,-1.1173885950850968,-0.0048937260908004186,0.8440484946261779,0.13083933725904048,0.8120133964096414,,0.551816279143173,-1.986840189200735,-0.5138392622892297,3.049788138689447,0.07092883428942,0.06215812822346683,-0.7169861283538078,-0.9511885704953914,-1.921663442965246,-0.3792176180124613,2.901755206243246,1.2518200333413858,test
2022,salt_lake_city,-0.6466530985124642,-1.7774244575819012,-0.9204218831436839,-0.4520151543476324,False,1.6867166006650387,0.7950977614711301,1.8020505990515037,0.6755636846417222,1.6745624266680743,0.7940808129508498,1.7594090010685308,0.7540055552768262,-0.3860571637427501,-1.0840356602876944,True,1.9563147382736386,2.493525387911619,1.3369377194815568,2.5458270546218715,1.7327351541057978,1.193427693254217,0.4682552978105397,0.19880957613899763,1.4032263975490311,-0.1731190417364721,-0.045579309087695134,0.968564522880123,2.0516870546938017,0.7251660061650174,0.7078072162394995,,0.9229364250139662,-1.285575004749507,0.46243011353390445,-0.142781043784693,1.2067973145390287,-1.277911336250942,-0.6553070079951273,-0.9355471956188508,-1.6385106763200723,-0.29966043339728066,2.800631561695707,0.7396513328596726,test
2023,salt_lake_city,-0.6205307654806955,-1.5684977690546424,-0.9036992828308242,-0.5211091207392202,False,-0.5811515331828289,0.5339719565566015,-0.39791647122863605,0.4852341351258515,-0.7102650609592736,0.20557507630233393,-0.574142050668376,0.3739468347629012,2.523326587741831,0.725024014837592,True,2.2597993707609203,1.4878305177852147,2.181191480000879,1.8798219902283726,1.7327351541057978,1.2820823618237496,0.5820121448013731,-0.8176857357933299,-2.4798495509310774,3.2250072930446243,1.584928806971812,-0.025968949485522218,0.4092516273720708,0.20217014952045143,-1.238891068817603,,2.4701525618514792,1.090127830877534,1.776794788676178,0.12643607391210365,0.10140351539014238,-0.9979393935369174,-0.6334003169124457,-0.9104600553947889,-1.9924516346265395,-0.4270180886024555,2.905805959811384,0.458167965836141,test
2013,san_antonio,-0.7094605729461642,0.6600535752361172,-0.6022895229749416,-0.7687157569314498,False,0.45613484947501437,-0.05316961310008555,0.42925356893053407,-0.0322240130736925,-0.2124432893931796,0.45352928314134533,0.23758276690229685,0.11022402357714654,-0.5979463446006638,-1.1308050157730885,False,-0.592866410015042,-0.596402078210631,-0.5479079356619196,-0.5965539257498462,-0.6773178556527596,,,,,,,,,,,,,,,,,,,,,,-1.5385902122198216,-0.7920171901826752,train
2014,san_antonio,-0.6728744237374642,-0.17565317887291773,-0.5731760802615893,-0.44452399766849837,False,-0.869695715271228,-1.1817556135916336,-0.6747385671247791,-1.2015760718382884,-1.5132021195934366,-1.0067107778476292,-1.034018874456335,-1.1404482440589638,1.4785956990688485,0.5014796653878,False,-0.592866410015042,-0.596402078210631,-0.5479079356619196,-0.5965539257498462,-0.6773178556527596,,,,-1.3476034171505205,2.3104708792490474,1.4298873960543366,-0.31207100594893644,,,-1.0831446256461401,,-0.43327110685717346,,0.24807758090784307,1.076593856298878,0.4959454600027014,3.5200700399841707,-0.6969706971989973,-0.5897103030563786,0.48513507351873103,-0.7556669988526923,-1.3810003985243926,-0.11848577530976563,train
2015,san_antonio,-0.6295670459607543,-0.8024332444546941,-0.5478907026800965,-0.6335561640823923,False,-0.9696097055280642,-1.6166320935449539,-0.9967247710390236,-1.8581225288648988,-1.7332927185637512,-1.8668084495229824,-1.25113518241845,-1.798305047394892,0.3895493932781087,0.7887390305799467,False,-0.592866410015042,-0.596402078210631,-0.5479079356619196,-0.5965539257498462,-0.6773178556527596,,,,-0.22331545183095064,-1.165634831478974,0.25022607614211456,-0.31207100594893644,,,-0.46446106436442897,,-0.43327110685717346,,-1.0292819933515782,1.4274585569163356,0.11754843408239696,-1.8827567082802086,-0.6599401456700912,-0.560357333320533,-0.3643232264167903,-0.4192443096483734,-1.1388027886608512,-0.5610894838285992,train
2016,san_antonio,-0.6225925339190286,-0.8024332444546941,-0.5117255610396346,-0.2815514933192516,False,-0.6512091989106242,-1.200446655935365,-0.6300826991583325,-1.3353993030598557,-1.4516939600281336,-1.36147507864095,-0.9213424822963767,-1.3269779479121997,0.2910313532434924,-0.06124461872812184,False,-0.592866410015042,-0.596402078210631,-0.5479079356619196,-0.5965539257498462,-0.6773178556527596,,,,0.3597967038719327,-0.07794414616941281,-0.7471987155095065,-0.31207100594893644,,,0.3699575864383193,,-0.43327110685717346,,-1.2473814245594115,-1.2174924628715516,0.9304765366116704,2.921657855477791,-0.616106724579661,-0.5348639236191584,-1.0014169513684315,-0.6154081785747855,-1.3294610652148413,0.11740517117197262,train
2017,san_antonio,-0.620462495002605,-1.0113599329819527,-0.4854327978971263,-0.25963587537497634,False,-0.5972207393419817,-1.3062054236964478,-0.6936115226612144,-1.630583496692433,-1.5894312962405817,-1.6950510461986616,-0.9690763248725499,-1.5695526931316668,-0.2117241098641993,0.22413096918017186,True,0.6035386552315543,1.3480401188085183,0.3580521650468882,0.7090274063963112,1.7327351541057978,-0.681002411269116,-0.40714636470688176,1.0197096144457694,-0.04272055748929157,-0.5218338310281169,0.24857389965836552,0.8158080129158535,,,-0.2268301388553454,,-0.43327110685717346,,-0.9160953917954864,-1.5489655914468254,0.08044411506285203,-0.3453051221685801,-0.609047494976763,-0.49840123803033964,-1.0014169513684315,-0.2501232675090341,-1.4874611083442029,0.11472383691390663,train
2018,san_antonio,-0.5822071326045922,-1.1506443920001252,-0.46407622400359444,-0.3408432015030362,False,-1.0229388148851584,-1.6405328374774304,-1.0247572317975409,-1.8413928520624547,-1.8201201676997825,-1.8642357788252721,-1.3080462047970542,-1.7974616619396548,0.5958480813386567,1.065079155763919,True,0.6089493709426977,0.4235482544619633,0.6553640770471503,0.3218458983629338,1.7327351541057978,0.5022776339450415,-0.652598959565865,-1.0144809169107076,-0.3532352336900701,0.9170258497798344,0.7358416836022774,-0.3069701977821113,1.2855216363133803,-0.06543444281665287,-0.6113193934340032,,0.9293903054680497,-0.9904007953211662,-0.9640453777405505,0.8855191309587548,-0.3357061864473155,-0.9713687690913139,-0.6068915830385248,-0.4718921546356833,-1.2137815263523117,-0.22738082907953855,-1.280678033698668,-0.08198830851300364,train
2019,san_antonio,-0.5514540130439446,-1.2899288510182976,-0.44795805502734404,0.009647299293045539,False,-0.6218299677064963,-0.8119584546123088,-0.5220300683710677,-0.87383539953319,-1.3293601429605157,-0.5820192189179394,-0.8340319489636384,-0.7668862394912352,0.7750423831697368,0.13708545513027523,True,3.850582338071551,1.5263131813092012,4.096890440321256,2.7440429657869556,1.7327351541057978,1.281940119068909,3.144032329524946,-1.4744291298397367,0.5135651388521055,0.22700942041279867,-0.8156178292767948,2.7438921596127703,0.9624175218506558,2.9458455624817828,0.64317798550175,,0.9355529118685144,0.32298400411033584,-1.3045501454479211,0.28659515290685605,-0.7499577445211167,1.8247315121963321,-0.5681715428272494,-0.45035987233810787,-1.3553579096748987,-0.3116519009328328,-1.1128766469796243,0.5725839806290977,val
2021,san_antonio,-0.5124954647215998,0.1725579686725134,-0.4471521465785316,0.51721301088246,False,-0.13528368209350705,-0.5037310981380743,-0.21514212134469937,-0.4458543806906356,-0.6808205765597237,-0.1279153529829946,-0.344583420086921,-0.3715361025470591,-0.6087222291110659,-0.4654148696871794,True,1.1009292720955695,0.9795118575843952,1.3257183357808657,0.8913859632074329,1.7327351541057978,0.20209301600613333,-0.6143970333376001,-0.20134928985336636,0.8123046361572125,-1.7466103400105546,-0.6410207896246795,0.6778521405386132,2.2227471095805553,0.1909936065527478,0.9204050345394132,,0.2999116767414744,-2.623090931487464,-1.094346015993254,0.7272154972580588,-1.874985976890211,1.9341615364841585,-0.5370448732215186,-0.43410909324559815,-1.4969342929974854,0.05206171438688075,-0.7716128381369585,1.5541655928233982,test
2022,san_antonio,-0.437172646244349,-0.87207547396378,-0.3913429864982645,0.6823372304480537,False,-0.44754834469934013,-1.3190663749614178,-0.49965782738376446,-1.5986202417136928,-1.4561644153653208,-1.6020177389400632,-0.8064074802564155,-1.550036670862072,-0.1860055369180384,-0.5970125500299706,True,1.9024970891423156,1.062847798255501,1.9455857731079447,1.1900311488687918,1.7327351541057978,1.2793348307170938,-0.28794800472688564,-1.3093127328049194,-0.48422186002250617,0.4944192913050889,-0.11713463396794073,0.44358571041404,1.2006358633597323,0.360622010536606,-0.5917633684675321,,1.495899943500662,-0.010206702365881072,-0.3367247098207588,2.788013805129572,2.104721471361297,0.08017882144138162,-0.49761310567165823,-0.43329655429097275,-0.010382268110323152,0.5787765884139966,-0.5053430716924103,1.7026544540076074,test
2023,san_antonio,-0.38728535978927636,-0.87207547396378,-0.3527601195113651,0.05666626142803605,False,-0.8132694793873579,-1.3321014590288152,-0.6975077429471772,-1.3968184981271177,-1.5555423067291507,-1.2761522359808608,-1.0357035608795082,-1.3565117494350674,0.9402762461495554,0.41532602819353287,True,1.3471161639627873,0.49305141040610834,1.5388855454367338,0.7380990954294782,1.7327351541057978,1.2662559837325493,-0.5640456420465755,-1.457092071335155,-0.23630147580812444,1.2669981487787578,0.8861605015617798,-0.835641585164593,0.3278118668053437,-0.08826444988055213,-0.43725220127293385,,2.408856236799398,1.1854806841287644,-0.8006399531595241,1.0502458285204308,0.7309638171029849,-2.4249703033362464,-0.4213753607531248,-0.3770282316831578,-1.0722051430297246,0.7501305245082318,-0.35302830553042797,0.47161150491074866,test
2013,st_louis,-0.3292083467824673,1.4957603293451514,-0.2683412094982537,-0.8149377875048304,False,1.018926541002727,0.7552910595878961,1.064560085975599,0.7507595231864718,1.2441468665193829,0.665406652044894,1.1310311687962107,0.7307770175254132,-0.511495732674961,-0.9019177404872356,False,-0.592866410015042,-0.596402078210631,-0.5479079356619196,-0.5965539257498462,-0.6773178556527596,,,,,,,,,,,,,,,,,,,,,,-0.4443547058191791,-1.1402852234061418,train
2014,st_louis,-0.31563276221417097,0.9386224932724617,-0.24648094282421404,-0.6993827110713791,False,0.0421648481542532,1.0550938313545948,0.11550556416081575,1.0043206974630667,0.4747090985196279,0.7569773293888976,0.21007657184953052,0.9462235387175773,0.7054916213269905,0.057249973604860116,False,-0.592866410015042,-0.596402078210631,-0.5479079356619196,-0.5965539257498462,-0.6773178556527596,,,,-0.9737449673251278,1.3666011667054339,0.8395267237306513,-0.31207100594893644,,,-0.6640250720280774,,-0.43327110685717346,,1.145571601949375,-1.0194838734385658,-0.5617071595883064,1.0944184667898633,-0.31209964737592255,-0.2530144737334432,1.3345933734542517,-0.803632868994901,-0.4772794617498127,-0.9611266438175488,train
2015,st_louis,-0.3061342905974395,0.10291573916342682,-0.22038965679390884,-0.6435975017586785,False,-0.6434559930207365,1.0370608237237833,-0.6434313670914108,1.093307728701301,-0.45665495690865787,1.2273621661919896,-0.5963985631437412,1.1213137657146326,0.04506623199431603,0.9816678315182698,False,-0.592866410015042,-0.596402078210631,-0.5479079356619196,-0.5965539257498462,-0.6773178556527596,,,,-0.8516874315072457,-0.6949698393957805,0.809049184966272,-0.31207100594893644,,,-0.7537513436341531,,-0.43327110685717346,,0.22044683519367572,-1.227459302817926,-0.3223864141837049,0.12214615881480162,-0.2983591637567343,-0.23097435458922685,0.7682878401639044,-0.6837181936393792,-0.5651845343091639,-0.8878845585112713,train
2016,st_louis,-0.30541130623446094,-0.24529540838200434,-0.2004434226857988,-0.6425614907285855,False,-0.46459220651770866,1.3333347814801892,-0.4715196535548332,1.3690536207343338,-0.2635224654930532,1.4229954630899877,-0.4112410473761468,1.3743705407695856,0.06390381676199938,0.9708486150826894,False,-0.592866410015042,-0.596402078210631,-0.5479079356619196,-0.5965539257498462,-0.6773178556527596,,,,0.2055872597180314,0.05092306981932586,-0.011205265607217534,-0.31207100594893644,,,0.02787880323268927,,-0.43327110685717346,,-0.5896800957413542,-1.6577794702038373,-0.7248448017406479,-0.47052074434229657,-0.2887453167065073,-0.2046684059332269,-0.08117045977161697,-0.6258283503642998,-0.6782318451496653,-0.9002631458827665,train
2017,st_louis,-0.30990350369281594,-0.8024332444546941,-0.20114859257850978,-0.6757138436915618,False,1.321454364626921,1.9110402638822708,1.3372004395085162,1.927131898935574,1.4672194582255782,2.0438225534363523,1.4040223429284997,1.9691652594314457,-0.7705981276515668,-0.16256849776580676,True,2.473716401235494,0.8988734245786528,2.8347167982657155,1.6446060947004326,1.7327351541057978,1.2792075608838154,0.4041122457208956,-1.4223290031862739,1.9435995002823951,-0.8861218277216544,-0.9957854816750022,2.5788682861778396,,,1.5620050928015705,,-0.43327110685717346,,-0.40368416917183003,-1.9110414039082098,-1.9754595002954596,-0.8058334719430309,-0.28801355044285515,-0.18455806680624595,-0.4351114180780841,-0.6247532532749055,-0.7071194511375165,-0.9528199704807321,train
2018,st_louis,-0.29524105311331894,-1.0113599329819527,-0.19601092621733007,-0.6722870379766388,False,-0.04716935209790151,1.0621991307127268,-0.042896277075897514,1.0649416987495406,0.24700867950904523,0.9060487342793372,0.049835957771831196,1.018030483020292,0.290807174482318,0.29640633567702657,True,0.8248874509977906,1.7339522974382782,0.24585886836860862,1.3287822357713786,1.7260239532389252,-0.8908778528058731,-0.16187468971710345,1.3585136878242778,-1.4356549344457532,1.195757835456258,0.4008300042027949,-1.8664605958046565,-1.3989160200329827,-0.30422677828246925,-0.8462363854005892,,3.0594540461658255,1.1853394206424663,1.4197989060236496,-0.9780784146763365,-1.6262961768491033,-0.4451741682418023,-0.2925603134408063,-0.18526903839154332,-1.0014169513684315,-0.6591563601355241,-0.6296176309524366,-0.9507253421208642,train
2019,st_louis,-0.27555526075592274,-1.1506443920001252,-0.1801949729093843,-0.694919894326363,False,0.03154019173505114,1.3287670349865404,0.02367521163677584,1.3311480633224417,0.21768960263608225,1.3215150184861906,0.09069171556332642,1.329862796500494,-0.14465042549880572,0.4684718864317921,True,3.263040453486826,1.5350913106568025,3.4349503141165854,2.467862238177946,1.5880723528775524,1.2820823618237496,2.243552389753123,-1.2144230066572133,0.05173331341000832,-0.44793461846185173,0.14919475310931993,1.9864328170207302,2.0777808597940686,1.909423375314349,-0.13442106746308874,,1.1814984512933417,-1.2233525938436058,0.05948063640938942,-0.7455531937172324,-0.9915546567522387,-0.7139484849785798,-0.27771976193518383,-0.18008910255580593,-1.2137815263523117,-0.6556002697629121,-0.5788552337374624,-0.9966904272535595,val
2021,st_louis,-0.23303913782028168,-0.3149376378910903,-0.22502363037458073,-0.5935501996895699,False,0.39236871628478903,2.1395153643608342,0.36018174564296046,2.1352365642021294,0.4662985525358458,2.28417019020159,0.4144132907602099,2.1928863864297563,-0.7374980427186641,0.49441133292449324,True,1.6798757308261372,1.4347614287805497,1.538885410354576,1.6300701865426337,1.7327351541057978,1.0138349855769226,0.24035193026443158,-0.2204627612710985,-2.293322556799247,0.15307272235503058,1.1960824920576043,-0.5990866606547636,0.6205011762878533,-0.1754269700377733,-0.9973535239143732,,2.5020603104524515,0.4994802658145742,2.594087964855905,0.31831177112224135,-4.573291567495273,0.6060597138532037,-0.2577948514418827,-0.16414302557128074,-1.3553579096748987,-0.6790870061773729,0.00927937496644458,-0.8031095973266673,test
2022,st_louis,-0.20492535494261296,-1.4292133100364701,-0.19873086723207237,-0.5294769021361253,False,-0.45626131969616024,-0.19637601363775736,-0.43105724995026456,-0.1419082648655109,-0.29078000300800183,-0.1220402340828846,-0.4034837000062972,-0.14451440334617524,0.032670502195877145,-0.16716958210512908,True,5.002440372363153,1.8175558651501056,5.746130118407483,3.3770121298412272,1.7327351541057978,1.2811390677653336,5.25429560084389,-1.597872166680481,-0.8638653675873065,0.875953223110915,-0.5819591355883591,2.8201883407123955,0.5522641379617987,3.8527214561599243,-0.7193866511196727,,2.1552986889848067,0.8907884324772056,0.4257088101581284,-0.41013466233891194,-0.33501240490737766,0.10127198675377332,-0.21476229635671462,-0.20934050492232337,-0.5058996097393773,-0.5738928909689428,0.0490666781386522,-0.7208140208601017,test
2023,st_louis,-0.1707873850782384,-1.1506443920001252,-0.18100088135819678,-0.69069615704983,False,0.18731390185830926,0.5993123348552565,0.22237298258894184,0.6235935190809978,0.4017473113995528,0.7082738124875986,0.2738093947969164,0.6514151116630776,-0.3231799478551191,-0.7916417517023909,True,3.5988562506203587,2.5973834737453623,3.9818922977178035,3.0651523549358024,1.7327351541057978,1.1637363897964592,2.9192881012334158,-0.5456390884668666,0.7303002085772899,-0.36051868248455365,-0.5494127209615861,-1.63526256381748,0.24429850574144316,-1.622115374065133,0.47621040592505404,,5.939577741703035,1.1874833017874613,-0.3958916957969557,-0.17094008867413837,-0.8755529375146792,-1.81608287301782,-0.18630702276163436,-0.182831421527667,-1.6385106763200723,-0.5074022709787087,0.18507795541429484,-0.9895287586899412,test
2013,tampa,-0.5022548930080245,1.565402558854238,-0.2948354497529652,-0.28864418421758065,False,-1.4688273934309581,-0.8504812463053499,-1.4789014426265294,-0.7625307859999756,-0.9465114571724036,-0.8184214727537147,-1.3333623623576056,-0.8017828425972078,2.02457999713797,2.039067029195354,False,-0.592866410015042,-0.596402078210631,-0.5479079356619196,-0.5965539257498462,-0.6773178556527596,,,,,,,,,,,,,,,,,,,,,,-1.6356470041962192,-0.22347747839644438,train
2014,tampa,-0.48370580411083514,0.9386224932724617,-0.2686434251665583,-0.2699959856759065,False,-1.2695560562559627,-1.5639551709700046,-1.3317525050134038,-1.4456310262938905,-0.79929917024119,-1.4378053144062424,-1.1644852480407055,-1.473090952873483,0.04456511419619216,0.536579604070565,False,-0.592866410015042,-0.596402078210631,-0.5479079356619196,-0.5965539257498462,-0.6773178556527596,,,,0.18822916203579085,-2.143999867363066,-1.3194804832123452,-0.31207100594893644,,,0.12882199003961986,,-0.43327110685717346,,-1.329980936972285,-0.6015805625416061,-0.25692044826742305,-0.3646472584682249,-0.48724814443012826,-0.27972669186675597,1.4053815651155455,-0.2574835475825799,-1.6349405331893416,-0.2244346634165765,train
2015,tampa,-0.44429189169962646,0.2422001981815994,-0.2407388451264248,-0.009638444497916667,False,-1.4993525273349775,-1.127524075731138,-1.4984013637789504,-1.029386375022572,-0.8973918015190402,-1.0775557554226711,-1.3346630434091666,-1.0701179107199237,1.8937462532505014,1.9971738228739153,False,-0.592866410015042,-0.596402078210631,-0.5479079356619196,-0.5965539257498462,-0.6773178556527596,,,,-0.17326980098337993,2.060807798746508,1.2793053995399006,-0.31207100594893644,,,-0.42391010464016665,,-0.43327110685717346,,-1.1603391310561535,0.5806520064114568,-0.18206140635007784,1.1089434616844964,-0.468473744634637,-0.2533191758414277,0.7682878401639044,-0.23813179997348188,-1.4856131051736496,0.17048200802472763,train
2016,tampa,-0.41205388924051045,-0.24529540838200434,-0.1985293901198692,0.15763749028402413,False,-1.1999983305756818,-0.14209425061806072,-1.211563088887665,-0.09166716839589889,-0.7115318329019021,-0.2518731683606884,-1.0701849392180602,-0.15337779206793511,1.5757414128840317,1.8027946801329797,False,-0.592866410015042,-0.596402078210631,-0.5479079356619196,-0.5965539257498462,-0.6773178556527596,,,,0.2901585478547507,-0.31896073955972687,-0.17219743607235527,-0.31207100594893644,,,0.29632560586695705,,-0.43327110685717346,,-1.3312875076310755,0.09253612104885064,0.6619042390770943,0.3274592572767314,-0.42858108180823634,-0.22518501453752024,0.060405923550970034,0.03204836856892471,-1.471795674515818,0.37643938661439375,train
2017,tampa,-0.39014998904995385,-0.5935065559274355,-0.16981890163092317,0.19875915886310058,False,-1.5242654827176059,-0.7810295934872519,-1.481885712925604,-0.7109361549200898,-0.7898092953585145,-0.8491129403289864,-1.3025328751030862,-0.7725741467847792,3.1709854578412813,2.0290146601496604,True,0.5113011190996413,0.37026519538295755,0.5964625827828377,0.4156680691608218,0.889365652297132,-0.1617115456503807,-0.7226149489481605,-0.2820502427419135,-0.23955535145174014,1.7819616300376246,0.1966911717593971,0.7288535317146853,,,-0.4938315972891631,,-0.43327110685717346,,-1.0656118214865256,-0.5181292520039232,-0.22069136739208758,-0.3055187313531577,-0.3959514928224839,-0.18262828678901058,-0.4351114180780841,0.20563519861805585,-1.4630317620185929,0.395914559423301,train
2018,tampa,-0.3534013561033985,-0.9417177034728663,-0.1445335240494302,0.13372954343572388,False,-1.195528126358441,-0.6311414496421099,-1.2125872044212898,-0.5503951643616122,-0.7118775389076977,-0.6090194957283035,-1.0690651795544388,-0.5880907567448019,0.9568745590272539,1.473083643672412,True,0.1821136597863358,0.9087181153420513,-0.1692558970781207,0.5478119887238061,1.152592427572047,-1.5441913393274773,-0.6142578642074424,1.9579516539982613,0.257095376531107,-2.401058716398491,-0.48929835270553185,-0.6224037180194567,-0.7684216075918927,0.19814742348012768,0.2305572889062964,,0.824335140703259,-0.41401253275747546,-1.299011850873911,0.23662095438891545,-0.4549780655819195,-0.7499016757043594,-0.3737815317242674,-0.15368158653047767,-0.7890523763845513,0.24830828308940014,-1.3322229205649236,0.25667195379780827,train
2019,tampa,-0.3132296413853853,-1.2202866215092112,-0.11219644754082793,0.6189014781438971,False,-1.011253698373441,-0.7523335291759338,-1.0350677512542532,-0.6668269582141114,-0.511280069803802,-0.7674210948347207,-0.8776353200469297,-0.7206033975669784,0.3875756697959988,0.31377709611751153,True,3.0546602937223364,1.0047753615836374,3.4153166628046914,2.02253741571945,1.634304782659746,1.2809593927065877,1.5803558169000305,-1.5853677095171899,0.21227480705301366,-0.594904602721779,-1.0184919425534291,2.3959458465702435,2.5998727121401584,1.7523711741318122,0.1036803083483802,,0.4494027191866685,-1.9484996170960573,-1.0644869914448878,0.34451465329111125,-0.0752035895206734,1.621678954398485,-0.33658652281032914,-0.1281881768291029,-1.1429933346910182,0.18082526578587893,-1.2185469330386298,0.9409846750042963,val
2021,tampa,-0.20321586217122684,-0.4542220969092629,-0.09446646166695258,0.7217853427477492,False,-1.2109349843198216,-0.5562749382290393,-1.2079671238332343,-0.4900210422245785,-0.5511616679968816,-0.6031195912285704,-1.020170324166151,-0.5423479272259178,1.4895614506908812,1.2806049488107616,True,0.8597012138724821,0.9554257998001254,0.7282896658551689,0.9217790984367634,1.036265664131355,-0.36233372166172473,-0.706833169588287,0.3150323175676991,-0.024840735426459766,1.391262591479198,0.6418723184601977,0.18087644076558962,1.0159655578108961,0.0009716404005472765,-0.2073419921019414,,0.6255893073771804,-1.5763284980184005,-0.9842664185233678,3.686472555910572,-0.9364739569264616,-0.15017588985447894,-0.29592685285205533,-0.09558505127475542,-1.4261461013361918,0.6843015027268557,-0.5569413856257682,1.0611211911352265,test
2022,tampa,-0.12574935068193427,-1.4292133100364701,-0.0082342576440128,1.1311690859468106,False,-0.9580565004101906,0.005768428897275086,-0.880818186072227,-0.017659790337779722,-0.27982054347762253,-0.27564908092536,-0.7303553261244262,-0.09601175861803332,2.0313805521013255,0.9268549137367778,True,3.959379583831721,0.804066169522347,4.397007333328848,2.413683453264964,1.6879941022940204,1.2820823618237496,4.116017368371752,-1.9874043851389676,0.31717264082755275,0.6252046364409208,-0.31197449080368916,2.610068242922807,1.654670469330389,3.710360499305065,0.2282558596726684,,1.221150048118874,-0.6366936448643578,-1.0153707355115213,1.7559673336407173,2.8584999252716123,0.7661010151572818,-0.18457676523171498,-0.07770919427299484,-0.6474759930619643,0.7910669136813238,-0.5068480790854936,1.479476859381449,test
2023,tampa,-0.05957477626881071,-1.3595710805273837,0.03860917094321493,0.7660150444171047,False,-1.3027527577112423,-0.2465799855774782,-1.2684824258110472,-0.1944373399313429,-0.8203433550978513,-0.33518166856720616,-1.1616228720007076,-0.2505729514495827,3.337615406634922,1.8417038498720315,True,1.229024684202045,1.2795187631879195,0.9190181081096547,1.2904604233650667,1.7327351541057978,0.7132760445989604,-0.26914625524259206,-0.06771108313712436,-0.45164262900435703,1.4646030898926825,0.8006567132700602,-2.8860403870567133,-0.11705934274861389,-3.149444920210117,-0.6533772874304348,,4.7515698265507,1.1885303135094356,-0.7242434276566512,1.0785706870195044,0.5299793733334086,-1.4021627508492598,-0.10616928842662128,0.009232473871932224,-1.6385106763200723,1.2158956635443,-0.33042337144617795,0.8846535426285929,test
